Energy_DPMD (eV),x,y,z
-45580.606,3.4,8.4,9.6
-45580.31812,3.8,8.5,9.7
-45580.1239,4.1,8.7,9.6
-45579.99539,4.2,5.3,9.6
-45580.6057,4.6,5.2,9.7
-45580.01625,4.7,8.7,9.2
-45582.50182,5.0,5.0,9.2
-45580.04381,5.8,6.2,10.5
-45583.4045,5.9,5.1,9.6
-45580.20722,6.3,11.7,9.6
-45580.1006,6.4,6.1,10.5
-45583.38865,6.5,5.2,9.6
-45579.92706,6.8,6.0,8.8
-45582.02503,7.4,4.8,9.6
-45580.12359,7.5,13.2,8.8
-45580.48449,9.1,9.9,9.6
-45580.05873,3.2,7.7,10.1
-45580.14317,3.4,9.2,10.1
-45580.0657,5.1,6.3,10.1
-45582.68828,5.5,5.0,9.7
-45580.97473,6.4,12.8,8.8
-45580.02463,6.7,11.6,9.7
-45580.05003,6.8,8.6,9.2
-45582.635,6.9,5.3,9.7
-45580.23304,7.3,7.0,8.8
-45579.9567,8.2,8.9,10.1
-45580.24776,8.9,9.6,8.8
-45579.97627,9.1,7.1,10.1
-45579.932,3.5,10.1,9.2
-45580.35092,5.2,12.6,8.8
-45579.91219,6.5,12.4,10.1
-45582.32128,7.3,5.6,9.2
-45580.81399,7.8,4.9,9.7
-45580.04038,9.0,8.2,9.2
-45580.80093,5.7,12.7,8.7
-45579.91704,6.0,9.0,8.7
-45580.10576,6.2,11.7,9.8
-45581.3304,7.5,4.8,9.8
-45581.31551,7.6,5.7,9.1
-45579.91931,3.7,7.6,10.2
-45579.96879,3.9,9.3,10.2
-45580.20435,4.0,8.7,9.8
-45579.99459,4.3,5.3,9.8
-45582.7727,5.8,5.1,9.8
-45580.12006,6.0,11.6,9.1
-45582.894,6.4,5.2,9.8
-45580.12655,6.5,8.7,9.1
-45580.72751,6.9,12.9,8.7
-45580.07523,7.0,8.4,9.1
-45580.03314,8.7,8.8,10.2
-45580.34259,9.0,9.9,9.8
-45580.6366,9.1,9.4,8.7
-45580.45986,3.5,8.4,9.8
-45580.04051,4.1,5.2,9.1
-45580.17155,4.2,8.6,9.1
-45582.98777,5.4,5.0,9.5
-45579.91552,5.5,6.3,10.6
-45579.91071,6.3,7.4,10.6
-45580.13511,6.6,11.6,9.5
-45583.24348,6.8,5.3,9.5
-45580.8675,7.9,4.9,9.5
-45580.11782,3.9,8.5,9.5
-45581.12679,4.7,5.2,9.5
-45580.88603,5.9,12.9,8.9
-45580.16269,6.5,11.5,9.3
-45580.89577,6.7,12.7,8.9
-45579.94311,6.9,6.0,10.6
-45580.47595,7.8,5.8,8.9
-45580.12277,7.9,5.5,10.0
-45580.15826,8.7,8.2,10.0
-45580.89418,3.2,8.6,9.3
-45580.40957,4.7,5.0,10.0
-45579.93029,5.0,6.1,10.4
-45582.55709,5.1,5.2,9.3
-45579.95351,5.4,5.1,10.7
-45581.55838,5.4,5.2,10.0
-45580.44578,5.5,6.1,8.9
-45580.00296,5.5,8.7,9.3
-45579.94157,6.1,6.9,10.4
-45580.06531,6.2,8.5,10.0
-45581.98678,6.8,5.1,10.0
-45580.06751,6.8,5.2,10.7
-45580.00041,6.9,6.2,8.9
-45580.25087,7.4,13.0,8.9
-45580.19995,3.4,7.8,9.9
-45580.55694,3.7,8.7,9.4
-45580.40001,5.8,6.0,9.0
-45580.04037,5.8,8.6,9.4
-45579.97621,5.9,5.0,10.8
-45582.40123,5.9,5.3,9.9
-45582.64232,6.5,5.0,9.9
-45579.93888,6.5,5.3,10.8
-45579.9577,6.7,8.4,9.9
-45580.19288,8.7,9.9,9.4
-45580.874,9.0,8.8,9.0
-45580.04392,9.1,10.5,9.9
-45579.93543,3.8,9.1,10.3
-45580.03964,5.0,12.4,9.0
-45580.54752,5.4,12.8,9.0
-45579.91713,5.7,11.6,9.9
-45580.06197,6.1,9.2,9.0
-45581.00486,6.2,12.6,9.0
-45581.12916,7.4,5.4,9.9
-45581.15036,7.5,5.9,9.0
-45579.92846,8.1,5.7,9.9
-45579.94,8.3,5.6,9.4
-45580.33537,3.2,9.6,9.9
-45580.46065,3.9,8.9,9.4
-45579.95615,4.5,9.4,9.4
-45579.97704,4.8,5.6,10.3
-45579.94785,5.0,13.0,9.4
-45580.22815,5.4,12.2,9.4
-45580.06677,5.6,8.8,9.4
-45580.00429,6.2,9.5,9.4
-45580.572,6.5,6.5,9.9
-45580.39988,6.8,12.1,9.4
-45580.38425,7.4,6.1,9.9
-45582.4824,7.5,5.2,9.0
-45580.15861,8.3,8.5,9.0
-45580.05744,3.4,7.3,9.9
-45580.54979,4.3,4.9,9.0
-45583.1249,5.5,5.4,8.9
-45582.93708,5.8,5.5,9.0
-45581.76357,5.9,5.8,9.9
-45581.04991,6.0,5.7,8.9
-45583.93372,6.4,4.8,9.0
-45580.70856,6.7,5.7,10.3
-45579.91148,7.3,9.1,9.4
-45580.54357,8.7,9.2,9.4
-45580.36161,9.1,9.0,9.9
-45581.41468,4.6,4.8,8.9
-45580.06664,5.0,5.4,10.4
-45581.28745,5.1,5.9,9.3
-45580.89543,5.4,5.9,10.0
-45580.14476,5.7,6.6,9.3
-45580.68691,5.9,12.3,9.3
-45579.92383,6.1,8.2,10.4
-45580.6522,6.2,5.6,10.4
-45579.9393,6.2,7.0,10.0
-45579.97328,6.7,9.4,9.3
-45580.43589,6.8,6.4,10.0
-45583.76882,6.9,4.9,8.9
-45580.04667,7.4,12.4,9.3
-45580.17355,8.2,9.3,9.3
-45579.98347,8.4,5.0,8.9
-45580.86776,3.4,8.8,9.3
-45580.12469,3.7,9.7,10.0
-45579.93332,5.3,8.9,9.3
-45580.56893,6.5,12.0,9.3
-45581.48663,7.8,5.3,8.9
-45579.94654,7.9,6.0,10.0
-45580.15851,8.6,8.4,8.9
-45580.54005,5.2,5.6,10.2
-45580.75415,5.8,6.4,9.8
-45583.41529,5.9,4.9,8.7
-45581.91918,6.4,5.9,9.8
-45582.07156,6.5,5.4,8.7
-45581.12594,7.0,5.7,8.7
-45580.54027,8.6,9.0,9.1
-45580.41003,9.0,9.2,9.8
-45580.44875,3.8,9.5,9.1
-45580.06819,4.4,8.8,9.1
-45580.18835,5.1,13.2,9.1
-45580.27281,5.5,12.0,9.1
-45579.91309,5.7,9.4,9.1
-45580.11805,6.1,8.8,9.8
-45580.21963,6.3,8.9,9.1
-45580.01442,6.8,13.1,9.8
-45580.61333,6.9,12.3,9.1
-45582.79124,7.4,5.0,8.7
-45580.07166,8.9,8.6,10.2
-45579.95148,4.3,9.6,9.5
-45580.26333,4.7,5.9,9.5
-45580.30546,5.4,6.5,9.5
-45580.2518,5.5,4.8,10.6
-45580.09922,5.5,13.2,9.6
-45580.19443,6.0,8.8,9.6
-45580.27128,6.1,6.6,9.5
-45580.42021,6.4,13.0,9.5
-45582.37361,6.8,5.8,9.5
-45580.10056,6.9,5.5,10.6
-45580.15449,6.9,13.1,9.6
-45580.04169,7.4,6.3,9.6
-45579.98112,7.5,5.0,10.5
-45580.01317,8.0,9.0,9.5
-45580.80235,3.5,9.4,9.2
-45580.03845,4.2,9.6,9.7
-45580.66664,5.8,4.9,10.5
-45580.83553,5.9,6.4,9.6
-45580.53497,6.4,5.4,10.5
-45582.22776,6.5,5.9,9.6
-45580.21753,6.5,13.0,9.7
-45580.07923,7.1,5.7,10.5
-45580.06466,7.2,12.6,9.6
-45580.63146,9.1,9.2,9.6
-45580.05532,3.4,9.9,10.1
-45581.41583,4.7,5.4,8.8
-45580.9305,5.1,4.8,10.1
-45580.19376,5.5,6.5,9.7
-45580.61241,5.8,12.1,9.2
-45580.4617,6.0,6.6,9.7
-45580.78227,6.4,12.2,9.2
-45580.21531,6.6,8.8,9.2
-45581.94831,6.9,5.8,9.7
-45581.23664,7.9,5.1,8.8
-45580.03329,8.4,8.7,10.1
-45580.19515,9.1,8.4,10.1
-45580.03482,3.2,6.4,9.7
-45580.48937,3.5,9.9,9.5
-45580.14448,4.6,5.9,9.7
-45583.40895,5.4,4.8,8.8
-45582.5295,5.6,5.7,9.5
-45581.19578,5.7,5.7,10.1
-45579.92425,6.0,8.0,10.1
-45582.32647,6.8,5.5,8.8
-45580.01016,8.1,9.0,9.7
-45580.28498,8.3,9.1,9.2
-45580.24788,8.5,8.7,9.5
-45580.56235,9.0,8.4,9.5
-45580.17733,3.9,9.8,9.8
-45582.04263,5.0,4.8,9.5
-45580.18794,5.1,13.2,8.7
-45579.91414,6.1,8.8,10.2
-45579.98829,6.3,8.9,8.7
-45580.38487,6.9,12.3,8.7
-45582.79896,7.4,5.0,9.1
-45580.15992,7.4,7.6,8.7
-45580.43171,8.9,8.6,9.8
-45581.42712,5.2,5.6,9.8
-45579.98124,5.3,8.3,9.1
-45584.11831,5.9,4.9,9.1
-45583.51393,6.5,5.4,9.1
-45582.4424,7.0,5.7,9.1
-45579.97718,7.5,6.3,10.2
-45580.07258,8.6,9.0,8.7
-45580.04885,9.0,9.2,10.2
-45579.92776,3.4,8.2,9.1
-45580.04542,4.2,5.5,9.1
-45580.1278,5.5,6.5,10.1
-45580.25736,5.8,6.4,10.2
-45580.25585,6.0,6.6,10.1
-45580.86604,6.4,5.9,10.2
-45580.08072,8.7,10.3,9.8
-45579.92793,9.1,10.1,9.1
-45579.99511,3.9,8.3,9.2
-45579.94878,4.6,5.9,10.1
-45581.38131,4.7,5.4,9.2
-45581.86719,5.1,4.8,9.7
-45583.48282,5.4,4.8,9.2
-45582.27477,5.7,5.7,9.7
-45583.21839,6.8,5.5,9.2
-45580.96721,6.9,5.8,10.1
-45580.43115,3.4,9.9,9.7
-45580.69238,3.5,9.4,8.8
-45580.27314,6.4,12.2,8.8
-45579.91138,8.1,9.0,10.1
-45580.14545,8.4,8.7,9.7
-45582.06334,5.3,5.6,9.6
-45580.23162,5.8,12.1,8.8
-45579.95722,6.6,6.6,10.5
-45580.03608,6.6,8.8,8.8
-45580.07688,7.3,8.5,9.2
-45581.18649,7.9,5.1,9.2
-45580.55656,9.1,8.4,9.7
-45580.34076,3.8,9.8,9.6
-45580.36376,4.3,4.9,9.4
-45580.53469,4.8,5.6,9.9
-45583.24629,5.8,5.5,9.4
-45580.66977,5.9,5.8,10.3
-45583.96647,6.4,4.8,9.4
-45580.14144,6.5,6.5,10.3
-45581.82035,6.7,5.7,9.9
-45579.97257,7.0,6.6,10.3
-45580.05599,8.6,10.1,9.9
-45580.62327,8.7,9.2,9.0
-45580.48762,8.8,8.6,9.6
-45580.02421,9.0,10.3,9.4
-45580.0035,9.1,9.0,10.3
-45579.95453,3.2,9.6,10.3
-45579.98547,3.8,10.4,9.9
-45580.40566,3.9,8.9,9.0
-45580.13868,5.0,13.0,9.0
-45580.41894,5.4,12.2,9.0
-45580.08036,5.6,8.8,9.0
-45580.5936,6.8,12.1,9.0
-45580.01909,7.4,6.1,10.3
-45582.03745,7.5,5.2,9.4
-45579.95444,3.5,10.5,10.0
-45580.72395,5.9,12.3,8.9
-45580.2764,6.5,12.0,8.9
-45581.2608,7.8,5.3,9.3
-45579.97382,8.4,5.0,9.3
-45580.07621,8.6,8.4,9.3
-45580.12157,9.0,7.8,10.0
-45580.87189,3.4,8.8,8.9
-45581.40249,5.1,5.9,8.9
-45583.18362,5.5,5.4,9.3
-45579.98603,6.1,8.2,10.0
-45581.8535,6.2,5.6,10.0
-45583.66935,6.9,4.9,9.3
-45580.15941,7.4,12.4,8.9
-45579.98729,4.5,5.7,10.0
-45581.19718,4.6,4.8,9.3
-45580.80022,5.0,5.4,10.0
-45580.15943,5.4,5.9,10.4
-45579.92006,5.6,5.6,10.7
-45582.80864,6.0,5.7,9.3
-45579.92548,6.2,7.0,10.4
-45580.04907,6.8,6.4,10.4
-45580.23798,5.0,6.1,10.0
-45580.52088,5.4,5.2,10.4
-45581.32374,5.5,6.1,9.3
-45579.95458,5.5,8.7,8.9
-45580.78615,6.8,5.1,10.4
-45579.99943,8.1,9.4,9.3
-45579.97402,8.3,9.5,10.0
-45580.63918,3.2,8.6,8.9
-45582.86061,5.1,5.2,8.9
-45580.03553,6.1,6.9,10.0
-45579.98229,6.4,11.8,10.0
-45580.61573,6.7,12.7,9.3
-45581.07835,6.9,6.2,9.3
-45580.06593,7.4,13.0,9.3
-45580.23843,3.5,9.0,10.0
-45579.92488,4.4,9.2,9.9
-45579.93514,5.0,12.4,9.4
-45580.27331,5.4,12.8,9.4
-45579.97212,5.8,12.5,10.0
-45580.60646,5.9,12.9,9.3
-45580.0538,7.0,9.0,9.3
-45580.44937,7.8,5.8,9.3
-45580.0117,9.0,7.3,10.0
-45580.22525,3.8,9.1,9.9
-45579.9668,5.5,12.4,9.9
-45579.95116,5.7,9.0,9.9
-45581.89599,5.8,6.0,9.4
-45580.09206,6.0,12.7,9.9
-45580.14113,6.1,9.2,9.4
-45580.65397,6.2,12.6,9.4
-45579.92279,6.3,9.3,9.9
-45579.95304,6.9,11.9,9.9
-45580.30418,7.4,5.4,10.3
-45580.92226,7.5,5.9,9.4
-45580.50959,3.7,8.7,9.0
-45580.03804,5.8,8.6,9.0
-45581.09549,5.9,5.3,10.3
-45580.88236,6.4,6.3,9.4
-45580.78366,6.4,12.8,9.2
-45581.29074,6.5,5.0,10.3
-45579.93179,6.7,8.4,10.3
-45580.17367,8.6,9.4,9.9
-45580.75932,9.0,8.8,9.4
-45580.51765,3.4,9.2,9.7
-45580.11315,3.8,8.5,10.1
-45580.1019,4.6,5.2,10.1
-45582.68236,5.0,5.0,8.8
-45580.23092,5.2,12.6,9.2
-45580.8002,5.4,6.3,9.2
-45580.18161,5.9,11.9,9.7
-45580.31315,6.5,12.4,9.7
-45580.01317,6.7,9.0,9.7
-45581.42961,6.8,6.0,9.2
-45580.09674,7.0,12.7,9.7
-45579.9426,7.1,9.2,9.2
-45582.07694,7.3,5.6,8.8
-45580.04864,7.5,13.2,9.2
-45580.2331,7.8,4.9,10.1
-45579.99751,8.6,8.0,10.1
-45580.15706,3.2,7.7,9.7
-45580.3844,3.8,9.3,9.6
-45580.03496,4.4,9.0,9.6
-45579.94083,4.7,6.1,9.2
-45580.01359,5.1,6.3,9.7
-45581.5005,5.5,5.0,10.1
-45579.96625,5.7,8.4,10.1
-45581.43331,6.9,5.3,10.1
-45580.01859,8.0,8.8,9.2
-45580.06452,8.2,8.9,9.7
-45580.63832,8.9,9.6,9.2
-45580.05346,5.0,6.3,9.5
-45580.02615,5.5,11.8,9.6
-45579.96885,5.7,9.2,9.6
-45580.13695,6.3,9.1,9.6
-45580.25432,6.9,12.5,9.6
-45580.18882,8.3,8.9,9.5
-45580.38568,8.6,8.8,9.6
-45580.64792,3.5,9.2,9.5
-45579.93029,5.1,5.0,10.6
-45580.28917,5.8,11.9,9.5
-45581.54434,6.4,5.2,10.2
-45580.53595,6.4,12.4,9.5
-45580.15413,6.6,9.0,9.5
-45580.18929,7.1,12.7,9.5
-45579.91261,7.2,5.6,10.6
-45580.32293,8.7,8.8,9.8
-45581.46143,5.8,5.1,10.2
-45579.94677,5.9,6.2,9.1
-45580.20399,6.5,6.1,9.1
-45579.9611,6.5,8.7,8.7
-45580.90265,9.1,9.4,9.1
-45580.07157,3.5,8.4,10.2
-45579.99226,4.0,8.7,10.2
-45579.92019,4.5,9.0,9.8
-45580.74426,5.7,12.7,9.1
-45580.20087,6.0,9.0,9.1
-45580.03719,6.2,9.1,9.8
-45580.12783,6.8,12.5,9.8
-45580.5276,7.5,4.8,10.2
-45581.15827,7.6,5.7,8.7
-45579.91196,8.3,8.1,10.2
-45579.94846,9.0,9.9,10.2
-45580.22261,3.9,9.3,9.8
-45581.4573,5.3,5.5,9.9
-45582.89227,6.4,5.7,9.4
-45579.9265,6.5,8.2,9.9
-45582.52641,6.7,4.8,9.9
-45580.61311,6.9,12.9,9.1
-45582.83367,7.1,5.4,9.4
-45579.92829,7.4,6.5,9.1
-45579.93153,3.3,10.4,9.4
-45580.20141,3.6,8.0,9.9
-45580.12986,4.3,5.6,9.4
-45580.75521,4.8,4.9,9.9
-45581.78526,5.2,5.8,9.0
-45580.03127,5.9,6.7,10.3
-45580.3675,7.0,5.9,10.3
-45580.32045,7.3,12.9,9.0
-45580.6521,5.6,13.0,9.0
-45580.47144,6.1,12.0,9.0
-45580.83552,7.6,5.2,9.9
-45580.74001,8.0,5.0,9.4
-45580.31298,8.8,8.5,9.9
-45580.03873,3.2,8.9,10.3
-45580.4775,3.4,9.7,8.9
-45580.44216,5.3,13.1,8.9
-45580.1807,7.7,6.1,9.0
-45579.98737,4.0,9.9,10.0
-45580.63569,6.7,13.2,8.9
-45580.45957,7.0,12.2,8.9
-45581.15007,7.2,6.0,8.9
-45579.95826,7.2,8.6,9.3
-45581.1306,7.3,5.3,10.0
-45580.11221,8.5,8.4,10.0
-45580.28023,9.0,8.7,10.0
-45580.25179,3.3,8.1,10.0
-45580.10958,4.5,4.8,10.0
-45580.55929,4.6,5.7,9.3
-45579.93545,5.4,6.6,10.4
-45580.55496,5.7,5.9,8.9
-45580.07149,6.1,6.5,10.4
-45580.11366,6.2,5.4,10.7
-45580.01476,7.6,12.8,8.9
-45579.99301,8.8,10.0,9.3
-45579.93878,9.2,9.1,10.4
-45580.08727,5.6,4.9,10.7
-45581.69728,5.6,5.4,10.0
-45584.05299,6.0,4.8,9.3
-45582.41842,6.2,4.9,10.0
-45582.89583,6.9,5.6,9.3
-45582.4305,7.3,5.1,9.5
-45580.67791,3.2,9.8,9.1
-45580.63128,3.3,8.3,9.5
-45580.04403,3.3,9.5,10.2
-45580.55984,4.5,5.4,9.5
-45581.45403,5.0,5.7,9.5
-45583.37393,5.6,4.8,9.5
-45579.91409,5.7,6.5,10.6
-45580.56078,5.7,13.2,8.7
-45583.294,6.2,5.5,9.5
-45580.10262,6.3,5.8,10.6
-45580.74741,6.3,13.1,8.7
-45580.22172,7.4,6.9,8.7
-45580.85322,7.7,5.0,9.8
-45580.15551,8.2,8.6,9.1
-45580.10522,8.9,7.9,9.8
-45580.51252,9.2,8.5,9.8
-45579.91237,6.0,12.2,8.7
-45580.65532,8.1,5.2,9.1
-45580.23839,3.7,8.2,9.8
-45580.79074,4.8,5.8,8.7
-45580.93503,4.9,5.5,9.8
-45580.18496,6.4,6.6,10.2
-45582.59727,6.6,5.4,9.8
-45583.65789,7.0,4.8,9.1
-45580.02276,7.1,6.5,10.2
-45579.98373,8.5,9.0,10.2
-45581.8348,5.2,4.9,9.8
-45582.46936,5.4,5.7,9.2
-45583.03412,5.7,4.8,9.7
-45582.75024,5.9,5.6,9.1
-45583.63417,6.1,5.4,9.2
-45582.89659,6.3,5.5,9.7
-45580.11276,7.5,12.7,8.8
-45580.10762,8.8,9.1,10.1
-45580.3874,9.2,10.0,9.2
-45580.56088,3.2,8.3,9.7
-45580.05565,3.4,10.6,9.7
-45580.19378,4.4,5.4,9.7
-45581.34098,5.1,5.7,9.7
-45581.10889,6.0,5.9,10.1
-45579.9567,6.9,6.7,10.1
-45582.19281,7.2,5.1,9.7
-45580.08959,3.6,9.4,10.1
-45579.93139,3.7,9.9,9.2
-45579.9834,4.2,8.9,10.1
-45580.06193,4.9,13.1,8.8
-45579.9569,6.5,8.8,10.1
-45579.9129,7.1,12.0,8.8
-45580.31927,7.3,6.2,8.8
-45580.45534,8.7,8.7,9.2
-45580.24221,3.6,8.2,9.6
-45580.088,4.0,8.8,8.8
-45581.04009,4.8,5.5,9.6
-45582.56954,5.3,4.9,9.6
-45579.91178,6.4,7.3,10.5
-45580.17724,6.6,5.9,10.5
-45580.83798,6.6,13.0,8.8
-45583.03881,6.7,5.4,9.6
-45580.09007,8.2,5.3,9.6
-45579.97121,3.6,10.1,10.1
-45580.04237,5.8,9.3,9.2
-45580.27943,5.9,12.6,9.7
-45580.22388,6.4,9.0,9.2
-45580.79107,6.6,12.4,9.2
-45579.98941,7.0,11.8,9.7
-45583.096,7.3,4.9,8.8
-45581.4703,7.6,5.0,9.6
-45580.09376,7.8,5.6,10.1
-45580.70004,3.7,9.2,9.2
-45580.16547,4.1,9.0,9.7
-45580.184,4.3,9.1,9.2
-45580.21401,6.7,12.8,9.7
-45580.07176,7.2,6.4,9.7
-45579.97272,8.2,9.6,9.7
-45580.02964,3.2,6.8,9.7
-45579.94066,4.4,8.7,10.1
-45583.70634,5.6,5.0,8.8
-45581.85449,6.0,5.2,10.1
-45580.72212,6.1,6.1,9.2
-45580.02175,6.1,8.7,8.8
-45583.04015,6.2,5.3,8.8
-45580.01583,6.3,8.6,10.1
-45580.81194,8.9,8.9,9.2
-45580.37691,3.3,8.5,8.8
-45580.96754,4.5,5.2,8.8
-45580.1861,5.5,12.7,9.6
-45580.93719,5.7,6.3,9.7
-45580.41342,6.0,12.4,9.6
-45581.90789,6.3,6.0,9.7
-45580.36269,6.3,12.9,9.6
-45580.88653,9.2,9.5,9.2
-45579.96143,3.4,6.3,9.6
-45580.20326,4.8,6.0,9.6
-45580.17181,5.2,5.1,10.5
-45580.65633,5.3,6.2,9.6
-45580.86332,5.6,6.3,9.5
-45579.95727,5.9,6.8,9.6
-45582.03368,6.2,6.0,9.5
-45579.91863,6.4,7.8,10.5
-45580.59224,6.6,5.2,10.5
-45581.60464,6.7,6.1,9.6
-45580.30618,8.6,9.7,9.6
-45580.35617,4.0,9.0,9.5
-45580.34691,5.7,5.0,10.6
-45580.44698,5.8,12.6,9.5
-45580.36696,6.3,5.3,10.6
-45580.44271,6.6,12.8,9.5
-45579.98952,7.1,11.8,9.5
-45580.07566,7.2,4.9,10.6
-45580.1879,7.3,6.4,9.5
-45580.07425,8.3,9.6,9.5
-45580.09071,3.6,8.4,8.7
-45581.78405,4.8,5.3,8.7
-45580.39202,4.9,6.0,9.8
-45580.39448,5.2,6.2,9.8
-45581.42698,6.6,6.1,9.8
-45583.29811,6.7,5.2,8.7
-45580.56299,7.0,6.3,9.1
-45581.05246,7.1,5.0,10.2
-45580.09558,7.2,12.1,9.1
-45580.24002,8.4,8.8,9.1
-45580.25892,8.7,9.7,9.8
-45579.92937,3.5,6.3,9.8
-45580.18453,5.1,12.7,9.1
-45583.21614,5.3,5.1,8.7
-45580.85394,6.0,12.8,9.1
-45580.16977,6.2,12.9,9.8
-45579.93118,6.6,8.7,10.2
-45580.99255,3.2,9.3,9.1
-45579.94155,3.3,10.0,10.2
-45579.96685,5.4,12.7,9.8
-45579.97717,5.5,9.2,9.1
-45580.81217,5.6,6.1,10.0
-45580.13525,5.7,11.8,9.1
-45580.45611,6.0,6.3,9.3
-45580.22789,6.1,12.4,9.8
-45580.95865,6.3,12.5,9.1
-45580.05405,6.9,9.1,9.1
-45580.23695,7.5,5.7,10.2
-45582.18518,7.6,4.8,8.7
-45580.0616,9.2,7.0,9.8
-45580.0716,3.3,7.4,10.0
-45580.81351,4.4,5.0,8.9
-45580.93985,6.2,6.2,10.0
-45583.93783,6.3,5.1,8.9
-45580.6129,8.8,9.5,9.3
-45580.74654,3.6,9.0,9.3
-45580.082,4.0,9.2,10.0
-45580.23862,4.2,9.3,9.3
-45583.70464,5.7,5.2,8.9
-45581.02515,6.1,5.0,10.4
-45580.41548,7.0,12.8,9.3
-45580.26187,5.3,12.5,9.3
-45580.00841,5.4,9.0,9.4
-45580.18309,5.9,9.1,9.3
-45580.46403,6.2,11.9,9.4
-45580.0013,6.4,12.7,10.0
-45580.14231,6.5,9.2,9.3
-45580.36956,6.7,11.8,9.3
-45579.98424,6.9,12.6,9.9
-45582.6636,7.2,5.5,8.9
-45580.73413,7.3,5.8,10.0
-45580.84471,3.3,9.1,9.4
-45579.9649,4.7,9.2,9.4
-45580.41838,5.6,12.4,9.4
-45579.99417,5.7,12.8,9.9
-45580.04683,6.0,11.8,9.9
-45584.07318,6.6,5.0,9.0
-45579.98508,6.8,9.3,9.4
-45580.82739,7.0,5.2,10.3
-45580.07936,7.3,12.3,9.4
-45580.39533,7.6,5.9,9.9
-45581.69594,7.7,5.4,9.0
-45580.22594,8.3,4.9,9.0
-45580.37666,8.5,9.4,9.4
-45580.13542,8.9,8.3,9.0
-45580.63567,9.0,9.7,9.4
-45580.00471,3.4,8.7,10.3
-45580.11694,4.3,8.5,9.0
-45582.33615,4.9,5.1,9.0
-45582.96939,5.2,5.3,9.0
-45580.85379,5.3,6.0,9.9
-45579.96691,6.5,6.9,9.9
-45580.81113,6.7,6.3,9.9
-45579.98531,7.1,8.7,9.0
-45580.79547,3.6,9.0,8.9
-45579.91886,4.1,8.4,10.3
-45580.32872,5.9,11.7,9.3
-45580.66657,7.0,12.8,8.9
-45581.17965,7.1,6.1,9.4
-45580.06189,7.3,5.8,10.4
-45579.97978,3.7,10.3,10.0
-45580.15246,3.9,8.6,10.0
-45580.67571,4.4,5.0,9.3
-45580.43975,5.3,12.5,8.9
-45580.14219,5.6,6.1,10.4
-45580.02285,5.9,9.1,8.9
-45579.92288,6.1,7.6,10.4
-45580.19358,6.2,6.2,10.4
-45579.97361,6.5,9.2,8.9
-45579.91547,6.8,6.8,10.4
-45582.63657,7.2,5.5,9.3
-45580.14499,8.9,9.8,10.0
-45582.57259,5.2,5.3,9.4
-45579.94404,5.6,8.7,10.0
-45583.69497,5.7,5.2,9.3
-45582.35729,6.1,5.0,10.0
-45580.14629,6.1,5.3,10.7
-45584.06951,6.3,5.1,9.3
-45579.92201,6.4,8.4,9.4
-45579.96049,6.9,8.5,9.3
-45581.96663,7.0,5.2,9.9
-45580.43514,8.8,9.5,8.9
-45580.51428,9.0,9.7,9.0
-45580.0035,9.2,10.4,10.0
-45580.39418,3.4,8.7,9.9
-45580.00574,4.1,8.4,9.9
-45581.88864,4.9,5.1,9.4
-45580.18586,5.3,6.0,10.3
-45579.95,6.5,6.9,10.3
-45583.84356,6.6,5.0,9.4
-45580.20015,6.7,6.3,10.3
-45580.97682,7.1,6.1,9.0
-45580.22524,7.3,12.3,9.0
-45580.00484,8.4,9.9,9.9
-45580.15696,8.5,9.4,9.0
-45580.1703,3.2,10.2,9.9
-45580.99532,3.3,9.1,9.0
-45579.92833,5.4,9.0,9.0
-45580.69604,5.6,12.4,9.0
-45580.13618,6.1,11.5,9.4
-45580.30858,6.2,11.9,9.0
-45579.95712,6.3,11.4,9.9
-45579.92176,6.8,9.3,9.0
-45582.89384,7.0,5.0,9.6
-45579.96196,7.6,5.9,10.3
-45581.33522,7.7,5.4,9.4
-45580.02471,8.1,4.8,9.9
-45580.1062,8.3,4.9,9.4
-45580.24107,8.9,8.3,9.4
-45580.25233,9.2,8.1,9.4
-45580.43009,3.2,10.0,9.6
-45579.963,5.7,11.5,9.6
-45580.08383,6.7,8.7,9.6
-45579.9485,7.1,6.3,10.5
-45581.46166,7.4,5.7,9.6
-45580.22314,8.1,5.4,9.6
-45580.00916,9.1,10.6,9.6
-45579.94048,3.2,6.8,10.1
-45580.06707,5.4,8.4,9.2
-45583.81199,5.6,5.0,9.2
-45583.15092,6.0,5.2,9.7
-45580.20067,6.1,8.7,9.2
-45583.87335,6.2,5.3,9.2
-45580.17353,6.3,8.6,9.7
-45580.73709,8.9,8.9,8.8
-45580.75366,3.3,8.5,9.2
-45580.95329,4.5,5.2,9.2
-45580.44042,5.7,6.3,10.1
-45581.00925,6.3,6.0,10.1
-45580.08291,8.8,10.4,9.7
-45580.69571,9.2,9.5,8.8
-45580.30616,3.6,10.1,9.7
-45580.58543,3.7,9.2,8.8
-45579.95004,4.9,12.5,8.8
-45580.03839,6.4,9.0,8.8
-45580.25411,6.4,11.6,9.2
-45580.6971,6.6,12.4,8.8
-45580.0655,7.2,6.4,10.1
-45582.9835,7.3,4.9,9.2
-45580.56117,7.8,5.6,9.7
-45580.56789,3.2,9.3,8.7
-45580.00864,4.1,9.0,10.1
-45580.24732,5.1,12.7,8.7
-45580.33498,3.3,10.0,9.8
-45580.90939,6.0,12.8,8.7
-45580.65038,6.3,12.5,8.7
-45580.89896,7.5,5.7,9.8
-45582.20895,7.6,4.8,9.1
-45580.21146,8.0,5.4,9.8
-45580.16843,8.2,5.5,9.1
-45580.32639,3.6,8.4,9.1
-45581.84921,4.8,5.3,9.1
-45580.12411,5.2,6.2,10.2
-45583.33051,5.3,5.1,9.1
-45580.31504,5.3,7.7,8.7
-45579.99391,5.8,6.8,10.2
-45580.5784,6.6,6.1,10.2
-45580.07249,6.6,8.7,9.8
-45580.04606,9.0,10.6,9.8
-45580.04241,4.9,6.0,10.2
-45579.9612,5.9,8.5,9.1
-45583.87964,6.7,5.2,9.1
-45582.16824,7.1,5.0,9.8
-45579.93504,8.7,9.7,10.2
-45580.02207,3.7,8.2,10.2
-45580.19765,3.7,10.1,9.5
-45580.24943,4.9,5.5,10.2
-45579.98296,6.0,6.1,10.6
-45583.66273,6.1,5.2,9.5
-45580.23801,6.2,8.6,9.5
-45580.56566,7.9,5.6,9.5
-45579.96751,8.9,10.4,9.5
-45580.6053,9.2,9.8,9.5
-45580.84427,5.2,4.9,10.2
-45580.49514,5.3,6.4,9.1
-45579.96557,5.8,8.3,10.2
-45580.70379,5.9,5.6,8.7
-45580.49621,6.4,6.6,9.8
-45579.95072,6.4,8.0,10.2
-45581.3073,6.6,5.4,10.2
-45581.41179,6.7,5.9,9.1
-45579.9334,7.1,6.5,9.8
-45580.19542,8.5,9.0,9.8
-45580.41497,3.3,9.5,9.8
-45580.8799,4.8,5.8,9.1
-45580.1387,6.1,13.0,9.8
-45580.72154,6.3,13.1,9.1
-45583.2367,7.0,4.8,8.7
-45579.96411,7.6,6.3,9.1
-45580.11158,9.2,8.5,10.2
-45580.06029,3.2,9.8,8.7
-45580.04271,5.6,12.0,9.8
-45580.56724,5.7,13.2,9.1
-45580.78571,6.0,12.2,9.1
-45580.23224,6.2,12.3,9.8
-45579.97535,6.8,8.9,9.8
-45580.21544,7.7,5.0,10.2
-45580.47859,8.1,5.2,8.7
-45579.98467,8.9,7.9,10.2
-45580.50012,3.7,9.4,9.5
-45580.09296,4.3,8.9,9.5
-45579.99281,5.5,5.7,10.6
-45580.29406,6.0,5.4,10.6
-45582.32535,6.1,5.9,9.5
-45580.44254,6.6,12.2,9.5
-45580.12067,6.8,6.7,9.5
-45580.11651,7.1,13.2,9.5
-45580.60888,8.9,9.1,9.5
-45580.75359,9.2,9.3,9.5
-45580.63881,3.2,9.5,9.6
-45579.99882,5.2,12.1,9.5
-45580.20561,5.7,12.0,9.6
-45580.31794,6.0,13.0,9.6
-45580.42774,6.3,12.3,9.6
-45580.2477,6.4,8.8,9.5
-45580.00508,6.9,8.9,9.6
-45580.37431,7.1,4.8,10.5
-45579.94111,7.2,11.9,9.6
-45580.24604,8.4,9.0,9.6
-45579.9875,4.9,13.1,9.2
-45579.9828,5.3,12.1,9.7
-45580.33568,5.8,5.6,10.5
-45580.33931,6.5,6.6,9.6
-45580.13621,6.5,8.8,9.7
-45580.23067,6.7,12.2,9.7
-45580.24777,7.0,6.5,9.6
-45580.14487,7.1,12.0,9.2
-45581.13224,7.2,5.1,10.1
-45580.38456,8.7,8.7,8.8
-45580.43235,3.6,9.4,9.7
-45580.27447,4.0,8.8,9.2
-45580.12037,4.2,8.9,9.7
-45582.45699,6.1,5.4,8.8
-45580.64928,6.6,13.0,9.2
-45580.00642,7.0,13.2,9.7
-45580.85192,7.3,6.2,9.2
-45579.97142,9.1,6.3,9.7
-45580.20521,3.2,8.3,10.1
-45580.55071,5.1,5.7,10.1
-45581.68339,5.4,5.7,8.8
-45581.79297,5.7,4.8,10.1
-45582.09576,6.2,5.8,9.2
-45581.6406,6.3,5.5,10.1
-45579.91564,6.9,6.7,9.7
-45580.01482,7.5,12.7,9.2
-45580.41614,8.8,9.1,9.7
-45580.21582,5.6,6.5,9.2
-45580.03608,5.7,12.2,9.9
-45582.09544,6.0,5.9,9.7
-45580.52021,6.1,12.0,9.4
-45580.14581,7.6,5.2,10.3
-45579.96303,7.7,8.7,9.0
-45581.01971,8.0,5.0,9.0
-45579.96546,8.8,8.5,10.3
-45580.39881,3.2,8.9,9.9
-45579.95985,3.6,6.6,9.9
-45580.35424,3.9,9.6,9.4
-45580.49637,5.3,5.5,10.3
-45579.92687,5.5,8.8,9.9
-45580.3616,5.6,13.0,9.4
-45579.948,5.9,8.1,10.3
-45579.98457,6.0,13.2,9.9
-45580.10974,6.3,12.1,9.9
-45581.61147,6.4,5.7,9.0
-45579.9553,6.5,8.2,10.3
-45581.23475,6.7,4.8,10.3
-45579.96642,7.7,6.1,9.4
-45580.09175,8.4,9.2,9.9
-45579.91951,3.6,8.0,10.3
-45579.96681,4.3,5.6,9.0
-45580.1142,4.8,4.9,10.3
-45581.75828,5.2,5.8,9.4
-45580.22754,5.9,6.7,9.9
-45580.10278,6.3,6.4,9.3
-45580.3558,6.6,6.5,9.4
-45581.1995,7.0,5.9,9.9
-45583.09282,7.1,5.4,9.0
-45580.0875,7.3,12.9,9.4
-45580.00272,3.3,6.7,10.0
-45580.49657,4.6,5.7,8.9
-45580.58044,5.6,5.4,10.4
-45582.09112,5.7,5.9,9.3
-45583.69883,6.0,4.8,8.9
-45579.95716,6.1,5.8,10.7
-45580.48298,6.1,6.5,10.0
-45580.27439,9.2,9.1,10.0
-45580.69445,3.4,9.7,9.3
-45580.20891,3.7,8.8,10.0
-45580.28076,4.1,9.4,9.3
-45579.91877,4.3,9.5,10.0
-45580.22875,5.3,13.1,9.3
-45581.06896,6.2,4.9,10.4
-45580.46693,6.7,13.2,9.3
-45582.33262,6.9,5.6,8.9
-45581.35119,7.2,6.0,9.3
-45580.19637,8.9,9.3,10.0
-45579.9602,5.8,8.9,10.0
-45579.9814,6.6,12.0,10.0
-45580.10245,7.0,12.0,9.6
-45580.36579,7.0,12.2,9.3
-45580.14585,7.3,5.1,10.5
-45580.2643,7.3,5.3,10.4
-45579.91105,9.0,8.7,10.4
-45580.19862,4.1,8.8,9.6
-45580.55818,5.6,4.8,10.5
-45580.43107,5.7,6.5,9.6
-45580.48142,6.2,5.5,10.5
-45580.26171,6.7,13.0,9.6
-45580.59698,7.2,6.2,9.6
-45579.91061,7.4,12.7,9.6
-45580.10511,3.2,9.8,10.1
-45580.45185,5.6,12.0,9.2
-45580.29219,6.0,12.2,9.7
-45580.84979,6.2,12.3,9.2
-45582.5257,6.3,5.8,9.6
-45579.91387,6.3,9.6,9.7
-45580.15221,6.8,8.9,9.2
-45581.95038,7.7,5.0,8.8
-45579.9784,8.2,8.6,10.1
-45580.01377,8.3,5.3,8.8
-45580.87152,3.3,9.5,9.2
-45580.01975,3.4,6.5,9.7
-45579.96387,4.7,8.8,9.2
-45583.17026,5.2,4.9,8.8
-45580.09393,5.7,13.2,9.7
-45581.44532,5.9,5.6,10.1
-45580.69402,6.1,13.0,9.2
-45580.20982,6.3,13.1,9.7
-45580.40993,9.2,8.5,8.8
-45580.62554,4.8,5.8,9.7
-45581.82746,4.9,5.5,8.8
-45580.13137,5.3,6.4,9.7
-45582.64861,6.6,5.4,8.8
-45581.95677,6.7,5.9,9.7
-45581.51417,7.0,4.8,10.1
-45580.41839,7.1,6.5,9.2
-45580.44202,8.5,9.0,9.2
-45580.32336,4.4,5.4,8.7
-45581.56961,5.1,5.7,8.7
-45580.67578,5.4,5.7,10.2
-45580.24975,5.6,6.5,9.8
-45583.20665,5.7,4.8,8.7
-45581.16844,6.0,5.9,9.1
-45582.13967,6.2,5.8,9.8
-45579.94618,9.2,10.0,10.2
-45580.0646,3.3,7.0,9.8
-45580.73832,3.6,9.4,9.1
-45580.19881,4.0,8.8,9.8
-45580.01971,4.5,5.9,9.8
-45581.39508,6.1,5.4,10.2
-45581.09071,6.3,5.5,8.7
-45580.45572,7.0,13.2,9.1
-45580.32545,7.3,6.2,9.8
-45580.75716,8.8,9.1,9.1
-45579.99887,9.0,7.6,9.8
-45579.91296,3.7,9.9,10.2
-45580.14931,4.2,8.9,9.1
-45581.0102,4.9,5.8,9.5
-45580.23686,5.2,6.4,9.5
-45580.13099,5.3,12.1,9.1
-45580.19718,6.5,8.8,9.1
-45582.25704,6.6,5.9,9.5
-45580.09687,6.6,13.0,9.8
-45580.22729,6.7,5.4,10.6
-45580.69634,6.7,12.2,9.1
-45579.95445,7.1,12.0,9.8
-45583.15758,7.2,5.1,8.7
-45580.03615,8.7,8.7,10.2
-45580.09772,5.3,4.9,10.6
-45580.23322,5.6,13.2,9.5
-45580.50572,6.1,12.2,9.5
-45579.94884,6.2,9.6,9.5
-45580.39606,6.2,13.1,9.5
-45579.93071,6.6,5.8,10.7
-45581.88249,7.0,5.9,9.3
-45582.08506,4.8,4.9,8.9
-45580.77439,5.2,5.8,10.0
-45582.70795,5.3,5.5,8.9
-45580.42125,6.6,6.5,10.0
-45579.97053,7.8,9.1,9.3
-45580.96576,3.2,8.9,9.3
-45580.07375,3.9,9.6,10.0
-45580.52397,6.0,13.2,9.3
-45580.55607,6.4,5.7,10.4
-45583.72132,6.7,4.8,8.9
-45580.40305,7.1,5.4,10.4
-45580.24395,7.2,12.5,9.3
-45580.02969,7.7,6.1,10.0
-45580.38033,8.4,9.2,9.3
-45579.96101,8.9,6.8,10.0
-45580.01165,5.5,8.8,9.3
-45580.53704,5.7,12.2,9.3
-45580.00578,6.1,12.0,10.0
-45580.67254,6.3,12.1,9.3
-45582.20605,7.6,5.2,8.9
-45580.44363,8.2,5.1,8.9
-45580.4011,8.8,8.5,8.9
-45580.06496,9.2,7.4,10.0
-45580.29493,3.4,9.7,9.9
-45580.606,3.7,8.8,9.4
-45580.06445,4.1,9.4,9.9
-45580.09449,5.2,12.3,9.4
-45580.20499,5.8,8.9,9.4
-45580.04071,6.4,9.4,9.4
-45580.45999,6.6,12.0,9.4
-45579.94676,6.7,13.2,9.9
-45579.95964,7.0,12.2,9.9
-45580.22484,7.1,13.0,9.4
-45580.81195,7.2,6.0,9.9
-45582.89521,7.3,5.3,9.0
-45580.13902,8.5,8.4,9.0
-45580.79775,9.0,8.7,9.0
-45580.01624,4.3,9.5,9.4
-45583.3021,5.6,5.4,9.0
-45581.36127,6.0,4.8,10.3
-45584.09313,6.2,4.9,9.0
-45580.66929,6.9,5.6,10.3
-45580.6764,8.9,9.3,9.4
-45580.09564,3.2,7.2,9.9
-45581.09385,4.5,4.8,9.0
-45580.31089,5.4,6.6,9.4
-45579.98051,5.6,8.7,9.4
-45582.29151,5.7,5.2,9.9
-45581.44136,5.7,5.9,9.9
-45583.96938,6.1,5.0,9.4
-45580.2474,6.1,6.5,9.4
-45582.66935,6.3,5.1,9.9
-45579.98207,6.3,5.2,10.8
-45580.77986,6.3,6.4,9.9
-45580.86068,9.2,9.1,9.4
-45579.93228,9.2,10.4,9.4
-45580.26893,3.2,7.9,9.9
-45580.22025,3.9,8.6,9.4
-45580.06401,4.4,5.0,9.9
-45580.54315,5.6,6.1,9.0
-45580.25769,6.0,6.3,10.3
-45579.91552,6.3,7.7,10.3
-45579.94817,7.7,13.0,9.0
-45580.50492,8.9,9.8,9.4
-45579.96929,3.6,9.0,10.3
-45580.34199,4.0,9.2,9.0
-45579.94314,4.1,10.1,9.9
-45580.97492,6.4,12.7,9.0
-45580.11927,6.6,11.5,9.4
-45580.48871,7.1,12.4,9.0
-45581.40825,7.2,5.5,9.9
-45581.73637,7.3,5.8,9.0
-45579.93373,3.3,9.1,10.4
-45580.34265,5.2,12.9,9.0
-45580.83231,5.7,12.8,8.9
-45580.00385,5.9,11.7,9.9
-45579.92608,6.1,11.5,10.0
-45580.04607,6.3,11.4,9.3
-45580.88101,7.6,5.9,8.9
-45580.24963,9.2,8.1,10.0
-45580.14066,3.2,10.2,9.3
-45580.84639,3.4,8.7,9.3
-45580.01245,3.7,7.8,10.0
-45580.72854,4.9,5.1,10.0
-45580.7468,6.9,12.6,8.9
-45580.05624,7.1,6.1,10.4
-45580.42392,7.2,13.1,8.9
-45580.43482,7.7,5.4,10.0
-45580.59055,8.1,4.8,9.3
-45580.24395,8.9,8.3,10.0
-45579.96267,4.1,8.4,9.3
-45579.97279,4.3,8.5,10.0
-45581.17841,5.2,5.3,10.0
-45581.13971,5.3,6.0,8.9
-45579.9675,5.3,8.6,9.3
-45580.0426,6.4,8.4,10.0
-45582.2296,6.6,5.0,10.0
-45580.01464,3.7,9.2,10.2
-45580.79741,5.9,12.6,8.7
-45580.06237,6.4,11.6,9.8
-45580.10391,6.6,5.3,10.7
-45580.8507,6.7,12.8,8.7
-45583.36888,7.0,5.2,9.3
-45580.51232,3.3,8.5,9.8
-45579.92068,4.0,10.3,9.8
-45580.29829,4.5,5.2,9.8
-45579.91001,4.8,12.9,8.7
-45581.77166,7.3,4.9,9.8
-45579.9653,7.6,13.2,8.7
-45581.0037,7.8,5.6,9.1
-45580.10956,4.4,8.7,9.1
-45580.00588,5.1,8.4,9.1
-45582.5643,5.6,5.0,9.8
-45583.99965,6.0,5.2,9.1
-45580.64525,6.1,6.1,10.2
-45582.8402,6.2,5.3,9.8
-45580.06719,6.3,8.6,9.1
-45580.05026,9.2,9.5,10.2
-45580.13131,6.1,8.7,9.8
-45579.96555,6.7,6.1,10.6
-45580.1229,6.8,11.7,9.5
-45581.40405,7.7,4.8,9.5
-45579.95502,8.3,5.5,9.5
-45580.03141,8.9,8.1,9.5
-45580.06039,8.9,8.9,10.2
-45580.64067,9.2,8.3,9.5
-45580.25907,3.7,8.4,9.5
-45581.60218,4.9,5.3,9.5
-45582.50354,5.2,5.1,9.5
-45579.99643,5.6,6.3,10.5
-45583.24867,5.7,5.0,9.6
-45579.92319,5.8,8.5,9.5
-45580.2045,6.0,8.7,9.6
-45580.15626,6.2,6.0,10.5
-45583.37169,6.3,5.3,9.6
-45583.53777,6.6,5.2,9.5
-45580.68815,3.2,8.5,9.6
-45580.32913,4.4,5.2,9.6
-45582.25635,5.3,5.1,9.7
-45580.12212,6.5,11.6,9.6
-45580.1375,6.6,8.7,9.2
-45582.96865,6.7,5.2,9.7
-45582.50427,7.2,4.9,9.6
-45580.02915,3.4,7.6,10.1
-45580.46144,3.6,8.4,9.7
-45580.99972,4.8,5.3,9.7
-45580.68636,4.9,6.0,8.8
-45580.04918,4.9,8.6,9.2
-45580.31419,5.2,6.2,8.8
-45580.06522,5.9,8.5,9.7
-45580.30053,7.0,6.3,10.1
-45583.42395,7.1,5.0,9.2
-45580.02943,8.4,8.8,10.1
-45580.17481,3.2,9.3,10.1
-45580.3698,3.3,10.0,9.2
-45580.60285,5.4,12.7,8.8
-45580.70596,6.1,12.4,8.8
-45580.94744,6.2,12.9,8.8
-45579.92352,6.3,12.5,10.1
-45581.56964,7.5,5.7,9.2
-45581.29697,7.6,4.8,9.7
-45580.72545,8.0,5.4,9.2
-45579.98655,8.2,5.5,9.7
-45580.07737,8.8,8.1,9.7
-45579.99244,6.9,11.7,9.7
-45580.20987,7.0,5.0,10.6
-45580.64273,7.1,6.3,9.5
-45579.98507,7.3,12.1,9.5
-45580.32697,8.5,8.8,9.5
-45580.7404,3.3,9.3,9.5
-45579.92477,4.7,9.0,9.5
-45580.13132,5.6,11.8,9.5
-45580.12204,5.7,6.3,9.1
-45580.49294,6.1,12.8,9.5
-45580.55068,6.2,12.5,9.5
-45580.04222,6.8,9.1,9.5
-45580.42199,9.2,9.5,9.8
-45580.1083,3.3,8.5,10.2
-45581.32363,5.6,5.0,10.2
-45581.50936,6.1,6.1,9.8
-45579.94075,6.1,8.7,10.2
-45581.49258,6.2,5.3,10.2
-45580.54337,6.3,6.0,9.1
-45579.95881,6.3,8.6,8.7
-45580.02725,7.6,13.2,9.1
-45580.40705,8.9,8.9,9.8
-45580.32835,3.7,9.2,9.8
-45580.28551,4.1,9.0,9.1
-45579.997,4.3,9.1,9.8
-45579.92485,5.8,9.3,9.8
-45583.23849,6.0,5.2,8.7
-45580.18752,6.6,12.4,9.8
-45580.76643,6.7,12.8,9.1
-45580.47092,7.2,6.4,9.1
-45580.80391,7.3,4.9,10.2
-45580.75334,7.8,5.6,8.7
-45579.99484,9.0,6.5,9.8
-45579.9235,4.8,12.9,9.1
-45580.8795,5.9,12.6,9.1
-45580.86834,6.1,12.4,9.2
-45580.3385,6.3,12.5,9.7
-45580.05807,6.4,9.0,9.8
-45581.50001,7.5,5.7,8.8
-45580.55135,7.6,4.8,10.1
-45580.65982,8.0,5.4,8.8
-45579.93784,8.5,8.0,10.2
-45580.09094,8.8,8.1,10.1
-45580.5736,3.2,9.3,9.7
-45579.91847,4.6,9.0,9.7
-45580.4278,5.4,12.7,9.2
-45580.07886,5.7,11.8,9.7
-45580.27135,6.0,12.8,9.7
-45580.74774,6.2,12.9,9.2
-45579.91416,6.9,9.1,9.7
-45579.96065,3.4,7.6,9.7
-45580.67571,4.9,6.0,9.2
-45580.90021,5.2,6.2,9.2
-45581.17556,5.3,5.1,10.1
-45580.00227,5.9,8.5,10.1
-45580.01244,6.6,8.7,8.8
-45581.70398,6.7,5.2,10.1
-45583.46702,7.1,5.0,8.8
-45579.97336,7.2,12.1,9.7
-45580.18675,8.4,8.8,9.7
-45580.23702,8.7,9.7,9.2
-45580.15444,3.6,8.4,10.1
-45580.50608,3.6,9.2,9.6
-45580.15045,4.2,9.1,9.6
-45580.35321,4.8,5.3,10.1
-45579.95289,5.3,11.9,9.6
-45579.99811,5.9,9.3,9.6
-45580.13091,6.5,9.0,9.6
-45580.83274,6.6,6.1,9.2
-45580.34357,6.7,12.4,9.6
-45580.57766,7.0,6.3,9.7
-45579.95027,9.1,6.5,9.6
-45579.95804,5.9,9.1,9.9
-45581.72373,6.0,6.1,9.6
-45580.65567,6.1,5.2,10.5
-45580.61697,6.4,12.7,9.4
-45579.94014,6.5,9.2,9.9
-45579.99507,6.7,11.8,9.9
-45580.25574,7.1,12.4,9.4
-45580.46732,7.2,5.5,10.3
-45580.48436,8.8,8.9,9.6
-45580.3044,3.6,9.0,9.9
-45580.3886,4.0,9.2,9.4
-45580.01911,4.2,9.3,9.9
-45580.10395,5.2,12.9,9.4
-45581.68396,7.3,5.8,9.4
-45580.07026,5.6,8.7,9.0
-45581.03099,5.7,5.2,10.3
-45584.13714,6.1,5.0,9.0
-45581.29732,6.3,5.1,10.3
-45580.04394,6.8,6.8,9.4
-45580.2431,8.8,9.5,9.9
-45579.92972,3.2,7.9,10.3
-45580.33228,3.9,8.6,9.0
-45580.03008,4.1,8.4,8.9
-45581.40323,5.3,6.0,9.3
-45581.40636,5.6,6.1,9.4
-45580.92469,6.0,6.3,9.9
-45581.21031,6.2,6.2,9.4
-45580.60782,7.1,6.1,10.0
-45580.21326,7.2,13.1,9.3
-45580.07078,8.9,9.8,9.0
-45580.77725,3.4,8.7,8.9
-45580.00093,4.8,6.2,9.3
-45580.04528,4.9,5.1,10.4
-45580.29236,5.2,5.3,10.4
-45580.55194,5.7,12.8,9.3
-45579.91878,5.8,7.9,10.4
-45580.94715,6.6,5.0,10.4
-45580.6729,6.7,6.3,9.3
-45583.52257,7.0,5.2,8.9
-45580.0723,8.5,9.4,10.0
-45580.18265,9.0,9.7,10.0
-45580.26785,3.3,9.1,10.0
-45580.00022,6.2,11.9,10.0
-45580.50296,6.9,12.6,9.3
-45580.72688,7.6,5.9,9.3
-45580.69784,8.1,4.8,8.9
-45579.99273,9.2,6.7,10.0
-45579.91376,5.6,12.4,10.0
-45580.41074,6.0,11.8,9.3
-45580.68205,6.0,13.2,8.9
-45580.89362,3.2,8.9,8.9
-45580.00118,3.3,10.4,10.0
-45579.94593,5.5,8.8,8.9
-45580.61771,5.7,12.2,8.9
-45580.38034,6.3,12.1,8.9
-45581.90364,7.6,5.2,9.3
-45580.06328,8.0,5.0,10.0
-45580.35079,8.2,5.1,9.3
-45580.36936,8.8,8.5,9.3
-45580.01126,4.0,8.2,10.0
-45581.79321,4.8,4.9,9.3
-45580.08222,5.2,5.8,10.4
-45579.94646,5.8,5.7,10.7
-45581.69887,6.4,5.7,10.0
-45580.04763,6.6,6.5,10.4
-45583.89413,6.7,4.8,9.3
-45581.10501,7.0,5.9,8.9
-45579.95254,7.1,4.9,10.7
-45581.38523,7.1,5.4,10.0
-45580.41725,7.2,12.5,8.9
-45580.09041,8.4,9.2,8.9
-45579.95211,8.5,10.1,10.0
-45582.69973,5.3,5.5,9.3
-45583.20165,5.6,5.4,9.4
-45582.71624,6.0,4.8,9.9
-45584.00634,6.2,4.9,9.4
-45581.74335,6.9,5.6,9.9
-45580.80291,8.9,9.3,9.0
-45580.23004,3.3,8.1,9.4
-45580.81904,4.5,4.8,9.4
-45580.18738,4.6,5.7,9.9
-45580.49648,5.7,5.9,10.3
-45580.21332,6.3,6.4,10.3
-45580.52775,6.6,12.0,9.0
-45580.16427,8.8,10.0,9.9
-45580.74779,9.0,8.7,9.4
-45581.00806,9.2,9.1,9.0
-45580.01313,3.6,10.5,9.9
-45579.95865,4.2,9.8,9.9
-45580.25335,5.2,12.3,9.0
-45580.14038,5.8,8.9,9.0
-45582.49827,7.3,5.3,9.4
-45579.9407,8.5,8.4,9.4
-45579.93881,3.6,7.1,10.1
-45580.61439,3.7,8.8,9.0
-45580.14863,4.8,5.8,10.1
-45583.06097,5.2,4.9,9.2
-45582.62677,5.9,5.6,9.7
-45583.57028,6.6,5.4,9.2
-45582.67572,7.0,4.8,9.7
-45580.49139,7.1,13.0,9.0
-45580.16622,7.2,6.0,10.3
-45580.0809,8.5,9.0,8.8
-45581.83831,4.9,5.5,9.2
-45580.09682,5.3,6.4,10.1
-45580.99554,6.7,5.9,10.1
-45580.18254,8.1,5.2,9.7
-45580.46734,3.2,9.8,9.7
-45579.93012,5.6,12.0,8.8
-45579.91452,6.0,12.2,10.1
-45580.49928,6.2,12.3,8.8
-45579.95756,7.5,8.4,9.2
-45581.80559,7.7,5.0,9.2
-45580.04698,8.0,8.7,9.2
-45580.12436,8.3,5.3,9.2
-45580.68449,3.3,9.5,8.8
-45580.43105,3.6,9.9,9.6
-45582.23619,5.5,5.7,9.6
-45583.21012,6.0,5.4,9.6
-45580.21094,6.1,5.9,10.5
-45580.87988,6.1,13.0,8.8
-45579.91761,6.8,6.7,10.5
-45579.93063,7.6,6.3,10.1
-45580.3525,8.6,8.7,9.6
-45579.91438,8.8,7.4,10.1
-45580.18566,8.8,10.2,9.6
-45580.76956,9.2,8.5,9.2
-45580.59637,3.3,9.8,9.5
-45582.93609,5.8,5.6,9.5
-45582.96042,7.1,4.8,9.5
-45580.60212,7.2,7.7,8.7
-45580.5742,8.0,5.2,9.5
-45579.91385,8.3,8.6,9.5
-45580.45866,3.6,9.4,8.7
-45580.25912,3.7,9.9,9.8
-45579.98777,4.0,8.8,10.2
-45579.97184,6.5,8.8,8.7
-45580.11202,6.7,12.2,8.7
-45580.46217,7.0,13.2,8.7
-45583.261,7.2,5.1,9.1
-45580.10464,7.3,6.2,10.2
-45580.32981,8.7,8.7,9.8
-45579.94306,9.0,7.6,10.2
-45580.11797,5.6,6.5,10.2
-45580.99579,6.2,5.8,10.2
-45580.01493,7.8,8.5,9.1
-45580.20886,8.9,10.2,9.8
-45580.31171,3.2,8.3,9.1
-45580.57828,4.4,5.4,9.1
-45581.90408,5.1,5.7,9.1
-45580.12753,5.1,7.1,8.7
-45581.63701,5.4,5.7,9.8
-45579.94175,5.5,8.2,9.1
-45583.92258,5.7,4.8,9.1
-45580.03024,5.9,12.9,9.9
-45582.71986,6.1,5.4,9.8
-45583.13037,6.3,5.5,9.1
-45580.51609,8.8,9.1,8.7
-45580.01942,9.1,6.6,9.9
-45580.33947,9.2,10.0,9.8
-45580.74177,3.5,9.0,9.4
-45580.04092,6.7,12.7,9.9
-45580.2139,7.8,5.8,9.9
-45580.9095,7.9,5.5,9.0
-45580.03112,3.2,8.6,10.3
-45581.73207,4.7,5.0,9.0
-45580.53685,5.0,6.1,9.4
-45579.94814,5.0,8.7,9.0
-45580.41523,5.1,5.2,10.3
-45579.9284,5.2,9.1,9.4
-45583.46994,5.4,5.2,9.0
-45580.92571,5.5,6.1,9.9
-45580.55065,5.8,12.5,9.4
-45579.94684,6.0,8.4,10.3
-45580.1877,6.3,6.8,9.9
-45580.38073,6.4,11.8,9.4
-45580.10907,6.6,9.2,9.4
-45583.89377,6.8,5.1,9.0
-45580.81681,6.9,6.2,9.9
-45580.13888,8.3,9.5,9.4
-45579.93309,9.1,8.0,10.3
-45580.03729,3.5,7.5,10.0
-45581.11359,5.8,6.0,10.0
-45583.45307,5.9,5.3,8.9
-45583.97425,6.5,5.0,8.9
-45579.91338,8.1,9.4,9.9
-45580.46977,8.6,9.4,9.3
-45580.27053,9.0,8.8,10.0
-45580.27076,4.2,5.1,8.9
-45580.08336,5.1,12.8,9.3
-45580.42618,5.5,12.4,9.3
-45580.16829,5.7,9.0,9.3
-45580.70483,6.0,12.7,9.3
-45580.02042,6.2,12.6,10.0
-45580.08799,6.3,9.3,9.3
-45579.91024,6.4,6.0,10.7
-45580.76629,6.4,6.3,10.0
-45579.93755,6.6,6.9,10.0
-45580.312,6.9,11.9,9.3
-45582.51275,7.4,5.4,8.9
-45580.59232,3.8,9.1,9.3
-45580.12467,4.4,9.2,9.3
-45580.40133,5.9,5.1,10.6
-45580.38268,6.5,5.2,10.6
-45580.38852,7.5,5.9,10.0
-45580.20686,8.5,9.7,9.5
-45580.6515,9.0,9.4,9.5
-45579.91176,4.7,6.1,9.8
-45580.56484,5.1,6.3,9.1
-45580.33859,5.6,12.7,9.5
-45581.30183,5.8,6.2,9.5
-45580.19867,6.1,9.0,9.5
-45581.72183,6.4,6.1,9.5
-45580.3341,6.8,12.9,9.5
-45583.00305,6.9,5.3,8.7
-45579.91558,7.4,4.8,10.6
-45580.10443,8.2,8.9,9.1
-45580.35325,8.9,9.6,9.8
-45580.13496,3.8,8.5,8.7
-45581.1895,4.6,5.2,8.7
-45580.53503,5.0,5.0,10.2
-45580.4537,5.4,6.3,9.8
-45583.47021,5.5,5.0,8.7
-45580.89634,6.5,12.4,9.1
-45581.47586,6.8,6.0,9.8
-45579.92746,6.8,8.6,10.2
-45580.568,7.0,12.7,9.1
-45580.50709,7.3,5.6,10.2
-45581.55703,7.8,4.9,8.7
-45580.93578,3.4,9.2,9.1
-45580.51662,5.9,11.9,9.1
-45580.1843,6.4,12.8,9.8
-45580.16402,6.7,9.0,9.1
-45580.04934,9.0,8.2,10.2
-45579.95632,3.8,10.0,10.1
-45580.49762,3.9,9.3,9.2
-45579.98585,4.5,9.0,9.2
-45580.04759,5.6,9.2,9.2
-45580.20063,5.7,12.7,9.7
-45580.09891,6.0,9.0,9.7
-45580.67194,6.8,12.5,9.2
-45580.1037,6.9,12.9,9.7
-45582.54636,7.5,4.8,8.8
-45580.27555,7.6,5.7,10.1
-45580.17698,3.5,8.4,8.8
-45580.11704,4.0,8.7,8.8
-45580.00254,4.2,8.6,10.1
-45580.31525,4.3,5.3,8.8
-45581.36088,5.9,6.2,9.7
-45580.19738,6.2,9.1,9.2
-45583.48779,6.4,5.2,8.8
-45581.62773,6.5,6.1,9.7
-45580.11375,8.4,9.7,9.7
-45580.56528,8.7,8.8,9.2
-45580.50764,9.1,9.4,9.7
-45580.07731,5.3,12.6,9.6
-45580.69268,5.5,6.3,9.6
-45583.72336,5.8,5.1,8.8
-45579.97978,6.5,8.7,10.1
-45580.36694,6.5,12.8,9.6
-45581.67539,6.9,6.0,9.6
-45579.96678,3.2,6.2,9.6
-45580.49019,3.4,8.2,9.7
-45579.91463,4.2,5.5,9.7
-45580.19245,5.2,7.0,8.8
-45580.36955,5.4,5.0,10.5
-45579.91614,6.2,7.9,10.5
-45580.18006,6.7,6.6,10.1
-45580.44397,6.8,5.3,10.5
-45580.32611,7.3,12.6,8.8
-45579.92485,8.1,8.8,9.6
-45580.07495,8.6,9.0,10.1
-45580.45077,8.8,9.6,9.6
-45580.35203,9.1,10.1,9.7
-45580.03986,3.8,9.5,10.1
-45579.93047,4.4,8.8,10.1
-45582.3909,5.2,5.6,9.2
-45580.45306,5.4,13.2,8.8
-45583.22746,5.9,4.9,9.7
-45580.06338,6.1,8.8,8.8
-45582.95342,6.5,5.4,9.7
-45580.6837,6.8,13.1,8.8
-45581.98169,7.0,5.7,9.7
-45581.75882,7.4,5.0,9.7
-45580.84307,9.0,9.2,8.8
-45579.97162,3.2,10.7,9.7
-45580.03841,3.8,8.3,9.6
-45580.66034,4.6,5.4,9.6
-45579.92383,5.4,6.5,10.5
-45582.98421,5.5,4.8,9.6
-45579.96954,6.1,6.6,10.5
-45579.91002,6.2,7.2,10.5
-45579.93375,6.3,8.9,10.1
-45580.17402,6.8,5.8,10.5
-45582.6555,6.9,5.5,9.6
-45580.6213,8.9,8.6,9.2
-45579.9282,3.6,10.6,9.6
-45583.61555,5.8,4.9,9.5
-45583.42704,6.4,5.4,9.5
-45581.93982,7.5,5.0,9.5
-45580.93191,7.8,5.1,9.6
-45580.34449,3.4,9.9,9.1
-45580.29769,3.5,8.2,9.5
-45579.98385,3.7,10.6,9.8
-45580.1443,4.3,5.5,9.5
-45579.93802,5.9,6.4,10.6
-45580.04058,6.5,5.9,10.6
-45582.20306,7.1,5.7,9.5
-45580.43925,7.9,5.1,9.8
-45580.23471,8.4,8.7,9.1
-45580.35722,9.0,10.1,9.5
-45580.45345,9.1,8.4,9.1
-45580.01932,3.5,9.4,10.2
-45582.2671,5.4,4.8,9.8
-45582.4217,5.7,5.7,9.1
-45580.82122,6.5,13.0,8.7
-45582.2818,6.8,5.5,9.8
-45579.9665,7.6,12.7,8.7
-45579.91998,8.3,9.1,10.2
-45580.06708,3.9,8.3,9.8
-45580.60454,4.7,5.4,9.8
-45582.88444,5.1,4.8,9.1
-45580.12993,6.2,6.7,10.2
-45580.39126,6.9,5.8,8.7
-45579.91251,7.4,8.7,9.3
-45580.82923,7.5,5.2,10.0
-45580.03103,8.3,8.5,10.0
-45580.74289,3.2,9.6,8.9
-45580.62769,5.5,13.0,8.9
-45580.18255,5.8,4.8,10.7
-45582.41271,6.4,4.8,10.0
-45580.06644,6.4,5.5,10.7
-45582.76804,6.7,5.7,9.3
-45580.83226,7.4,6.1,8.9
-45580.95859,9.1,9.0,8.9
-45580.18956,3.5,8.0,10.0
-45580.01326,4.1,4.8,9.3
-45581.3121,4.8,5.6,9.3
-45581.52766,5.4,5.9,9.0
-45580.03442,5.7,6.6,10.3
-45581.7997,5.8,5.5,10.0
-45580.66589,5.9,5.8,8.9
-45579.94335,6.6,8.2,10.0
-45580.02531,9.0,10.3,10.0
-45580.08088,3.8,8.1,9.9
-45580.33302,4.5,5.7,9.4
-45580.39831,4.6,4.8,9.9
-45581.96599,5.0,5.4,9.4
-45580.10983,5.1,5.9,10.3
-45581.86786,5.5,5.4,9.9
-45581.97681,6.0,5.7,9.9
-45583.17148,6.2,5.6,9.4
-45580.01866,6.3,8.3,9.9
-45582.24571,6.9,4.9,9.9
-45580.10468,7.5,12.8,9.0
-45580.00558,3.4,8.8,10.3
-45580.08574,3.7,9.7,9.0
-45580.69563,5.8,13.1,9.0
-45579.95886,6.4,11.3,9.4
-45580.68427,6.4,13.2,9.0
-45580.44734,7.8,5.3,9.9
-45580.19684,8.6,8.4,9.9
-45579.95599,3.5,6.6,10.0
-45580.02501,4.1,4.8,8.9
-45581.35324,4.8,5.6,8.9
-45580.63125,5.8,5.5,10.4
-45582.45489,5.9,5.8,9.3
-45581.07243,6.4,4.8,10.4
-45579.95213,6.5,6.5,9.3
-45579.91887,6.6,8.2,10.4
-45581.47557,6.7,5.7,8.9
-45580.33785,7.0,6.6,9.3
-45579.96247,7.1,8.8,9.0
-45580.15604,8.7,9.2,10.0
-45580.89123,9.1,9.0,9.3
-45580.83906,3.2,9.6,9.3
-45580.13641,3.9,8.9,10.0
-45580.00622,5.1,12.2,9.3
-45580.39073,5.5,13.0,9.3
-45579.93731,5.6,8.8,10.0
-45580.0318,6.0,9.4,9.3
-45579.94249,6.8,12.1,10.0
-45580.77193,7.4,6.1,9.3
-45580.09568,7.5,5.2,10.4
-45580.04951,8.9,7.7,10.0
-45580.38085,3.4,8.8,9.9
-45580.46303,3.7,9.7,9.4
-45580.42259,5.8,13.1,9.4
-45580.45023,6.4,13.2,9.4
-45580.05163,7.9,8.6,9.0
-45580.0926,9.1,7.5,9.9
-45579.9178,3.8,8.1,10.3
-45580.21032,4.5,5.7,9.0
-45582.36101,5.0,5.4,9.0
-45581.81141,5.4,5.9,9.4
-45580.19518,5.7,6.6,9.9
-45580.09383,5.9,12.3,9.9
-45580.07797,6.5,12.0,9.9
-45580.6714,6.8,6.4,9.4
-45579.93264,7.5,12.8,9.4
-45579.91681,7.8,5.3,10.3
-45579.93921,8.6,8.4,10.3
-45580.59682,3.4,9.4,9.6
-45580.08743,4.1,9.7,9.6
-45580.02207,5.0,4.8,10.5
-45580.72038,5.1,5.9,9.9
-45580.74575,5.5,5.4,10.3
-45579.91617,5.7,8.0,10.3
-45580.324,5.9,12.1,9.6
-45580.79282,6.0,5.7,10.3
-45582.18239,6.2,5.6,9.0
-45579.96138,6.3,8.3,10.3
-45580.37635,6.5,12.2,9.6
-45580.10215,6.7,8.8,9.6
-45581.04368,6.9,4.9,10.3
-45580.06816,8.0,9.2,9.4
-45579.97526,8.2,9.3,9.9
-45580.32761,3.8,9.5,9.7
-45579.94828,4.4,8.8,9.7
-45580.34798,5.4,13.2,9.2
-45580.0582,5.5,12.0,9.7
-45580.19812,5.6,5.7,10.5
-45580.25244,6.3,6.7,9.6
-45580.15984,6.3,8.9,9.7
-45580.543,6.8,13.1,9.2
-45580.28622,7.5,6.3,9.2
-45580.09888,8.2,9.1,9.6
-45580.44853,8.9,8.6,8.8
-45580.16351,3.4,8.2,10.1
-45580.05455,5.8,6.4,9.2
-45580.23909,6.1,8.8,9.2
-45581.64823,6.4,5.9,9.2
-45580.21016,6.7,6.6,9.7
-45580.16425,6.9,12.3,9.7
-45580.8444,7.4,5.0,10.1
-45580.00784,9.1,10.1,10.1
-45582.12282,5.2,5.6,8.8
-45581.94549,5.9,4.9,10.1
-45580.98071,7.0,5.7,10.1
-45580.21036,7.3,12.6,9.2
-45580.29844,8.6,9.0,9.7
-45580.86679,9.0,9.2,9.2
-45580.00359,3.9,8.3,10.2
-45580.04541,4.6,5.9,9.1
-45580.05543,4.7,5.4,10.2
-45582.79735,5.1,4.8,8.7
-45581.14034,5.4,4.8,10.2
-45580.09616,5.5,6.5,9.1
-45579.92698,5.6,8.2,10.2
-45580.58609,5.7,5.7,8.7
-45580.35463,6.2,6.7,9.8
-45579.98048,6.2,8.1,10.2
-45581.68173,6.5,5.4,10.1
-45581.08608,6.8,5.5,10.2
-45582.03205,6.9,5.8,9.1
-45579.94687,7.6,12.7,9.1
-45580.00271,8.1,9.0,9.1
-45580.06365,8.3,9.1,9.8
-45580.38517,3.5,9.4,9.8
-45580.13194,4.0,9.7,9.8
-45580.13497,5.8,12.1,9.8
-45580.21399,6.4,12.2,9.8
-45580.74773,6.5,13.0,9.1
-45580.05663,6.6,8.8,9.8
-45579.95693,7.9,5.1,10.2
-45579.93631,8.7,7.8,10.2
-45579.95816,9.0,6.9,9.8
-45580.06192,9.1,8.4,8.7
-45580.37841,3.9,9.5,9.5
-45579.92896,5.3,5.6,10.6
-45580.0943,5.4,12.0,9.5
-45580.24744,6.2,8.9,9.5
-45580.27541,6.6,6.6,9.5
-45580.367,6.8,12.3,9.5
-45580.49818,8.7,9.0,9.5
-45580.76733,3.4,9.2,8.7
-45580.27083,3.5,10.1,9.8
-45580.43749,6.5,12.4,8.7
-45580.64564,7.0,12.7,8.7
-45579.93997,7.2,8.3,9.1
-45581.3724,7.3,5.6,9.8
-45581.59359,7.8,4.9,9.1
-45580.41141,9.0,8.2,9.8
-45580.32278,3.8,8.5,9.1
-45581.30008,4.6,5.2,9.1
-45579.92453,4.7,6.1,10.2
-45581.35767,5.0,5.0,9.8
-45580.15841,5.4,6.3,10.2
-45583.73741,5.5,5.0,9.1
-45579.93968,5.7,8.4,9.1
-45580.58904,6.8,6.0,10.2
-45579.973,6.8,8.6,9.8
-45583.54057,6.9,5.3,9.1
-45579.98563,8.9,9.6,10.2
-45579.98834,3.9,10.0,9.5
-45580.18789,6.1,11.6,9.5
-45580.88762,7.7,5.7,9.5
-45582.06612,5.1,5.0,9.6
-45579.92224,6.1,7.5,10.5
-45580.24328,6.4,8.7,9.5
-45580.37705,3.4,10.1,9.6
-45580.39271,3.5,8.4,9.2
-45580.39615,4.3,5.3,9.2
-45579.96944,5.9,11.4,9.6
-45580.8248,6.5,6.1,10.1
-45582.00398,7.2,5.6,9.6
-45580.49987,9.1,8.2,9.6
-45580.25623,4.0,8.7,9.2
-45579.93157,4.2,8.6,9.7
-45580.0893,5.2,8.5,9.2
-45583.97725,5.8,5.1,9.2
-45580.66475,5.9,6.2,10.1
-45584.01978,6.4,5.2,9.2
-45580.1512,6.5,8.7,9.7
-45580.38964,8.7,8.8,8.8
-45580.37923,9.0,9.9,9.2
-45579.96435,3.4,6.9,10.1
-45580.15169,3.9,9.3,8.8
-45580.08338,6.0,11.6,9.7
-45580.32951,6.2,11.7,9.2
-45579.93226,8.4,9.7,10.1
-45580.13313,9.1,9.4,10.1
-45580.23388,3.8,10.0,9.7
-45581.34427,4.7,5.0,9.4
-45580.01732,6.2,9.1,8.8
-45580.74419,6.8,12.5,8.8
-45580.19188,6.9,6.2,10.3
-45582.42293,7.5,4.8,9.2
-45580.87331,7.6,5.7,9.7
-45580.43173,3.2,8.6,9.9
-45581.28059,5.1,5.2,9.9
-45583.08547,5.4,5.2,9.4
-45580.22901,5.5,6.1,10.3
-45579.93197,5.5,8.7,9.9
-45580.11628,6.2,8.5,9.4
-45580.01664,6.3,6.8,10.3
-45583.58786,6.8,5.1,9.4
-45579.91582,8.2,9.8,9.9
-45580.90559,3.5,9.0,9.0
-45580.80256,5.0,6.1,9.0
-45580.86965,5.8,12.5,9.0
-45580.04738,6.0,8.4,9.9
-45579.96459,6.5,11.5,9.9
-45580.0149,6.6,9.2,9.0
-45580.12254,3.4,10.3,9.9
-45579.95329,3.9,10.2,10.0
-45580.26284,5.1,12.8,8.9
-45580.61448,5.5,12.4,8.9
-45580.01107,5.7,9.0,8.9
-45580.98256,6.0,12.7,8.9
-45580.22227,6.4,11.8,9.0
-45579.98221,6.9,11.9,8.9
-45582.30596,7.4,5.4,9.3
-45580.74191,7.9,5.5,9.4
-45580.0731,8.1,5.7,9.3
-45580.2854,9.1,8.0,9.9
-45580.21608,3.7,8.7,10.0
-45580.54526,3.8,9.1,8.9
-45580.20747,4.2,5.1,9.3
-45579.93888,5.7,11.6,9.3
-45579.99713,5.8,8.6,10.0
-45583.7424,5.9,5.3,9.3
-45580.13919,6.4,6.3,10.4
-45584.05369,6.5,5.0,9.3
-45579.92587,7.5,5.9,10.4
-45580.20555,8.6,9.4,8.9
-45580.06813,8.7,9.9,10.0
-45579.91464,9.0,8.8,10.4
-45580.1803,3.4,8.3,10.1
-45579.94,4.8,8.5,9.3
-45581.8151,5.2,5.7,8.8
-45580.26738,5.8,6.0,10.4
-45581.96934,5.9,4.8,10.1
-45582.12217,6.4,5.8,9.2
-45579.91564,6.6,6.9,10.4
-45580.02819,6.7,6.7,9.7
-45580.03594,9.1,10.0,10.1
-45580.33137,3.8,9.4,9.7
-45581.58621,6.5,5.5,10.1
-45580.5757,6.8,13.0,9.2
-45581.07953,7.0,5.6,10.1
-45580.22074,7.3,12.7,9.2
-45580.48982,7.5,6.2,9.2
-45580.28909,8.6,9.1,9.7
-45580.8472,9.0,9.3,9.2
-45579.99233,4.4,8.9,9.7
-45580.08509,5.5,12.1,9.7
-45580.18169,6.3,8.8,9.7
-45580.81753,7.4,5.1,10.1
-45580.56021,8.9,8.7,8.8
-45580.01864,5.0,4.9,10.5
-45579.93814,5.1,6.4,9.6
-45580.24994,5.6,5.6,10.5
-45580.25075,6.1,8.9,9.2
-45580.48335,6.3,6.6,9.6
-45580.14824,6.9,12.2,9.7
-45580.10969,8.2,9.0,9.6
-45580.58307,3.4,9.5,9.6
-45580.38953,3.9,9.4,9.5
-45580.13975,4.1,9.6,9.6
-45579.9427,4.5,8.9,9.5
-45580.13769,5.4,12.1,9.5
-45580.28944,5.9,12.0,9.6
-45580.26344,6.2,8.8,9.5
-45580.39618,6.5,12.3,9.6
-45580.11578,6.6,6.7,9.5
-45580.09287,6.7,8.9,9.6
-45580.34115,6.8,12.2,9.5
-45580.49005,8.7,9.1,9.5
-45580.3798,3.5,9.5,9.8
-45580.14361,4.0,9.6,9.8
-45581.11882,5.4,4.9,10.2
-45581.17741,5.7,5.6,8.7
-45580.11479,5.8,12.0,9.8
-45580.62916,5.9,13.2,9.1
-45579.95898,6.2,8.0,10.2
-45580.22348,6.4,12.3,9.8
-45580.69581,6.5,13.1,9.1
-45580.03695,6.6,8.9,9.8
-45579.96326,7.9,5.0,10.2
-45579.95621,8.7,7.9,10.2
-45579.98468,9.0,6.8,9.8
-45580.2389,9.1,8.5,8.7
-45579.99256,3.9,8.2,10.2
-45580.28815,4.6,5.8,9.1
-45580.03251,4.7,5.5,10.2
-45582.86177,5.1,4.9,8.7
-45580.30496,5.5,6.4,9.1
-45579.93514,5.6,8.3,10.2
-45580.52745,6.2,6.6,9.8
-45581.1664,6.8,5.4,10.2
-45581.61122,6.9,5.9,9.1
-45579.92476,7.6,12.6,9.1
-45580.04324,8.1,9.1,9.1
-45580.07024,8.3,9.0,9.8
-45580.78029,3.2,9.7,9.3
-45580.14315,3.9,8.8,10.0
-45580.0363,5.1,12.3,9.3
-45580.36376,5.5,13.1,9.3
-45579.92804,5.6,8.9,10.0
-45579.96127,6.0,9.5,9.3
-45579.93449,6.8,12.0,10.0
-45580.38457,6.9,13.2,9.3
-45580.99076,7.4,6.0,9.3
-45580.06833,7.5,5.3,10.4
-45580.01482,8.9,7.6,10.0
-45579.98154,3.5,6.7,10.0
-45581.1285,4.8,5.7,8.9
-45580.69986,5.8,5.4,10.4
-45582.08079,5.9,5.9,9.3
-45581.05093,6.4,4.9,10.4
-45580.18293,6.5,6.4,9.3
-45582.05168,6.7,5.6,8.9
-45580.17699,7.0,6.7,9.3
-45580.14826,8.7,9.3,10.0
-45580.88368,9.1,9.1,9.3
-45580.04929,4.1,4.9,8.9
-45580.46592,4.5,5.6,9.0
-45582.1938,5.0,5.5,9.0
-45580.82993,5.1,5.8,9.9
-45582.13374,5.4,5.8,9.4
-45580.68281,5.5,5.5,10.3
-45579.99684,5.7,6.7,9.9
-45579.92624,5.7,8.1,10.3
-45580.88674,6.0,5.6,10.3
-45581.54853,6.2,5.7,9.0
-45579.96563,6.3,8.2,10.3
-45580.45815,6.8,6.5,9.4
-45581.06397,6.9,4.8,10.3
-45579.93179,7.5,12.9,9.4
-45580.02021,8.0,9.3,9.4
-45579.98299,8.2,9.2,9.9
-45580.36686,3.4,8.9,9.9
-45580.51704,3.7,9.6,9.4
-45580.45498,5.8,13.0,9.4
-45580.08475,5.9,12.2,9.9
-45580.08977,6.5,12.1,9.9
-45579.94717,7.1,8.9,9.4
-45579.93078,7.8,5.2,10.3
-45580.0147,7.9,8.7,9.0
-45579.94346,8.6,8.5,10.3
-45580.07132,9.1,7.4,9.9
-45580.16231,3.4,10.2,9.9
-45580.89902,3.5,9.1,9.0
-45579.91392,3.6,10.8,9.9
-45581.31496,4.7,5.1,9.4
-45580.83211,5.8,12.4,9.0
-45580.33859,6.4,11.9,9.0
-45579.92892,6.5,11.4,9.9
-45579.93167,6.6,9.3,9.0
-45580.13487,6.9,6.3,10.3
-45580.81495,7.9,5.4,9.4
-45580.02233,8.7,8.3,9.4
-45580.32568,9.1,8.1,9.9
-45580.42244,3.2,8.7,9.9
-45581.23741,5.1,5.3,9.9
-45583.00166,5.4,5.3,9.4
-45580.30573,5.5,6.0,10.3
-45579.91354,5.5,8.6,9.9
-45579.98845,6.2,8.4,9.4
-45579.97335,6.3,6.9,10.3
-45583.63393,6.8,5.0,9.4
-45579.91603,7.5,12.3,9.0
-45580.22127,3.7,8.6,10.0
-45580.22126,4.2,5.0,9.3
-45581.00855,5.0,6.0,9.0
-45579.99061,5.8,8.7,10.0
-45583.87076,5.9,5.2,9.3
-45580.06661,6.0,8.5,9.9
-45580.18698,6.4,6.2,10.4
-45584.00263,6.5,5.1,9.3
-45579.96663,6.7,8.5,9.3
-45580.0301,8.6,9.5,8.9
-45580.08586,8.7,9.8,10.0
-45579.91562,9.0,8.9,10.4
-45579.92284,3.9,10.3,10.0
-45580.27203,5.1,12.9,8.9
-45580.64999,5.5,12.5,8.9
-45579.95492,5.7,9.1,8.9
-45580.20241,5.8,6.1,10.4
-45580.97834,6.0,12.6,8.9
-45580.00932,6.3,9.2,8.9
-45579.94365,6.6,6.8,10.4
-45582.1829,7.4,5.5,9.3
-45580.25352,8.1,5.6,9.3
-45580.53725,3.8,9.0,8.9
-45580.16252,5.7,11.7,9.3
-45580.19962,6.4,8.6,9.5
-45579.93854,7.5,5.8,10.4
-45581.02509,7.7,5.6,9.5
-45580.19494,3.8,8.4,9.1
-45581.23553,4.6,5.3,9.1
-45579.93449,4.7,6.0,10.2
-45581.33154,5.0,5.1,9.8
-45580.01212,5.1,6.2,8.7
-45580.22762,5.4,6.2,10.2
-45583.69038,5.5,5.1,9.1
-45579.91345,5.6,6.8,10.2
-45580.01237,5.7,8.5,9.1
-45580.25374,6.1,11.7,9.5
-45580.48091,6.8,6.1,10.2
-45579.99894,6.8,8.7,9.8
-45583.68608,6.9,5.2,9.1
-45579.97253,8.9,9.7,10.2
-45580.30746,3.5,10.0,9.8
-45580.65562,6.5,12.5,8.7
-45580.59677,7.0,12.6,8.7
-45581.26072,7.3,5.7,9.8
-45580.44538,9.0,8.3,9.8
-45580.71494,3.4,9.3,8.7
-45579.9525,5.8,11.5,9.8
-45580.03571,6.7,11.7,9.1
-45581.57937,7.8,4.8,9.1
-45580.57161,3.5,8.5,9.2
-45580.18195,3.8,10.1,9.7
-45580.24798,3.9,9.2,8.8
-45580.44619,4.3,5.2,9.2
-45580.12897,6.0,11.7,9.7
-45580.05978,6.2,9.0,8.8
-45580.21776,6.2,11.6,9.2
-45580.65655,6.8,12.4,8.8
-45579.94134,7.4,6.4,10.1
-45582.42668,7.5,4.9,9.2
-45580.96046,7.6,5.6,9.7
-45579.94726,3.4,6.8,10.1
-45580.21255,4.0,8.6,9.2
-45580.04088,4.2,8.7,9.7
-45580.05093,5.2,8.4,9.2
-45584.02863,5.8,5.0,9.2
-45580.53791,5.9,6.3,10.1
-45580.03913,5.9,11.5,9.6
-45583.8545,6.4,5.3,9.2
-45580.96115,6.5,6.0,10.1
-45580.14081,6.5,8.6,9.7
-45579.9478,8.4,9.6,10.1
-45580.44223,8.7,8.9,8.8
-45580.51704,9.0,9.8,9.2
-45580.124,9.1,9.5,10.1
-45580.4364,3.4,10.0,9.6
-45582.0309,5.1,5.1,9.6
-45579.9195,6.1,7.4,10.5
-45579.94082,6.9,8.7,9.6
-45581.86244,7.2,5.7,9.6
-45580.57001,9.1,8.3,9.6
-45579.919,3.5,10.0,10.2
-45580.39625,5.9,11.8,9.1
-45580.91703,6.5,12.5,9.1
-45580.12083,6.7,9.1,9.1
-45580.57191,7.0,12.6,9.1
-45580.44317,7.3,5.7,10.2
-45581.53904,7.8,4.8,8.7
-45580.06335,9.0,8.3,10.2
-45580.91365,3.4,9.3,9.1
-45580.11097,4.7,6.0,9.8
-45580.8008,5.1,6.2,9.1
-45579.92927,6.1,7.9,10.2
-45580.16157,6.4,12.9,9.8
-45583.29118,6.9,5.2,8.7
-45580.12925,8.2,8.8,9.1
-45580.34376,8.9,9.7,9.8
-45579.96278,3.3,6.3,9.8
-45580.01318,3.8,8.4,8.7
-45580.51129,5.0,5.1,10.2
-45580.73608,5.4,6.2,9.8
-45583.42382,5.5,5.1,8.7
-45579.91183,6.8,8.7,10.2
-45579.93345,8.0,8.9,9.8
-45581.10371,4.6,5.3,8.7
-45580.34849,5.6,12.6,9.5
-45580.43101,5.9,5.0,10.6
-45580.15858,6.1,9.1,9.5
-45581.27957,6.8,6.1,9.8
-45580.36075,6.8,12.8,9.5
-45579.91513,7.4,4.9,10.6
-45580.9676,5.5,6.2,9.6
-45579.94003,5.7,6.8,9.6
-45580.97705,5.8,6.3,9.5
-45582.02422,6.4,6.0,9.5
-45580.33718,6.5,5.3,10.6
-45581.3806,6.9,6.1,9.6
-45580.26846,8.5,9.6,9.5
-45580.63589,9.0,9.5,9.5
-45579.99969,3.2,6.3,9.6
-45580.06267,5.3,12.7,9.6
-45580.34193,5.4,5.1,10.5
-45581.12034,5.9,6.3,9.7
-45579.92147,6.2,7.8,10.5
-45580.33909,6.5,12.9,9.6
-45580.49251,6.8,5.2,10.5
-45580.00728,8.1,8.9,9.6
-45580.44005,8.8,9.7,9.6
-45580.31584,3.5,8.5,8.8
-45580.11933,4.0,8.6,8.8
-45579.99727,4.2,8.7,10.1
-45580.41031,4.3,5.2,8.8
-45583.06704,6.4,5.3,8.8
-45581.85748,6.5,6.0,9.7
-45580.13269,8.4,9.6,9.7
-45580.49644,9.1,9.5,9.7
-45579.95026,3.4,6.8,9.7
-45579.9317,3.8,10.1,10.1
-45580.53463,3.9,9.2,9.2
-45580.03596,4.5,9.1,9.2
-45579.97836,5.6,9.3,9.2
-45583.77217,5.8,5.0,8.8
-45580.06621,6.0,9.1,9.7
-45579.99821,6.5,8.6,10.1
-45580.66165,6.8,12.4,9.2
-45580.1274,6.9,12.8,9.7
-45579.91386,7.0,8.5,10.1
-45582.58387,7.5,4.9,8.8
-45580.3287,7.6,5.6,10.1
-45580.62307,8.7,8.9,9.2
-45580.03701,3.2,8.7,10.3
-45580.01222,4.5,8.5,9.0
-45581.70292,4.7,5.1,9.0
-45580.75168,5.0,6.0,9.4
-45580.03405,5.0,8.6,9.0
-45580.37746,5.1,5.3,10.3
-45583.32996,5.4,5.3,9.0
-45579.93348,5.4,11.9,9.2
-45581.08389,5.5,6.0,9.9
-45580.21191,5.7,12.6,9.7
-45579.93158,6.0,8.5,10.3
-45580.23544,6.2,9.0,9.2
-45580.05297,6.3,6.9,9.9
-45583.94476,6.8,5.0,9.0
-45580.6304,6.9,6.3,9.9
-45580.19488,8.3,9.4,9.4
-45580.7348,3.5,9.1,9.4
-45579.93065,5.2,9.0,9.4
-45580.54542,5.8,12.4,9.4
-45580.05289,5.9,12.8,9.9
-45580.45238,6.4,11.9,9.4
-45580.05721,6.7,12.6,9.9
-45580.01642,7.3,6.6,9.4
-45580.14735,7.8,5.9,9.9
-45581.06904,7.9,5.4,9.0
-45580.05566,8.7,8.3,9.0
-45580.04,9.1,6.7,9.9
-45579.94864,9.1,8.1,10.3
-45580.09255,4.4,9.3,9.3
-45580.08352,5.1,12.9,9.3
-45580.43818,5.5,12.5,9.3
-45580.13183,5.7,9.1,9.3
-45580.73301,6.0,12.6,9.3
-45580.00921,6.2,12.7,10.0
-45580.14151,6.3,9.2,9.3
-45580.05987,6.6,9.3,9.4
-45580.16055,6.9,11.8,9.3
-45582.31905,7.4,5.5,8.9
-45580.02091,8.1,5.6,8.9
-45580.02041,3.5,7.4,10.0
-45580.59848,3.8,9.0,9.3
-45580.95993,5.8,6.1,10.0
-45583.74977,5.9,5.2,8.9
-45580.92158,6.4,6.2,10.0
-45583.92467,6.5,5.1,8.9
-45580.05835,6.6,6.8,10.0
-45579.9214,7.2,8.8,9.3
-45580.47373,7.5,5.8,10.0
-45580.41812,8.6,9.5,9.3
-45580.25835,9.0,8.9,10.0
-45580.22064,3.5,8.1,10.0
-45580.02727,4.1,4.9,9.3
-45580.29083,4.2,5.0,8.9
-45581.09363,4.8,5.7,9.3
-45580.17794,5.8,4.9,10.7
-45581.90227,5.8,5.4,10.0
-45580.18184,5.9,5.9,8.9
-45582.38862,6.4,4.9,10.0
-45580.10488,6.4,5.4,10.7
-45579.98594,6.6,8.3,10.0
-45583.04779,6.7,5.6,9.3
-45580.05818,9.0,10.2,10.0
-45580.95923,9.1,9.1,8.9
-45580.63324,3.2,9.7,8.9
-45580.05117,5.1,12.3,8.9
-45580.57983,5.5,13.1,8.9
-45580.5597,6.9,13.2,8.9
-45581.08399,7.4,6.0,8.9
-45579.95355,7.4,8.6,9.3
-45580.79641,7.5,5.3,10.0
-45579.95299,8.1,8.5,9.3
-45579.98993,8.3,8.4,10.0
-45580.00342,3.4,8.9,10.3
-45580.33198,3.7,9.6,9.0
-45581.8609,5.4,5.8,9.0
-45579.98663,5.7,6.7,10.3
-45580.7537,5.8,13.0,9.0
-45579.93956,7.1,8.9,9.0
-45580.46838,7.8,5.2,9.9
-45580.22104,8.6,8.5,9.9
-45579.98647,3.8,8.0,9.9
-45580.494,4.5,5.6,9.4
-45580.39114,4.6,4.9,9.9
-45581.8713,5.0,5.5,9.4
-45580.15492,5.1,5.8,10.3
-45582.12081,6.0,5.6,9.9
-45579.91984,6.0,7.0,10.3
-45582.90445,6.2,5.7,9.4
-45582.26541,6.9,4.8,9.9
-45580.11326,7.5,12.9,9.0
-45579.91614,3.8,8.2,9.6
-45580.60319,4.6,5.5,9.6
-45579.94046,5.4,6.4,10.5
-45581.76794,5.5,5.5,9.9
-45579.94655,6.1,6.7,10.5
-45579.91709,6.2,7.3,10.5
-45579.96128,6.3,8.2,9.9
-45580.12336,6.8,5.9,10.5
-45580.95433,7.8,5.0,9.6
-45579.91896,4.4,8.9,10.1
-45582.97156,5.5,4.9,9.6
-45580.75343,6.8,13.0,8.8
-45582.78679,6.9,5.4,9.6
-45580.17152,7.5,6.2,8.8
-45580.02955,3.2,10.6,9.7
-45580.05209,3.8,9.4,10.1
-45580.06742,6.1,8.9,8.8
-45579.96503,6.3,8.8,10.1
-45581.72437,7.4,5.1,9.7
-45580.72053,8.9,8.7,9.2
-45580.53293,3.4,8.3,9.7
-45579.92902,4.2,5.4,9.7
-45580.40732,5.2,7.1,8.8
-45580.08714,6.7,6.7,10.1
-45580.35681,7.3,12.7,8.8
-45580.06729,8.6,9.1,10.1
-45580.40037,9.1,10.0,9.7
-45580.11656,4.6,5.8,8.7
-45579.95096,5.0,6.4,10.2
-45582.12236,5.2,5.7,9.2
-45583.24221,5.9,4.8,9.7
-45582.82458,6.5,5.5,9.7
-45582.39587,6.8,5.4,9.8
-45582.13106,7.0,5.6,9.7
-45579.97712,7.1,8.3,9.2
-45579.93303,7.6,12.6,8.7
-45579.92938,8.3,9.0,10.2
-45580.79575,9.0,9.3,8.8
-45580.5171,3.4,9.8,9.1
-45579.94534,3.7,10.7,9.8
-45579.94891,3.9,8.2,9.8
-45580.55988,4.7,5.5,9.8
-45582.89848,5.1,4.9,9.1
-45582.25036,5.4,4.9,9.8
-45582.81281,5.7,5.6,9.1
-45580.19637,6.2,6.6,10.2
-45580.06898,6.9,5.9,8.7
-45580.45449,7.9,5.0,9.8
-45580.2077,8.4,8.6,9.1
-45580.66013,9.1,8.5,9.1
-45580.60593,5.9,13.2,8.7
-45580.73066,6.5,13.1,8.7
-45579.91196,7.2,6.9,8.7
-45580.43423,3.5,8.3,9.5
-45580.00785,3.5,9.5,10.2
-45580.18316,4.3,5.4,9.5
-45583.62032,5.8,4.8,9.5
-45579.92312,5.9,6.5,10.6
-45583.27085,6.4,5.5,9.5
-45580.08536,6.5,5.8,10.6
-45582.38087,7.1,5.6,9.5
-45581.9047,7.5,5.1,9.5
-45580.4377,9.0,10.0,9.5
-45580.04467,5.6,8.6,9.0
-45580.97333,5.7,5.3,10.3
-45584.08593,6.1,5.1,9.0
-45581.34231,6.3,5.0,10.3
-45579.91132,6.9,8.4,10.3
-45580.25117,8.8,9.4,9.9
-45579.91157,3.2,7.8,10.3
-45580.36317,3.9,8.7,9.0
-45581.73588,5.6,6.0,9.4
-45579.98332,5.9,9.0,9.9
-45581.10149,6.0,6.2,9.9
-45580.88217,6.2,6.3,9.4
-45580.63991,6.4,12.6,9.4
-45580.01626,6.7,11.9,9.9
-45579.96513,6.8,6.9,9.4
-45580.27157,7.1,12.5,9.4
-45580.52035,7.2,5.4,10.3
-45579.91652,8.4,8.3,10.3
-45580.2952,3.6,9.1,9.9
-45580.38301,4.0,9.3,9.4
-45580.02629,4.2,9.2,9.9
-45579.92511,5.1,9.1,9.3
-45580.10981,5.2,12.8,9.4
-45580.53249,5.7,12.9,9.3
-45579.91817,6.5,9.3,9.9
-45581.36592,7.3,5.9,9.4
-45580.27901,3.3,9.0,10.0
-45580.12796,4.1,8.5,8.9
-45580.06452,4.9,5.0,10.4
-45581.19004,5.3,6.1,9.3
-45580.49709,6.0,11.9,9.3
-45579.98856,6.2,11.8,10.0
-45580.94219,6.7,6.2,9.3
-45580.49421,6.9,12.7,9.3
-45580.73471,7.1,6.0,10.0
-45580.22204,7.2,13.0,9.3
-45580.98935,7.6,5.8,9.3
-45580.72776,8.1,4.9,8.9
-45579.9623,9.2,6.6,10.0
-45580.63558,3.4,8.6,8.9
-45580.32938,5.2,5.2,10.4
-45579.91276,5.8,7.8,10.4
-45580.9056,6.6,5.1,10.4
-45583.34707,7.0,5.3,8.9
-45580.0586,8.5,9.5,10.0
-45579.96676,9.0,6.4,9.8
-45580.19266,9.0,9.6,10.0
-45580.32201,3.7,9.3,9.8
-45580.31149,4.1,9.1,9.1
-45580.00627,4.3,9.0,9.8
-45579.95139,5.8,9.2,9.8
-45580.18583,6.6,12.5,9.8
-45580.7291,6.7,12.9,9.1
-45580.01436,7.0,11.9,9.1
-45580.17457,7.2,6.5,9.1
-45580.82249,7.3,4.8,10.2
-45580.56422,7.8,5.7,8.7
-45579.96124,8.5,8.1,10.2
-45580.09874,3.3,8.4,10.2
-45580.38484,5.7,6.2,9.1
-45580.85671,5.9,12.7,9.1
-45581.72139,6.1,6.0,9.8
-45580.11796,6.3,6.1,9.1
-45580.02775,6.4,9.1,9.8
-45580.43228,9.2,9.4,9.8
-45580.75198,3.3,9.2,9.5
-45579.91574,5.0,12.6,9.5
-45581.2807,5.6,5.1,10.2
-45582.73583,6.0,5.3,8.7
-45579.9654,6.1,8.6,10.2
-45581.56667,6.2,5.2,10.2
-45579.97764,6.3,8.7,8.7
-45580.09253,8.0,5.8,9.5
-45580.41691,8.9,8.8,9.8
-45579.94234,4.7,9.1,9.5
-45580.18113,5.6,11.9,9.5
-45580.60136,6.1,5.3,10.5
-45580.45939,6.1,12.9,9.5
-45580.55053,6.2,12.4,9.5
-45580.08295,6.8,9.0,9.5
-45580.18791,7.0,5.1,10.6
-45580.86245,7.1,6.2,9.5
-45579.94032,7.3,12.0,9.5
-45580.36537,8.5,8.9,9.5
-45580.49547,8.8,8.8,9.6
-45580.04635,3.4,7.7,9.7
-45580.50222,3.6,9.3,9.6
-45580.16778,4.2,9.0,9.6
-45580.48566,4.9,6.1,9.2
-45580.004,5.9,8.4,10.1
-45580.0348,5.9,9.2,9.6
-45581.98666,6.0,6.0,9.6
-45580.09682,6.5,9.1,9.6
-45581.63275,6.7,5.3,10.1
-45580.34741,6.7,12.5,9.6
-45583.42141,7.1,5.1,8.8
-45579.95042,7.2,12.0,9.7
-45580.19267,8.4,8.9,9.7
-45580.41327,8.7,9.6,9.2
-45579.96552,9.1,6.4,9.6
-45580.15936,3.6,8.5,10.1
-45580.3782,4.8,5.2,10.1
-45580.73315,5.2,6.3,9.2
-45581.21,5.3,5.0,10.1
-45580.33929,6.3,12.4,9.7
-45581.31332,6.6,6.0,9.2
-45579.93788,6.6,8.6,8.8
-45580.86978,7.0,6.2,9.7
-45580.19588,7.3,13.2,9.2
-45580.42809,5.4,12.6,9.2
-45580.11365,5.7,11.9,9.7
-45580.25063,6.0,12.9,9.7
-45580.87636,6.1,12.5,9.2
-45579.93886,6.9,9.0,9.7
-45581.7246,7.5,5.6,8.8
-45580.53782,7.6,4.9,10.1
-45580.4691,8.0,5.5,8.8
-45580.06663,8.8,8.0,10.1
-45580.58675,3.2,9.2,9.7
-45580.4581,3.6,9.8,9.6
-45580.7971,6.2,12.8,9.2
-45579.98003,8.1,5.8,9.7
-45580.28594,8.6,8.6,9.6
-45580.43165,3.2,9.9,9.7
-45582.40316,5.5,5.6,9.6
-45580.18381,5.6,12.1,8.8
-45583.07364,6.0,5.5,9.6
-45580.27262,6.1,5.8,10.5
-45580.2623,6.2,12.2,8.8
-45579.939,6.8,6.6,10.5
-45579.9272,6.8,8.8,8.8
-45580.03171,7.5,8.5,9.2
-45581.77458,7.7,5.1,9.2
-45580.16615,8.1,5.3,9.7
-45579.95736,8.2,8.7,9.7
-45580.16106,8.3,5.2,9.2
-45580.10114,8.8,10.3,9.6
-45580.7756,3.3,9.4,8.8
-45579.91534,6.0,12.3,10.1
-45580.79585,6.1,13.1,8.8
-45580.06935,8.0,8.6,9.2
-45580.60489,9.2,8.4,9.2
-45579.93704,3.6,7.0,10.1
-45580.09903,4.8,5.9,10.1
-45583.05184,5.2,4.8,9.2
-45579.99438,5.3,6.5,10.1
-45582.4512,5.9,5.7,9.7
-45583.30885,6.6,5.5,9.2
-45581.1263,6.7,5.8,10.1
-45582.66204,7.0,4.9,9.7
-45580.00027,7.6,6.2,10.1
-45580.11059,8.5,9.1,8.8
-45579.93234,8.8,7.5,10.1
-45580.08975,3.2,8.2,9.1
-45580.08398,3.7,8.3,9.2
-45580.45286,4.4,5.5,9.1
-45581.96461,4.9,5.4,9.2
-45582.20272,5.1,5.6,9.1
-45580.1796,5.6,6.4,10.2
-45580.88117,6.2,5.9,10.2
-45580.51158,8.8,9.0,8.7
-45580.164,8.9,10.3,9.8
-45580.4828,5.1,7.0,8.7
-45581.76778,5.4,5.6,9.8
-45580.0206,5.5,8.3,9.1
-45583.9811,5.7,4.9,9.1
-45582.60151,6.1,5.5,9.8
-45583.52103,6.3,5.4,9.1
-45580.98528,7.2,7.6,8.7
-45579.95941,9.0,7.7,10.2
-45580.29816,9.2,10.1,9.8
-45580.24996,3.6,9.5,8.7
-45580.28004,3.7,9.8,9.8
-45579.98283,4.0,8.9,10.2
-45579.95869,6.5,8.9,8.7
-45580.30023,6.7,12.3,8.7
-45583.30353,7.2,5.0,9.1
-45580.05774,7.3,6.3,10.2
-45580.33588,8.7,8.6,9.8
-45582.72314,5.8,5.7,9.5
-45582.95233,7.1,4.9,9.5
-45580.53879,8.0,5.3,9.5
-45580.53362,3.3,9.9,9.5
-45580.06992,4.0,8.3,10.0
-45581.78982,4.8,4.8,9.3
-45580.04493,5.2,5.9,10.4
-45581.83054,6.4,5.6,10.0
-45579.91845,6.4,7.0,10.4
-45580.08258,6.6,6.4,10.4
-45583.91471,6.7,4.9,9.3
-45581.49575,7.0,5.8,8.9
-45579.95374,7.1,4.8,10.7
-45580.00236,8.3,8.7,9.5
-45579.96406,8.4,9.3,8.9
-45579.97599,8.5,10.0,10.0
-45582.84138,5.3,5.4,9.3
-45579.97961,5.8,5.6,10.7
-45581.30485,7.1,5.5,10.0
-45580.41207,7.2,12.4,8.9
-45580.83852,3.2,8.8,8.9
-45579.96227,3.3,10.5,10.0
-45580.04931,3.6,10.4,9.9
-45579.93819,4.0,9.8,9.4
-45579.94046,4.2,9.9,9.9
-45580.08868,5.2,12.2,9.0
-45579.93108,5.5,8.9,8.9
-45580.67744,5.7,12.3,8.9
-45580.12498,5.8,8.8,9.0
-45580.17225,6.3,12.0,8.9
-45580.60998,6.6,12.1,9.0
-45582.57181,7.3,5.2,9.4
-45581.83292,7.6,5.3,9.3
-45580.05819,8.0,5.1,10.0
-45580.36854,8.2,5.0,9.3
-45580.0577,8.5,8.5,9.4
-45580.26132,8.8,8.4,9.3
-45580.71267,9.0,8.6,9.4
-45579.92554,3.4,9.6,10.3
-45580.68346,3.7,8.9,9.0
-45583.99382,6.2,4.8,9.4
-45581.6102,6.9,5.7,9.9
-45580.46771,7.1,13.1,9.0
-45580.11178,7.2,6.1,10.3
-45580.83191,8.9,9.2,9.0
-45579.9904,3.3,8.0,9.4
-45580.82266,4.5,4.9,9.4
-45580.23646,4.6,5.6,9.9
-45583.04745,5.6,5.5,9.4
-45580.58491,5.7,5.8,10.3
-45582.69457,6.0,4.9,9.9
-45579.92095,6.0,5.4,10.8
-45580.13528,8.8,10.1,9.9
-45581.00835,9.2,9.0,9.0
-45580.95562,3.2,8.8,9.3
-45580.05945,3.9,9.7,10.0
-45580.01447,6.1,12.1,10.0
-45579.9154,6.2,13.2,10.0
-45580.16226,6.3,6.5,10.3
-45580.10303,7.7,6.0,10.0
-45580.46651,8.2,5.0,8.9
-45579.96261,8.9,6.9,10.0
-45582.06644,4.8,4.8,8.9
-45580.66671,5.2,5.9,10.0
-45580.06074,5.5,8.9,9.3
-45580.56548,5.7,12.3,9.3
-45580.60246,6.3,12.0,9.3
-45579.91766,6.4,7.0,10.0
-45580.55595,6.6,6.4,10.0
-45582.25393,7.0,5.8,9.3
-45582.11846,7.6,5.3,8.9
-45580.25935,8.8,8.4,8.9
-45580.07973,9.2,7.5,10.0
-45580.10177,3.2,7.3,9.9
-45582.94984,5.3,5.4,8.9
-45582.98746,5.6,5.5,9.0
-45581.33718,6.0,4.9,10.3
-45583.93623,6.2,4.8,9.0
-45580.63843,6.4,5.6,10.4
-45583.87488,6.7,4.9,8.9
-45580.59218,6.9,5.7,10.3
-45580.35225,7.1,5.5,10.4
-45580.23362,7.2,12.4,9.3
-45580.34293,8.4,9.3,9.3
-45580.68949,8.9,9.2,9.4
-45580.62145,3.7,8.9,9.4
-45581.11154,4.5,4.9,9.0
-45580.06396,5.2,12.2,9.4
-45580.18348,5.4,6.7,9.4
-45581.60242,5.7,5.8,9.9
-45580.20202,5.8,8.8,9.4
-45580.55085,6.1,6.4,9.4
-45580.61202,6.3,6.5,9.9
-45579.98112,6.4,9.5,9.4
-45580.50779,6.6,12.1,9.4
-45579.96094,7.0,12.3,9.9
-45580.21015,7.1,13.1,9.4
-45583.00589,7.3,5.2,9.0
-45580.21784,8.5,8.5,9.0
-45580.67682,9.0,8.6,9.0
-45580.86563,9.2,9.0,9.4
-45580.00737,3.4,6.4,9.7
-45580.30406,3.4,9.6,9.9
-45579.92402,4.1,8.1,10.1
-45580.05401,4.1,9.5,9.9
-45580.09559,4.3,9.4,9.4
-45580.46208,4.8,5.9,9.7
-45583.11184,5.2,4.8,8.8
-45581.32802,5.9,5.7,10.1
-45582.00959,6.6,5.5,8.8
-45582.15621,6.7,5.8,9.7
-45581.49203,7.0,4.9,10.1
-45580.62262,7.1,6.4,9.2
-45580.64899,7.2,6.1,9.9
-45579.9882,7.9,9.2,9.2
-45580.46953,8.5,9.1,9.2
-45580.08053,3.2,9.9,10.1
-45579.95611,3.7,8.3,8.8
-45582.0293,4.9,5.4,8.8
-45579.94711,5.3,6.5,9.7
-45580.49731,5.6,12.1,9.2
-45580.308,6.0,12.3,9.7
-45580.79684,6.2,12.2,9.2
-45580.10368,6.8,8.8,9.2
-45581.91634,7.7,5.1,8.8
-45579.97192,8.2,8.7,10.1
-45580.09933,8.3,5.2,8.8
-45580.9108,3.3,9.4,9.2
-45580.03381,4.4,5.8,9.6
-45579.93769,4.7,8.9,9.2
-45580.54484,5.6,4.9,10.5
-45580.65011,5.7,6.4,9.6
-45580.65414,6.1,13.1,9.2
-45580.54912,6.2,5.4,10.5
-45580.24189,6.3,13.0,9.7
-45579.92729,7.4,12.6,9.6
-45580.19847,9.2,8.4,8.8
-45580.23417,4.1,8.9,9.6
-45579.99165,5.3,13.2,9.6
-45580.42749,6.2,13.0,9.5
-45582.27617,6.3,5.9,9.6
-45580.2361,6.7,13.1,9.6
-45580.1315,7.0,12.1,9.6
-45580.38436,7.2,6.3,9.6
-45580.16792,7.3,5.0,10.5
-45580.728,4.9,5.9,9.5
-45580.11916,5.2,6.5,9.5
-45580.10222,5.3,4.8,10.6
-45580.52733,6.1,12.3,9.5
-45582.52665,6.6,5.8,9.5
-45580.18112,6.7,5.5,10.6
-45580.67379,3.6,9.5,9.1
-45580.18891,4.0,8.9,9.8
-45580.17535,4.2,8.8,9.1
-45580.20738,6.5,8.9,9.1
-45580.07231,6.6,13.1,9.8
-45580.06403,7.3,6.3,9.8
-45580.06422,9.0,7.7,9.8
-45579.93247,3.7,9.8,10.2
-45580.1109,4.4,5.5,8.7
-45581.83218,5.1,5.6,8.7
-45579.92648,5.9,9.4,9.1
-45581.94375,6.2,5.9,9.8
-45580.75745,6.7,12.3,9.1
-45579.97517,7.1,12.1,9.8
-45583.19885,7.2,5.0,8.7
-45580.03774,8.7,8.6,10.2
-45580.05737,3.3,7.1,9.8
-45580.08783,4.5,5.8,9.8
-45580.75715,5.4,5.6,10.2
-45580.49871,5.6,6.4,9.8
-45583.45494,5.7,4.9,8.7
-45581.68249,6.0,5.8,9.1
-45581.30367,6.1,5.5,10.2
-45581.91107,6.3,5.4,8.7
-45580.75938,8.8,9.0,9.1
-45579.91718,9.2,10.1,10.2
-45580.38907,3.7,8.5,9.5
-45580.28155,4.5,5.3,9.8
-45581.66126,4.9,5.2,9.5
-45582.53995,5.2,5.0,9.5
-45583.44419,6.6,5.3,9.5
-45579.98056,6.7,6.0,10.6
-45580.06682,6.8,11.6,9.5
-45581.40024,7.7,4.9,9.5
-45579.98332,8.3,5.4,9.5
-45580.54107,9.2,8.2,9.5
-45580.50647,3.3,8.4,9.8
-45580.14233,4.4,8.6,9.1
-45580.10748,5.1,8.5,9.1
-45582.52386,5.6,5.1,9.8
-45583.80008,6.0,5.3,9.1
-45580.75784,6.1,6.0,10.2
-45582.92322,6.2,5.2,9.8
-45580.15425,6.3,8.7,9.1
-45580.06124,9.2,9.4,10.2
-45580.00317,3.7,9.3,10.2
-45580.8706,5.9,12.7,8.7
-45580.12726,6.1,8.6,9.8
-45580.09675,6.4,11.7,9.8
-45580.8271,6.7,12.9,8.7
-45580.06669,8.9,8.8,10.2
-45579.97,4.0,10.2,9.8
-45580.57448,5.4,12.6,8.8
-45580.85487,6.1,12.5,8.8
-45581.78775,7.3,4.8,9.8
-45580.73195,7.8,5.7,9.1
-45580.62058,8.0,5.5,9.2
-45580.00857,8.2,5.4,9.7
-45580.18576,3.2,9.2,10.1
-45580.19825,3.3,10.1,9.2
-45580.98414,6.2,12.8,8.8
-45579.92818,6.3,12.4,10.1
-45579.93985,6.9,11.6,9.7
-45581.84247,7.5,5.6,9.2
-45581.28773,7.6,4.9,9.7
-45579.9452,8.8,8.0,9.7
-45580.04829,3.4,7.7,10.1
-45580.48988,3.6,8.5,9.7
-45581.04051,4.8,5.2,9.7
-45580.39773,4.9,6.1,8.8
-45582.29229,5.3,5.0,9.7
-45579.98285,5.9,8.4,9.7
-45580.06247,6.6,8.6,9.2
-45582.89172,6.7,5.3,9.7
-45580.40559,7.0,6.2,10.1
-45583.3801,7.1,5.1,9.2
-45580.30207,7.3,13.2,8.8
-45580.02348,8.4,8.9,10.1
-45580.00091,4.9,8.7,9.2
-45579.91469,5.2,6.3,8.8
-45583.45958,6.3,5.2,9.6
-45580.17566,6.5,11.7,9.6
-45582.51473,7.2,4.8,9.6
-45580.66848,3.2,8.4,9.6
-45579.97135,4.1,10.0,9.9
-45580.30615,4.4,5.3,9.6
-45580.01359,5.6,6.2,10.5
-45583.20528,5.7,5.1,9.6
-45580.17854,6.0,8.6,9.6
-45580.10487,6.2,6.1,10.5
-45580.51211,7.1,12.5,9.0
-45579.96186,3.6,9.1,10.3
-45580.28697,4.0,9.3,9.0
-45580.34147,5.2,12.8,9.0
-45579.91499,5.7,5.0,10.8
-45579.97752,5.9,11.6,9.9
-45580.99021,6.4,12.6,9.0
-45579.99808,6.6,11.4,9.4
-45581.48855,7.2,5.4,9.9
-45581.52268,7.3,5.9,9.0
-45579.92616,8.4,8.3,9.9
-45580.22917,3.2,7.8,9.9
-45580.32487,3.9,8.7,9.4
-45580.05753,4.4,5.1,9.9
-45579.93845,5.6,8.6,9.4
-45582.21882,5.7,5.3,9.9
-45583.91914,6.1,5.1,9.4
-45582.72163,6.3,5.0,9.9
-45579.95884,6.3,5.3,10.8
-45579.97079,7.7,13.1,9.0
-45579.9193,8.8,9.4,10.3
-45580.42538,8.9,9.9,9.4
-45580.79645,3.4,8.6,9.3
-45580.06752,3.7,7.9,10.0
-45580.03835,4.1,8.5,9.3
-45580.74644,4.9,5.0,10.0
-45580.8506,5.6,6.0,9.0
-45580.33471,6.0,6.2,10.3
-45580.09432,7.1,6.0,10.4
-45580.44663,7.2,13.0,8.9
-45579.91965,4.3,8.4,10.0
-45581.22698,5.2,5.2,10.0
-45580.83203,5.3,6.1,8.9
-45579.95803,5.3,8.7,9.3
-45580.14554,6.3,11.5,9.3
-45580.0527,6.4,8.5,10.0
-45582.1813,6.6,5.1,10.0
-45580.13643,6.6,5.2,10.7
-45583.26616,7.0,5.3,9.3
-45579.93772,3.3,9.0,10.4
-45580.79822,5.7,12.9,8.9
-45580.10435,6.0,11.9,8.9
-45581.09831,7.6,5.8,8.9
-45580.21721,9.2,8.0,10.0
-45580.34545,3.6,10.0,9.7
-45579.99074,6.4,9.1,8.8
-45580.82121,6.6,12.5,8.8
-45580.75642,6.9,12.7,8.9
-45582.97539,7.3,4.8,9.2
-45580.39463,7.7,5.5,10.0
-45580.49017,7.8,5.7,9.7
-45580.60368,8.1,4.9,9.3
-45580.22407,8.9,8.2,10.0
-45580.54311,3.7,9.3,8.8
-45580.00071,4.1,9.1,10.1
-45583.76295,5.6,5.1,9.2
-45580.18781,6.3,8.7,9.7
-45580.33757,6.4,11.7,9.2
-45579.95804,7.2,6.5,10.1
-45579.96171,3.2,6.9,10.1
-45580.58444,3.3,8.4,9.2
-45580.89036,4.5,5.3,9.2
-45580.06614,5.4,8.5,9.2
-45580.55921,5.7,6.2,10.1
-45583.06953,6.0,5.3,9.7
-45580.11523,6.1,8.6,9.2
-45584.04192,6.2,5.2,9.2
-45580.87242,6.3,6.1,10.1
-45580.01909,8.8,10.5,9.7
-45580.67653,8.9,8.8,8.8
-45580.78213,9.2,9.4,8.8
-45580.365,3.2,10.1,9.6
-45580.02885,6.7,8.6,9.6
-45582.85393,7.0,5.1,9.6
-45579.96153,7.1,6.2,10.5
-45581.58078,7.4,5.6,9.6
-45580.18702,8.1,5.5,9.6
-45579.94662,9.1,10.7,9.6
-45580.29069,3.7,10.0,9.5
-45580.00697,6.0,6.0,10.6
-45583.56368,6.1,5.3,9.5
-45580.2629,6.2,8.7,9.5
-45580.44191,7.9,5.7,9.5
-45580.5421,9.2,9.9,9.5
-45580.4389,3.6,8.5,9.1
-45581.91346,4.8,5.2,9.1
-45580.01141,4.9,6.1,10.2
-45580.07607,5.2,6.3,10.2
-45583.37322,5.3,5.0,9.1
-45580.83068,5.3,7.6,8.7
-45579.93194,5.8,6.9,10.2
-45580.69067,6.6,6.0,10.2
-45580.07287,6.6,8.6,9.8
-45582.12921,7.1,5.1,9.8
-45579.95046,8.7,9.6,10.2
-45580.00414,9.0,10.7,9.8
-45580.58727,3.2,9.2,8.7
-45580.21309,5.1,12.6,8.7
-45580.88537,6.0,12.9,8.7
-45583.70705,6.7,5.3,9.1
-45580.27164,8.2,5.4,9.1
-45580.29431,3.3,10.1,9.8
-45580.14924,3.9,8.7,10.0
-45580.65581,4.4,5.1,9.3
-45579.93672,4.6,8.5,9.3
-45580.19772,5.6,6.0,10.4
-45579.92836,6.1,7.7,10.4
-45580.14483,6.2,6.3,10.4
-45580.4189,6.3,12.4,8.7
-45580.99151,7.5,5.6,9.8
-45582.21639,7.6,4.9,9.1
-45580.18188,8.0,5.5,9.8
-45580.12557,8.9,9.9,10.0
-45580.79838,3.6,9.1,8.9
-45579.95062,5.6,8.6,10.0
-45583.57839,5.7,5.3,9.3
-45580.23769,5.9,11.6,9.3
-45582.30337,6.1,5.1,10.0
-45580.18189,6.1,5.2,10.7
-45584.12149,6.3,5.0,9.3
-45579.91814,6.9,8.4,9.3
-45580.64682,7.0,12.9,8.9
-45580.02705,7.3,5.9,10.4
-45580.58593,8.8,9.4,8.9
-45579.96383,9.2,10.5,10.0
-45580.12284,3.2,10.3,9.9
-45580.01083,3.7,10.2,10.0
-45580.43303,5.3,12.4,8.9
-45579.91787,5.4,9.1,9.0
-45580.72481,5.6,12.5,9.0
-45580.08177,5.9,9.0,8.9
-45580.15647,6.2,11.8,9.0
-45580.04575,6.7,11.9,8.9
-45579.96917,6.8,9.2,9.0
-45582.77632,7.2,5.4,9.3
-45581.25061,7.7,5.5,9.4
-45580.02464,8.1,4.9,9.9
-45580.09642,8.3,4.8,9.4
-45580.09076,8.9,8.2,9.4
-45580.99634,3.3,9.0,9.0
-45582.64715,5.2,5.2,9.4
-45580.04551,6.1,11.4,9.4
-45579.99027,6.3,11.5,9.9
-45580.0931,6.4,8.5,9.4
-45579.98204,7.6,5.8,10.3
-45579.91676,7.9,8.8,9.0
-45580.01978,9.2,8.0,9.4
-45580.4043,3.4,8.6,9.9
-45580.06996,4.1,8.5,9.9
-45581.92171,4.9,5.0,9.4
-45580.12885,5.3,6.1,10.3
-45579.9941,6.5,6.8,10.3
-45583.79445,6.6,5.1,9.4
-45580.27011,6.7,6.2,10.3
-45581.904,7.0,5.3,9.9
-45581.27411,7.1,6.0,9.0
-45580.05381,7.3,12.2,9.0
-45580.02364,8.4,9.8,9.9
-45579.95652,8.5,9.5,9.0
-45580.65849,9.0,9.6,9.0
-45579.96321,3.6,6.7,9.9
-45579.9323,3.6,8.1,10.3
-45580.55062,5.3,5.4,10.3
-45579.9396,5.9,8.0,10.3
-45582.23093,6.4,5.6,9.0
-45579.95315,6.5,8.3,10.3
-45580.56678,6.6,6.4,9.4
-45581.21259,6.7,4.9,10.3
-45582.86052,7.1,5.5,9.0
-45580.08454,8.4,9.3,9.9
-45580.01476,4.0,8.3,9.0
-45580.12066,4.8,4.8,10.3
-45581.44143,5.2,5.9,9.4
-45580.04375,5.7,12.3,9.9
-45580.37857,5.9,6.6,9.9
-45580.57523,6.1,12.1,9.4
-45581.34526,7.0,5.8,9.9
-45580.09267,7.3,12.8,9.4
-45580.00069,7.7,8.6,9.0
-45580.99319,8.0,5.1,9.0
-45580.41029,3.2,8.8,9.9
-45580.74384,3.4,9.6,9.3
-45580.20011,3.7,8.9,10.0
-45580.28182,3.9,9.7,9.4
-45580.19471,4.1,9.5,9.3
-45579.91605,5.5,8.9,9.9
-45580.33839,5.6,13.1,9.4
-45580.45807,6.2,13.2,9.4
-45580.09819,6.3,12.0,9.9
-45581.13308,7.2,6.1,9.3
-45580.12044,7.6,5.3,10.3
-45580.16532,7.7,6.0,9.4
-45579.9582,8.8,8.4,10.3
-45579.92994,4.3,9.4,10.0
-45580.23871,5.3,13.0,9.3
-45579.97802,5.8,8.8,10.0
-45579.98923,6.6,12.1,10.0
-45580.39609,7.0,12.3,9.3
-45580.30036,7.3,5.2,10.4
-45579.97206,3.3,6.6,10.0
-45580.71976,4.6,5.6,8.9
-45580.52004,5.6,5.5,10.4
-45582.43113,5.7,5.8,9.3
-45583.90453,6.0,4.9,8.9
-45579.92847,6.1,5.9,10.7
-45580.62219,6.1,6.4,10.0
-45581.09131,6.2,4.8,10.4
-45581.82769,6.9,5.7,8.9
-45580.20332,8.9,9.2,10.0
-45580.28518,9.2,9.0,10.0
-45580.42394,3.3,9.4,9.8
-45580.49054,3.7,9.5,9.5
-45579.98624,4.3,8.8,9.5
-45579.95314,5.2,12.0,9.5
-45580.02961,5.5,5.6,10.6
-45579.94953,5.8,9.4,9.5
-45580.24168,6.0,5.5,10.6
-45582.60815,6.1,5.8,9.5
-45580.77588,6.3,13.0,9.1
-45580.2251,6.4,8.9,9.5
-45580.46538,6.6,12.3,9.5
-45580.28263,6.8,6.6,9.5
-45580.26134,7.6,6.2,9.1
-45580.61678,8.9,9.0,9.5
-45580.76551,9.2,9.2,9.5
-45580.06218,5.6,12.1,9.8
-45580.85541,6.0,12.3,9.1
-45580.11084,6.1,13.1,9.8
-45580.22292,6.2,12.2,9.8
-45579.99536,6.8,8.8,9.8
-45580.38353,8.1,5.3,8.7
-45580.10121,9.2,8.4,10.2
-45580.03425,3.7,8.3,10.2
-45580.28606,4.9,5.4,10.2
-45580.86305,5.2,4.8,10.2
-45580.20389,5.3,6.5,9.1
-45580.13936,5.9,5.7,8.7
-45580.32014,6.4,6.7,9.8
-45579.97252,6.4,8.1,10.2
-45581.92569,6.7,5.8,9.1
-45580.12982,7.1,6.4,9.8
-45580.19998,7.7,5.1,10.2
-45579.96643,8.9,7.8,10.2
-45580.66231,4.8,5.9,9.1
-45582.16788,5.4,5.6,8.8
-45581.77102,5.7,4.9,10.1
-45579.95671,5.8,8.2,10.2
-45581.72231,6.1,5.5,8.8
-45581.74016,6.3,5.4,10.1
-45581.21969,6.6,5.5,10.2
-45583.38504,7.0,4.9,8.7
-45580.18945,8.5,9.1,9.8
-45580.42385,8.8,9.0,9.7
-45580.18473,3.2,8.2,10.1
-45580.0211,4.5,5.8,9.2
-45580.62247,5.1,5.6,10.1
-45579.95924,5.3,12.0,9.7
-45580.40522,5.6,6.4,9.2
-45582.31017,6.0,5.8,9.7
-45581.61248,6.2,5.9,9.2
-45580.11552,6.5,8.9,9.7
-45580.07637,6.9,6.6,9.7
-45580.00016,7.5,12.6,9.2
-45580.42786,3.6,9.5,9.7
-45580.36045,4.0,8.9,9.2
-45579.97797,4.9,13.0,9.2
-45579.93939,5.9,9.4,9.7
-45580.61345,6.6,13.1,9.2
-45580.24724,6.7,12.3,9.7
-45580.30645,7.1,12.1,9.2
-45581.16597,7.2,5.0,10.1
-45580.68766,7.3,6.3,9.2
-45580.36145,8.7,8.6,8.8
-45580.65781,3.2,9.4,9.6
-45580.09664,4.2,8.8,9.7
-45580.21281,5.2,13.2,9.2
-45580.23991,5.7,12.1,9.6
-45580.27581,5.8,5.7,10.5
-45580.2883,6.0,13.1,9.6
-45580.41004,6.3,12.2,9.6
-45580.12805,6.5,6.7,9.6
-45579.99415,6.9,8.8,9.6
-45580.44942,7.0,6.4,9.6
-45580.3644,7.1,4.9,10.5
-45580.22883,8.4,9.1,9.6
-45579.92637,9.1,6.2,9.7
-45580.31212,3.7,8.3,9.8
-45580.57451,4.8,5.9,8.7
-45580.9957,4.9,5.4,9.8
-45581.84994,5.2,4.8,9.8
-45582.27918,5.9,5.7,9.1
-45580.11856,6.4,6.7,10.2
-45582.479,6.6,5.5,9.8
-45579.94566,6.7,5.8,8.7
-45583.69177,7.0,4.9,9.1
-45580.08469,7.1,6.4,10.2
-45579.97552,8.5,9.1,10.2
-45580.50545,9.2,8.4,9.8
-45580.53921,3.2,9.9,9.1
-45580.05491,3.3,9.4,10.2
-45580.17816,6.0,12.3,8.7
-45580.84389,6.3,13.0,8.7
-45580.83231,7.7,5.1,9.8
-45580.58588,8.1,5.3,9.1
-45580.14324,8.2,8.7,9.1
-45580.00945,8.9,7.8,9.8
-45580.52827,3.3,8.2,9.5
-45580.50271,4.5,5.5,9.5
-45581.59865,5.0,5.6,9.5
-45583.3659,5.6,4.9,9.5
-45579.92708,5.7,6.4,10.6
-45583.45182,6.2,5.4,9.5
-45580.05554,6.3,5.9,10.6
-45582.46682,7.3,5.0,9.5
-45581.43926,7.6,5.1,9.6
-45580.10686,8.2,5.2,9.6
-45580.00446,3.4,10.7,9.7
-45580.36547,3.6,8.3,9.6
-45580.20769,3.7,9.8,9.2
-45581.10801,4.8,5.4,9.6
-45580.06382,4.9,13.0,8.8
-45582.58013,5.3,4.8,9.6
-45580.23524,6.6,5.8,10.5
-45582.90191,6.7,5.5,9.6
-45580.0142,7.1,12.1,8.8
-45582.22907,7.2,5.0,9.7
-45580.38255,8.7,8.6,9.2
-45580.08039,3.6,9.5,10.1
-45580.04117,4.0,8.9,8.8
-45579.99113,4.2,8.8,10.1
-45580.32221,5.2,13.2,8.8
-45579.93204,6.5,8.9,10.1
-45580.75912,6.6,13.1,8.8
-45579.91093,7.3,6.3,8.8
-45582.72873,5.4,5.6,9.2
-45583.01889,5.7,4.9,9.7
-45581.2427,6.0,5.8,10.1
-45583.33976,6.1,5.5,9.2
-45583.02534,6.3,5.4,9.7
-45580.07821,7.5,12.6,8.8
-45580.11692,8.8,9.0,10.1
-45580.21223,9.2,10.1,9.2
-45580.52055,3.2,8.2,9.7
-45580.16384,4.4,5.5,9.7
-45581.44728,5.1,5.6,9.7
-45580.60849,5.6,13.1,9.0
-45580.6186,6.1,12.1,9.0
-45580.06289,6.9,6.6,10.1
-45580.80685,7.6,5.3,9.9
-45580.71942,8.0,5.1,9.4
-45580.30922,8.8,8.4,9.9
-45580.03964,3.2,8.8,10.3
-45581.53955,5.3,5.4,9.9
-45579.95174,6.2,11.3,9.4
-45580.69099,6.2,13.2,9.0
-45583.15495,6.4,5.6,9.4
-45579.99449,6.5,8.3,9.9
-45582.50473,6.7,4.9,9.9
-45582.69813,7.1,5.5,9.4
-45580.37228,7.7,6.0,9.0
-45580.25883,3.6,8.1,9.9
-45580.01898,4.3,5.7,9.4
-45580.76914,4.8,4.8,9.9
-45581.56681,5.2,5.9,9.0
-45581.0395,5.7,5.8,8.9
-45580.08116,5.9,6.6,10.3
-45580.10589,6.1,6.4,10.4
-45580.44483,7.0,5.8,10.3
-45580.31832,7.3,12.8,9.0
-45580.0311,7.6,12.9,8.9
-45579.92829,9.1,10.8,9.9
-45579.94261,9.2,9.0,10.4
-45580.22043,3.3,8.0,10.0
-45580.10882,4.5,4.9,10.0
-45580.77174,4.6,5.6,9.3
-45580.46688,5.3,13.0,8.9
-45580.09044,5.6,4.8,10.7
-45581.60433,5.6,5.5,10.0
-45584.08128,6.0,4.9,9.3
-45582.44298,6.2,4.8,10.0
-45580.07446,6.2,5.5,10.7
-45582.64284,6.9,5.7,9.3
-45580.84645,7.2,6.1,8.9
-45580.63375,3.4,9.6,8.9
-45580.00526,4.0,9.8,10.0
-45580.01482,4.8,13.2,8.9
-45580.57847,7.0,12.3,8.9
-45581.17747,7.3,5.2,10.0
-45580.12272,8.5,8.5,10.0
-45580.28684,9.0,8.6,10.0
-45580.74213,3.6,9.1,9.3
-45580.07368,4.0,9.3,10.0
-45580.28148,4.2,9.2,9.3
-45580.40018,7.0,12.9,9.3
-45579.94046,7.2,8.7,9.3
-45580.62844,7.3,5.9,10.0
-45580.08596,3.3,7.5,10.0
-45580.78678,4.4,5.1,8.9
-45580.25043,5.3,12.4,9.3
-45580.95557,5.6,6.0,10.0
-45580.23231,5.9,9.0,9.3
-45580.84943,6.0,6.2,9.3
-45579.91345,6.2,6.0,10.7
-45580.78356,6.2,6.3,10.0
-45583.98622,6.3,5.0,8.9
-45580.01392,6.4,12.6,10.0
-45580.08843,6.5,9.3,9.3
-45580.42229,6.7,11.9,9.3
-45582.89623,7.2,5.4,8.9
-45580.64996,8.8,9.4,9.3
-45579.98635,4.3,8.4,9.0
-45583.08276,5.2,5.2,9.0
-45580.69427,5.3,6.1,9.9
-45583.46569,5.7,5.3,8.9
-45580.98327,6.1,5.1,10.4
-45580.11779,6.5,6.8,9.9
-45584.02228,6.6,5.1,9.0
-45580.77571,7.0,5.3,10.3
-45580.01762,7.1,8.6,9.0
-45580.04848,7.3,12.2,9.4
-45580.33174,8.5,9.5,9.4
-45580.66907,9.0,9.6,9.4
-45580.00075,3.4,8.6,10.3
-45579.91841,4.1,8.5,10.3
-45579.92307,4.7,9.3,9.4
-45582.36754,4.9,5.0,9.0
-45579.98398,5.4,9.1,9.4
-45580.42826,5.6,12.5,9.4
-45579.97367,5.7,12.9,9.9
-45580.06541,6.0,11.9,9.9
-45580.38887,6.2,11.8,9.4
-45580.98822,6.7,6.2,9.9
-45580.03118,6.8,9.2,9.4
-45579.96774,6.9,12.7,9.9
-45581.43002,7.1,6.0,9.4
-45581.53699,7.7,5.5,9.0
-45580.20372,8.3,4.8,9.0
-45580.85039,3.3,9.0,9.4
-45579.939,3.4,6.2,9.6
-45579.94239,4.8,6.1,9.6
-45580.19424,5.2,5.0,10.5
-45580.44602,5.3,6.3,9.6
-45579.91429,6.4,7.9,10.5
-45580.53936,6.6,5.3,10.5
-45581.86428,6.7,6.0,9.6
-45579.97982,7.2,13.2,9.6
-45580.48414,7.6,5.8,9.9
-45580.32364,8.6,9.6,9.6
-45579.99879,3.2,6.9,9.7
-45580.20115,5.5,12.6,9.6
-45580.41783,6.0,12.5,9.6
-45583.477,6.2,5.2,8.8
-45580.39428,6.3,12.8,9.6
-45579.93282,8.2,9.7,9.7
-45580.78119,8.9,8.8,9.2
-45580.15437,3.3,8.4,8.8
-45579.99956,3.6,10.0,10.1
-45579.95018,4.4,8.6,10.1
-45580.88632,4.5,5.3,8.8
-45583.65627,5.6,5.1,8.8
-45581.21707,5.7,6.2,9.7
-45580.10959,5.8,9.2,9.2
-45580.2648,5.9,12.7,9.7
-45581.78004,6.0,5.3,10.1
-45581.16651,6.1,6.0,9.2
-45579.97826,6.1,8.6,8.8
-45581.67014,6.3,6.1,9.7
-45579.99362,6.3,8.7,10.1
-45580.79981,6.6,12.5,9.2
-45580.02305,7.0,11.9,9.7
-45583.0404,7.3,4.8,8.8
-45580.05865,7.8,5.7,10.1
-45580.92584,9.2,9.4,9.2
-45580.15447,4.1,9.1,9.7
-45580.13792,4.3,9.0,9.2
-45580.17971,6.4,9.1,9.2
-45580.19024,6.7,12.9,9.7
-45580.68372,3.7,9.3,9.2
-45580.16992,5.1,12.6,9.1
-45580.80484,6.0,12.9,9.1
-45580.1914,6.2,12.8,9.8
-45581.01447,3.2,9.2,9.1
-45579.91316,3.3,10.1,10.2
-45579.98376,5.4,12.6,9.8
-45579.92978,5.5,9.3,9.1
-45580.37997,5.7,11.9,9.1
-45580.2243,6.1,12.5,9.8
-45580.93595,6.3,12.4,9.1
-45580.08199,6.9,9.0,9.1
-45580.28517,7.5,5.6,10.2
-45582.22197,7.6,4.9,8.7
-45579.96384,8.2,5.4,8.7
-45580.05553,9.2,7.1,9.8
-45580.22675,3.6,8.5,8.7
-45581.89277,4.8,5.2,8.7
-45580.16786,4.9,6.1,9.8
-45580.12908,5.2,6.3,9.8
-45581.62686,6.6,6.0,9.8
-45582.9004,6.7,5.3,8.7
-45580.81012,7.0,6.2,9.1
-45580.232,8.4,8.9,9.1
-45580.27013,8.7,9.6,9.8
-45580.34116,4.0,9.1,9.5
-45583.25826,5.3,5.0,8.7
-45579.99111,5.4,6.8,9.5
-45581.11963,5.6,6.2,9.5
-45580.31929,5.7,5.1,10.6
-45580.43672,5.8,12.7,9.5
-45581.73226,6.2,6.1,9.5
-45580.41288,6.3,5.2,10.6
-45579.95115,6.6,8.6,10.2
-45580.41354,6.6,12.9,9.5
-45581.01529,7.1,5.1,10.2
-45580.04057,7.1,11.9,9.5
-45580.08009,7.2,4.8,10.6
-45580.07743,7.3,6.5,9.5
-45579.96524,8.3,9.7,9.5
-45579.93247,3.2,9.7,10.3
-45579.94934,3.8,10.5,9.9
-45580.35685,3.9,8.8,9.0
-45580.14383,5.0,13.1,9.0
-45580.49966,5.4,12.3,9.0
-45580.06551,5.6,8.9,9.0
-45580.43863,6.8,12.0,9.0
-45580.04917,7.4,6.0,10.3
-45581.96506,7.5,5.3,9.4
-45580.01557,3.5,8.1,9.4
-45580.35759,4.3,4.8,9.4
-45580.46541,4.8,5.7,9.9
-45580.57729,5.9,5.9,10.3
-45580.19093,6.5,6.4,10.3
-45579.92694,7.0,6.7,10.3
-45580.16468,9.0,10.2,9.4
-45581.60979,5.1,5.8,8.9
-45583.41578,5.8,5.4,9.4
-45580.02404,6.1,8.3,10.0
-45581.72169,6.2,5.7,10.0
-45583.97805,6.4,4.9,9.4
-45581.96111,6.7,5.6,9.9
-45583.65691,6.9,4.8,9.3
-45580.17975,7.4,12.5,8.9
-45580.08213,8.6,10.0,9.9
-45580.58121,8.7,9.3,9.0
-45579.99599,9.1,9.1,10.3
-45579.98686,3.5,10.4,10.0
-45580.01492,4.5,5.6,10.0
-45581.20756,4.6,4.9,9.3
-45580.74381,5.0,5.5,10.0
-45580.21348,5.4,5.8,10.4
-45583.0206,5.5,5.5,9.3
-45583.12306,6.0,5.6,9.3
-45579.91498,6.2,7.1,10.4
-45580.41662,6.5,12.1,8.9
-45580.01494,6.8,6.5,10.4
-45581.31935,7.8,5.2,9.3
-45580.19326,8.6,8.5,9.3
-45580.15561,9.0,7.9,10.0
-45580.58726,5.9,12.2,8.9
-45579.96787,8.4,5.1,9.3
-45580.92308,3.4,8.9,8.9
-45581.31355,5.2,5.7,9.8
-45580.18803,5.8,6.5,10.2
-45584.03746,5.9,4.8,9.1
-45583.15409,6.5,5.5,9.1
-45582.75717,7.0,5.6,9.1
-45580.08775,8.6,9.1,8.7
-45580.03707,9.0,9.3,10.2
-45580.1661,3.4,8.3,9.1
-45580.15891,3.9,9.9,9.8
-45580.13341,4.2,5.4,9.1
-45580.98022,6.4,5.8,10.2
-45580.15899,6.9,12.2,8.7
-45580.12844,8.7,10.2,9.8
-45580.4259,8.9,8.7,9.8
-45580.16851,9.1,10.0,9.1
-45579.99162,6.3,8.8,8.7
-45582.76127,7.4,5.1,9.1
-45580.00779,7.6,8.5,9.1
-45580.03158,3.8,9.4,8.7
-45582.03987,5.0,4.9,9.5
-45582.72485,5.6,5.6,9.5
-45579.91131,6.3,6.6,10.6
-45580.56422,7.4,7.7,8.7
-45580.01019,7.5,6.2,10.2
-45580.5344,3.5,9.8,9.5
-45580.12753,8.5,8.6,9.5
-45580.63124,9.0,8.5,9.5
-45580.29036,3.8,9.9,9.6
-45581.91944,5.3,5.7,9.6
-45579.93445,6.6,6.7,10.5
-45579.92862,8.6,10.2,9.6
-45580.50438,8.8,8.7,9.6
-45580.45531,3.4,9.8,9.7
-45580.58223,3.5,9.5,8.8
-45580.50577,6.4,12.3,8.8
-45581.21296,7.9,5.0,9.2
-45580.0695,8.4,8.6,9.7
-45581.26286,4.7,5.5,9.2
-45581.85387,5.1,4.9,9.7
-45580.2242,5.5,6.4,10.1
-45579.98128,5.8,12.0,8.8
-45580.1718,6.0,6.7,10.1
-45580.01875,6.6,8.9,8.8
-45580.02541,7.3,8.4,9.2
-45580.56754,9.1,8.5,9.7
-45579.97049,4.6,5.8,10.1
-45583.49879,5.4,4.9,9.2
-45579.93634,5.6,8.3,9.2
-45582.44309,5.7,5.6,9.7
-45583.44169,6.8,5.4,9.2
-45580.84481,6.9,5.9,10.1
-45580.38275,8.6,8.9,9.6
-45580.39118,3.8,9.2,9.6
-45580.0329,4.4,9.1,9.6
-45580.07489,5.5,11.9,9.6
-45579.92826,5.7,9.3,9.6
-45580.17568,6.3,9.0,9.6
-45580.25087,6.9,12.4,9.6
-45580.07705,3.2,7.6,9.7
-45580.1096,3.8,8.4,10.1
-45580.08574,4.6,5.3,10.1
-45580.11165,4.7,6.0,9.2
-45582.64912,5.0,5.1,8.8
-45580.23808,5.1,6.2,9.7
-45581.02222,5.4,6.2,9.2
-45581.45971,5.5,5.1,10.1
-45579.9635,5.7,8.5,10.1
-45581.06771,6.8,6.1,9.2
-45581.49673,6.9,5.2,10.1
-45580.00498,8.0,8.9,9.2
-45580.02897,8.2,8.8,9.7
-45580.54757,8.9,9.7,9.2
-45580.50693,3.4,9.3,9.7
-45580.24112,5.2,12.7,9.2
-45580.14523,5.9,11.8,9.7
-45580.15739,6.0,9.1,9.1
-45580.73687,6.4,12.9,9.2
-45580.31168,6.5,12.5,9.7
-45579.99129,6.7,9.1,9.7
-45580.11262,7.0,12.6,9.7
-45581.78617,7.3,5.7,8.8
-45580.2377,7.8,4.8,10.1
-45580.03626,8.6,8.1,10.1
-45580.015,9.0,8.3,8.8
-45579.93666,5.4,11.9,9.8
-45580.75881,5.7,12.6,9.1
-45580.07065,6.2,9.0,9.8
-45580.12744,6.8,12.4,9.8
-45580.51257,7.5,4.9,10.2
-45581.35965,7.6,5.6,8.7
-45580.22759,3.9,9.2,9.8
-45581.50747,5.8,5.0,10.2
-45581.47236,6.4,5.3,10.2
-45579.91298,6.5,8.6,8.7
-45580.63633,6.9,12.8,9.1
-45580.18559,7.4,6.4,9.1
-45580.31647,8.7,8.9,9.8
-45580.85874,9.1,9.5,9.1
-45580.0792,3.5,8.5,10.2
-45579.99592,4.0,8.6,10.2
-45580.70314,6.5,6.0,9.1
-45580.11274,6.6,9.1,9.5
-45579.97018,9.0,9.8,10.2
-45580.64276,3.5,9.3,9.5
-45580.22692,5.0,6.2,9.5
-45579.91762,5.1,5.1,10.6
-45580.23532,5.8,11.8,9.5
-45580.53703,6.4,12.5,9.5
-45580.20378,7.1,12.6,9.5
-45580.11279,8.3,8.8,9.5
-45580.22651,3.5,9.1,10.0
-45579.9368,5.5,8.6,8.9
-45579.97658,5.8,12.4,10.0
-45580.63821,5.9,12.8,9.3
-45579.99468,6.4,11.9,10.0
-45580.63736,6.7,12.6,9.3
-45580.82534,6.8,5.0,10.4
-45580.02924,7.0,9.1,9.3
-45580.18225,7.8,5.9,9.3
-45580.00814,9.0,7.2,10.0
-45580.75398,3.2,8.7,8.9
-45580.33861,5.0,6.0,10.0
-45580.47663,5.4,5.3,10.4
-45581.59326,5.5,6.0,9.3
-45579.98643,8.3,9.4,10.0
-45579.91738,3.4,7.9,10.3
-45580.46522,3.7,8.6,9.0
-45582.7477,5.1,5.3,8.9
-45581.52912,5.8,6.1,9.4
-45580.10111,5.8,8.7,9.0
-45580.14616,6.1,6.8,10.0
-45581.22781,6.4,6.2,9.4
-45581.24561,6.5,5.1,10.3
-45580.835,6.9,6.3,9.3
-45580.06444,7.4,13.1,9.3
-45579.9141,4.4,9.3,9.9
-45581.15818,5.9,5.2,10.3
-45579.92075,6.7,8.5,10.3
-45580.16504,8.6,9.5,9.9
-45580.76149,9.0,8.9,9.4
-45580.2312,3.8,9.0,9.9
-45579.9428,5.0,12.5,9.4
-45580.25448,5.4,12.9,9.4
-45579.93128,5.7,9.1,9.9
-45580.09434,6.1,9.3,9.4
-45580.62989,6.2,12.7,9.4
-45579.93074,6.9,11.8,9.9
-45580.26178,7.4,5.5,10.3
-45581.21717,7.5,5.8,9.4
-45579.93382,5.0,6.0,10.4
-45579.96461,5.4,5.0,10.7
-45581.49782,5.4,5.3,10.0
-45579.96004,5.5,12.5,9.9
-45580.00632,6.0,8.5,9.3
-45580.10599,6.0,12.6,9.9
-45580.05617,6.2,8.4,10.0
-45579.94687,6.3,9.2,9.9
-45582.02989,6.8,5.0,10.0
-45580.03937,6.8,5.3,10.7
-45580.93517,3.2,8.7,9.3
-45580.39603,4.7,5.1,10.0
-45582.4815,5.1,5.3,9.3
-45580.73055,5.5,6.0,8.9
-45579.99263,5.5,8.6,9.3
-45579.96845,6.1,6.8,10.4
-45580.24104,7.4,13.1,8.9
-45579.91468,8.9,10.6,10.0
-45580.06561,3.4,10.2,9.3
-45580.02675,6.5,11.4,9.3
-45580.88775,6.7,12.6,8.9
-45580.26076,7.8,5.9,8.9
-45580.14825,7.9,5.4,10.0
-45580.18261,8.7,8.3,10.0
-45579.97962,9.1,8.1,9.3
-45579.94283,3.8,9.0,10.3
-45580.05557,5.0,12.5,9.0
-45580.53152,5.4,12.9,9.0
-45579.94507,5.7,11.7,9.9
-45580.92997,5.9,12.8,8.9
-45581.36012,7.5,5.8,9.0
-45580.24391,3.4,7.9,9.9
-45580.47687,3.7,8.6,9.4
-45580.05883,5.8,6.1,9.0
-45579.97277,6.1,9.3,9.0
-45580.98886,6.2,12.7,9.0
-45581.06188,7.4,5.5,9.9
-45579.95271,8.1,5.6,9.9
-45580.31906,8.7,9.8,9.4
-45580.08513,9.1,10.4,9.9
-45580.13438,3.4,9.3,10.1
-45580.38194,5.2,12.7,8.8
-45580.15265,5.8,8.7,9.4
-45579.96275,5.9,5.1,10.8
-45582.48189,5.9,5.2,9.9
-45580.93955,6.4,12.9,8.8
-45582.59399,6.5,5.1,9.9
-45579.959,6.5,5.2,10.8
-45579.99638,6.7,8.5,9.9
-45580.06833,6.7,11.7,9.7
-45580.41706,7.3,7.1,8.8
-45580.91783,9.0,8.9,9.0
-45579.9688,9.1,7.0,10.1
-45580.17057,3.5,10.0,9.2
-45580.24103,3.8,8.4,9.7
-45580.57798,4.6,5.3,9.7
-45582.4669,5.0,5.1,9.2
-45582.04889,7.3,5.7,9.2
-45580.82695,7.8,4.8,9.7
-45580.24302,9.0,8.3,9.2
-45580.05099,4.7,8.6,9.2
-45580.01549,5.0,7.7,8.8
-45580.14845,5.1,6.2,10.1
-45580.04526,5.4,6.2,8.8
-45582.6492,5.5,5.1,9.7
-45580.08135,6.8,8.7,9.2
-45580.03997,3.2,7.6,10.1
-45580.10584,4.7,6.0,8.8
-45579.91309,5.7,8.5,9.7
-45580.02371,5.8,6.3,10.5
-45580.15009,6.3,11.6,9.6
-45582.70872,6.9,5.2,9.7
-45582.01493,7.4,4.9,9.6
-45579.9652,8.2,8.8,10.1
-45580.00687,8.9,9.7,8.8
-45580.62957,3.4,8.5,9.6
-45579.9996,4.1,8.6,9.6
-45580.00644,4.2,5.2,9.6
-45582.94642,5.4,5.1,9.5
-45579.9229,5.5,6.2,10.6
-45583.45137,5.9,5.0,9.6
-45579.91198,6.3,7.5,10.6
-45580.15032,6.4,6.0,10.5
-45583.30433,6.5,5.3,9.6
-45583.33053,6.8,5.2,9.5
-45580.52114,9.1,9.8,9.6
-45580.00487,3.9,8.4,9.5
-45581.07665,4.7,5.3,9.5
-45582.81833,5.8,5.0,9.8
-45580.03488,6.5,8.6,9.1
-45580.2052,6.6,11.7,9.5
-45579.93804,6.9,6.1,10.6
-45580.87348,7.9,4.8,9.5
-45580.4657,3.5,8.5,9.8
-45579.9362,3.7,7.7,10.2
-45580.18174,4.0,8.6,9.8
-45580.00079,4.3,5.2,9.8
-45582.81212,6.4,5.3,9.8
-45580.07382,7.0,8.5,9.1
-45580.02912,8.7,8.9,10.2
-45580.36097,9.0,9.8,9.8
-45580.51458,9.1,9.5,8.7
-45579.98085,3.9,9.2,10.2
-45580.00513,4.1,5.3,9.1
-45580.17269,4.2,8.7,9.1
-45580.73984,5.7,12.6,8.7
-45580.29029,6.0,11.7,9.1
-45580.0726,6.2,11.6,9.8
-45580.74454,6.9,12.8,8.7
-45581.3137,7.5,4.9,9.8
-45581.59465,7.6,5.6,9.1
-45580.5334,4.7,5.8,9.5
-45580.3085,5.8,13.2,9.5
-45579.93112,6.4,9.6,9.5
-45580.3897,6.4,13.1,9.5
-45580.48216,5.4,6.4,9.5
-45580.24477,5.5,4.9,10.6
-45580.45292,5.5,12.1,9.1
-45580.06743,6.1,6.7,9.5
-45580.2017,6.3,8.8,9.1
-45582.11672,6.8,5.9,9.5
-45580.14076,6.9,5.4,10.6
-45580.03359,8.0,9.1,9.5
-45580.53819,3.8,9.4,9.1
-45580.04334,4.4,8.9,9.1
-45580.47432,5.2,5.7,10.2
-45583.07591,5.9,4.8,8.7
-45580.09287,6.1,8.9,9.8
-45581.29207,6.5,5.5,8.7
-45580.03345,6.8,13.0,9.8
-45580.57815,6.9,12.2,9.1
-45582.75451,7.4,5.1,8.7
-45579.99825,7.5,6.2,9.8
-45580.07101,8.9,8.7,10.2
-45579.95515,9.2,6.3,9.8
-45581.22277,4.7,5.5,8.8
-45580.91373,5.1,4.9,10.1
-45580.37755,5.5,6.4,9.7
-45580.52502,5.8,6.5,9.8
-45580.21877,6.0,6.7,9.7
-45582.11343,6.4,5.8,9.8
-45581.76312,6.9,5.9,9.7
-45581.70757,7.0,5.6,8.7
-45580.56341,8.6,9.1,9.1
-45580.40123,9.0,9.3,9.8
-45580.05618,3.2,6.5,9.7
-45580.76731,3.5,9.5,9.2
-45580.01598,4.0,9.6,9.2
-45580.28586,4.6,5.8,9.7
-45579.94234,4.9,8.8,9.2
-45580.10369,5.0,6.4,9.2
-45583.49868,5.4,4.9,8.8
-45581.30586,5.7,5.6,10.1
-45579.96054,6.0,8.1,10.1
-45580.18926,6.5,13.1,9.7
-45582.8365,6.8,5.4,8.8
-45579.99295,8.1,9.1,9.7
-45580.25425,8.3,9.0,9.2
-45580.07742,3.4,9.8,10.1
-45580.00897,4.2,9.7,9.7
-45580.68275,5.8,4.8,10.5
-45580.54725,5.8,12.0,9.2
-45580.54975,5.9,6.5,9.6
-45580.14844,5.9,13.2,9.7
-45580.46875,6.4,5.5,10.5
-45580.83431,6.4,12.3,9.2
-45582.46899,6.5,5.8,9.6
-45580.23286,6.6,8.9,9.2
-45580.12086,7.1,5.6,10.5
-45580.04919,7.2,12.7,9.6
-45581.27193,7.9,5.0,8.8
-45580.0346,8.4,8.6,10.1
-45580.20277,9.1,8.5,10.1
-45580.62145,9.1,9.3,9.6
-45580.52126,4.3,4.8,9.0
-45579.95581,4.8,5.7,10.3
-45580.17192,6.0,8.9,9.6
-45580.74343,6.5,6.4,9.9
-45580.174,6.9,13.0,9.6
-45580.24432,7.4,6.2,9.6
-45579.96333,7.5,5.1,10.5
-45580.08596,5.2,6.6,9.4
-45583.33564,5.8,5.4,9.0
-45581.59467,5.9,5.9,9.9
-45580.53329,8.7,9.3,9.4
-45580.32572,3.2,9.7,9.9
-45580.05437,3.4,7.2,9.9
-45580.4163,3.9,8.8,9.4
-45580.25052,5.4,12.3,9.4
-45580.05594,6.2,9.4,9.4
-45584.08343,6.4,4.9,9.0
-45580.79584,6.7,5.6,10.3
-45580.54466,7.4,6.0,9.9
-45580.35128,9.1,9.1,9.9
-45580.87572,3.4,8.9,9.3
-45580.13854,3.7,9.6,10.0
-45579.94832,5.0,13.1,9.4
-45579.94277,5.3,8.8,9.3
-45580.10856,5.6,8.9,9.4
-45580.65161,5.9,12.2,9.3
-45580.63268,6.5,12.1,9.3
-45580.35384,6.8,12.0,9.4
-45582.39684,7.5,5.3,9.0
-45581.55566,7.8,5.2,8.9
-45580.06943,8.3,8.4,9.0
-45579.96749,8.4,5.1,8.9
-45580.26944,8.6,8.5,8.9
-45581.569,5.1,5.8,9.3
-45582.79321,5.5,5.5,8.9
-45581.71904,6.0,5.6,8.9
-45579.91117,6.1,8.3,10.4
-45580.56801,6.2,5.7,10.4
-45583.66763,6.9,4.8,8.9
-45580.05562,7.4,12.5,9.3
-45580.21191,8.2,9.2,9.3
-45581.4289,4.6,4.9,8.9
-45580.0363,5.0,5.5,10.4
-45581.02341,5.4,5.8,10.0
-45580.0231,5.7,6.7,9.3
-45580.33208,5.8,12.0,9.5
-45580.52434,6.4,12.3,9.5
-45580.19112,6.6,8.9,9.5
-45580.29493,6.8,6.5,10.0
-45580.62013,3.5,9.5,9.5
-45580.25017,4.0,9.6,9.5
-45579.93191,5.0,6.4,9.5
-45579.93786,5.1,4.9,10.6
-45580.11199,5.7,5.6,10.6
-45580.3488,6.2,6.6,9.5
-45580.22085,8.3,9.0,9.5
-45579.9823,5.4,12.1,9.8
-45580.21546,6.0,8.9,9.1
-45580.12755,6.2,8.8,9.8
-45580.11031,6.8,12.2,9.8
-45580.47167,7.5,5.1,10.2
-45580.35834,8.8,8.7,8.7
-45580.14876,9.2,7.6,9.8
-45580.21808,3.9,9.4,9.8
-45579.9314,4.5,8.9,9.8
-45581.29706,6.4,5.5,10.2
-45580.58511,6.9,13.0,9.1
-45580.72712,7.1,5.6,10.2
-45580.37325,7.2,12.7,9.1
-45580.73981,7.4,6.2,9.1
-45580.30014,8.7,9.1,9.8
-45580.93285,9.1,9.3,9.1
-45580.06098,3.5,8.3,10.2
-45581.50192,5.3,5.7,8.7
-45581.56583,5.8,4.8,10.2
-45581.70693,6.5,5.8,9.1
-45580.12824,6.6,6.7,9.8
-45579.94758,6.6,8.1,10.2
-45579.92445,9.0,10.0,10.2
-45580.0866,3.8,8.2,10.1
-45580.04623,4.6,5.5,10.1
-45580.56975,4.7,5.8,9.2
-45582.67787,5.0,4.9,8.8
-45580.61977,5.4,6.4,9.2
-45579.95804,5.7,8.3,10.1
-45580.53368,6.3,6.6,9.7
-45581.84595,6.8,5.9,9.2
-45581.36011,6.9,5.4,10.1
-45580.06439,8.2,9.0,9.7
-45580.11771,4.1,9.6,9.7
-45581.53053,5.5,4.9,10.1
-45581.90999,5.6,5.6,8.8
-45580.54569,5.8,13.2,9.2
-45579.93032,6.3,8.0,10.1
-45580.65212,6.4,13.1,9.2
-45580.03931,8.0,9.1,9.2
-45579.96395,9.1,6.8,9.7
-45580.48655,3.4,9.5,9.7
-45580.21422,5.9,12.0,9.7
-45580.30459,6.5,12.3,9.7
-45580.10308,6.7,6.7,9.6
-45580.03675,6.7,8.9,9.7
-45580.22374,7.8,5.0,10.1
-45580.14752,8.5,8.6,8.8
-45579.95046,8.6,7.9,10.1
-45580.33333,9.0,8.5,8.8
-45580.38014,3.8,9.4,9.6
-45580.00127,4.4,8.9,9.6
-45579.97966,5.2,5.7,10.5
-45580.14035,5.5,12.1,9.6
-45580.22993,6.3,8.8,9.6
-45580.21385,6.9,12.2,9.6
-45580.3566,8.6,9.1,9.6
-45579.94802,3.4,8.1,10.3
-45581.42287,4.9,5.7,9.0
-45582.2165,5.8,5.9,9.4
-45580.5239,6.4,6.4,9.4
-45581.32591,6.5,4.9,10.3
-45582.39123,6.6,5.6,9.0
-45580.14302,7.1,6.7,9.4
-45580.18204,8.6,9.3,9.9
-45580.0457,3.4,6.7,9.9
-45579.92253,5.0,12.3,9.4
-45580.22361,5.4,13.1,9.4
-45581.02376,5.9,5.4,10.3
-45579.93721,6.7,8.3,10.3
-45580.7511,9.0,9.1,9.4
-45580.89169,9.2,8.7,9.0
-45580.69919,3.3,9.7,9.4
-45580.2475,3.8,8.8,9.9
-45579.96796,5.5,12.3,9.9
-45579.96859,5.7,8.9,9.9
-45579.97565,5.8,12.2,10.0
-45579.98568,6.1,9.5,9.4
-45580.01358,6.4,12.1,10.0
-45580.35433,6.8,13.2,9.4
-45579.97266,6.9,12.0,9.9
-45580.34453,7.4,5.3,10.3
-45580.66713,7.5,6.0,9.4
-45580.01827,7.5,8.6,9.0
-45580.01069,8.0,8.5,9.0
-45580.252,3.5,8.9,10.0
-45580.62317,3.6,9.6,9.3
-45580.57716,5.9,13.0,9.3
-45580.01847,7.0,8.9,9.3
-45580.02179,9.0,7.4,10.0
-45580.51425,5.0,5.8,10.0
-45580.37563,5.4,5.5,10.4
-45582.29892,5.5,5.8,9.3
-45579.9512,5.6,6.7,10.0
-45580.64294,6.1,5.6,10.4
-45579.92412,6.2,8.2,10.4
-45580.89841,6.3,5.7,8.9
-45580.87288,6.8,4.8,10.4
-45580.10212,8.1,9.3,9.3
-45580.00603,8.3,9.2,10.0
-45580.09889,4.4,5.6,8.9
-45582.39477,5.1,5.5,8.9
-45581.13919,5.1,6.0,8.9
-45583.31682,5.5,5.3,9.3
-45579.92862,6.1,7.0,10.0
-45580.05883,6.1,8.5,10.0
-45583.65257,6.9,5.0,9.3
-45580.41965,6.9,6.5,9.3
-45580.01886,7.4,12.3,8.9
-45580.0655,7.4,12.9,9.3
-45580.31795,3.3,8.7,10.0
-45580.0521,3.5,10.2,10.0
-45579.95777,4.4,8.5,9.3
-45581.17299,4.6,5.1,9.3
-45580.84496,5.0,5.3,10.0
-45579.96214,5.1,8.6,9.3
-45580.10935,5.4,6.0,10.4
-45579.9453,6.2,6.9,10.4
-45580.10434,6.5,11.9,8.9
-45580.08059,6.8,6.3,10.4
-45581.18784,7.8,5.4,9.3
-45579.91217,8.3,9.9,10.0
-45579.94538,8.6,8.3,9.3
-45580.22175,9.0,8.1,10.0
-45580.94196,3.4,9.1,8.9
-45580.83467,5.9,12.4,8.9
-45579.97112,8.4,4.9,9.3
-45580.02198,3.8,10.3,9.9
-45580.47126,3.9,9.0,9.0
-45580.1372,5.0,12.9,9.0
-45580.01558,5.6,9.1,9.0
-45580.08238,5.6,11.7,9.4
-45580.00689,6.8,11.8,9.0
-45580.1303,7.4,5.8,10.3
-45581.78839,7.5,5.5,9.4
-45580.42578,8.0,5.6,9.4
-45580.34397,3.6,8.6,9.9
-45580.35746,4.3,5.0,9.4
-45580.53319,5.4,12.5,9.0
-45580.39651,5.9,6.1,10.3
-45580.04538,5.9,8.7,9.9
-45580.99401,6.1,12.6,9.0
-45580.06355,6.2,9.2,9.0
-45583.9092,6.4,5.1,9.4
-45580.32803,6.5,6.2,10.3
-45579.95247,6.7,6.8,10.3
-45580.12464,8.6,9.8,9.9
-45580.36581,8.7,9.5,9.0
-45580.0086,9.1,8.9,10.3
-45580.39509,3.4,10.0,9.7
-45580.77103,3.5,9.3,8.8
-45583.65779,5.8,5.2,9.4
-45580.01093,5.9,11.5,9.7
-45580.85244,6.4,12.5,8.8
-45579.95564,6.6,8.5,9.4
-45580.32006,6.6,11.7,9.2
-45580.55245,7.1,12.6,8.8
-45581.65971,7.2,5.7,9.7
-45581.20288,7.9,4.8,9.2
-45580.53427,9.1,8.3,9.7
-45580.10641,3.9,8.4,9.2
-45581.46001,4.7,5.3,9.2
-45581.79375,5.1,5.1,9.7
-45580.42851,5.5,6.2,10.1
-45579.931,4.6,6.0,10.1
-45580.23007,5.0,6.2,8.8
-45583.44135,5.4,5.1,9.2
-45580.01972,5.6,8.5,9.2
-45579.95673,5.7,6.8,10.1
-45580.17925,6.0,11.7,9.6
-45583.75367,6.8,5.2,9.2
-45580.59442,6.9,6.1,10.1
-45579.94067,6.9,8.7,9.7
-45579.92346,8.1,8.9,10.1
-45580.04333,8.8,9.7,10.1
-45580.15528,3.8,10.1,9.6
-45580.00197,4.2,8.7,9.6
-45580.15771,6.5,8.6,9.6
-45580.02057,6.8,8.7,9.5
-45581.12309,7.6,5.6,9.6
-45580.43006,3.5,10.0,9.5
-45581.98619,5.0,5.1,9.5
-45580.10129,5.3,8.4,9.1
-45580.05038,5.8,11.5,9.5
-45583.7907,6.5,5.3,9.1
-45581.82773,7.3,5.7,9.5
-45580.05222,8.6,8.9,8.7
-45580.46499,9.0,8.3,9.5
-45580.0141,9.0,9.5,10.2
-45579.98141,4.3,8.7,9.8
-45580.34221,5.8,6.3,10.2
-45584.13197,5.9,5.0,9.1
-45580.12058,6.4,8.6,9.8
-45580.62967,3.4,8.5,9.1
-45580.09605,3.9,10.1,9.8
-45580.1973,4.1,8.6,9.1
-45580.24786,4.2,5.2,9.1
-45580.75245,6.4,6.0,10.2
-45580.50851,6.9,12.4,8.7
-45582.81267,7.4,4.9,9.1
-45580.62253,7.7,5.6,9.8
-45580.02955,8.7,10.4,9.8
-45580.53531,9.1,9.8,9.1
-45580.26479,3.8,9.2,8.7
-45580.64032,5.8,5.0,10.5
-45581.14326,5.9,6.3,9.6
-45580.09883,6.1,11.7,9.8
-45579.96933,6.3,9.0,8.7
-45580.14355,6.3,11.6,9.1
-45580.59647,6.4,5.3,10.5
-45581.97539,6.5,6.0,9.6
-45579.92832,7.5,6.4,10.2
-45580.15691,8.4,9.6,9.6
-45580.59576,9.1,9.5,9.6
-45580.06909,3.9,8.4,8.8
-45581.54192,4.7,5.3,8.8
-45580.86283,5.1,5.1,10.1
-45580.93771,5.5,6.2,9.7
-45580.30703,5.7,12.6,9.6
-45580.10731,6.0,9.1,9.6
-45581.3184,6.9,6.1,9.7
-45580.2128,6.9,12.8,9.6
-45579.99195,7.5,4.9,10.5
-45580.00075,3.2,6.3,9.7
-45580.82635,3.5,9.3,9.2
-45579.94392,4.6,6.0,9.7
-45580.56771,5.0,6.2,9.2
-45583.4725,5.4,5.1,8.8
-45580.24667,6.5,12.9,9.7
-45583.51933,6.8,5.2,8.8
-45579.91884,6.9,8.7,10.1
-45579.99786,8.1,8.9,9.7
-45580.16955,8.3,8.8,9.2
-45580.37808,8.8,9.7,9.7
-45580.03034,3.4,10.0,10.1
-45579.98855,5.3,12.7,9.7
-45580.39579,5.8,11.8,9.2
-45580.87264,6.4,12.5,9.2
-45580.17622,6.6,9.1,9.2
-45580.40937,7.1,12.6,9.2
-45580.752,7.2,5.7,10.1
-45581.28057,7.9,4.8,8.8
-45580.18224,9.1,8.3,10.1
-45580.62845,3.8,9.2,9.1
-45580.03785,5.5,11.9,9.1
-45580.08578,5.6,12.6,9.8
-45579.97952,5.7,9.3,9.1
-45580.03119,6.1,9.1,9.8
-45580.20605,6.3,9.0,9.1
-45580.08291,6.8,12.8,9.8
-45580.6491,6.9,12.4,9.1
-45582.77904,7.4,4.9,8.7
-45580.07461,7.7,5.6,10.2
-45580.0383,9.2,6.5,9.8
-45580.19665,3.4,8.5,8.7
-45579.97229,3.5,6.8,9.8
-45580.07039,4.2,5.2,8.7
-45580.0344,4.4,9.1,9.1
-45583.57163,5.9,5.0,8.7
-45581.71361,6.4,6.0,9.8
-45579.96367,6.4,8.6,10.2
-45582.754,6.5,5.3,8.7
-45580.15657,8.5,9.6,9.8
-45580.4927,8.6,8.9,9.1
-45580.38813,9.0,9.5,9.8
-45579.93204,3.3,6.3,9.5
-45579.92521,4.3,8.7,10.2
-45579.99595,4.7,6.0,9.5
-45580.05615,5.2,12.7,9.5
-45580.91108,5.4,6.2,9.5
-45580.2067,5.5,5.1,10.6
-45580.00784,5.6,6.8,9.5
-45580.96725,5.8,6.3,9.8
-45580.70613,5.9,12.4,9.3
-45580.45658,6.4,12.9,9.5
-45580.04136,6.7,9.3,9.3
-45581.50433,6.8,6.1,9.5
-45580.21776,6.9,5.2,10.6
-45579.94338,8.0,8.9,9.5
-45580.53527,8.9,9.7,9.5
-45580.86665,3.4,9.1,9.3
-45579.98065,5.3,9.0,9.3
-45580.49217,6.5,11.9,9.3
-45579.98275,6.6,12.6,10.0
-45580.17511,7.2,6.6,9.3
-45581.37056,7.8,5.4,8.9
-45579.98024,7.9,5.9,10.0
-45579.98292,8.4,4.9,8.9
-45580.00976,8.6,8.3,8.9
-45579.92762,4.8,9.2,9.3
-45583.38148,5.5,5.3,8.9
-45579.93069,5.8,12.8,10.0
-45580.01736,7.4,12.3,9.3
-45580.10354,8.2,9.4,9.3
-45579.97651,9.0,6.7,10.0
-45579.93253,3.3,8.7,10.4
-45581.38424,4.6,5.1,8.9
-45580.09663,5.0,5.3,10.4
-45581.0702,5.1,6.0,9.3
-45580.58068,6.8,6.3,10.0
-45583.79282,6.9,5.0,8.9
-45579.97696,3.6,8.6,10.3
-45580.55491,4.3,5.0,9.0
-45580.7663,5.4,6.0,10.0
-45581.23974,5.9,6.1,9.9
-45580.04323,6.2,6.9,10.0
-45581.09047,6.5,6.2,9.9
-45580.22018,9.2,9.7,10.0
-45580.06995,3.4,7.4,9.9
-45583.85987,5.8,5.2,9.0
-45584.07988,6.4,5.1,9.0
-45579.9212,6.6,8.5,9.0
-45580.50188,8.7,9.5,9.4
-45580.37303,9.1,8.9,9.9
-45580.47831,3.9,9.0,9.4
-45580.01313,4.5,9.3,9.4
-45580.28639,5.4,12.5,9.4
-45580.64322,6.1,12.6,9.4
-45580.13834,6.2,9.2,9.4
-45580.7824,7.4,5.8,9.9
-45580.65825,3.3,9.7,9.0
-45579.95244,3.8,8.8,10.3
-45579.94713,5.0,12.3,9.0
-45579.94848,5.0,12.9,9.4
-45580.48341,5.4,13.1,9.0
-45580.0613,5.6,9.1,9.4
-45579.91904,6.0,9.3,9.9
-45580.10927,6.3,12.7,9.9
-45580.25133,6.8,11.8,9.4
-45580.59354,6.8,13.2,9.0
-45582.10716,7.5,5.5,9.0
-45580.92281,7.5,6.0,9.0
-45580.37861,8.0,5.6,9.0
-45580.84904,9.2,8.7,9.4
-45581.18299,7.4,5.3,9.9
-45580.32618,3.4,8.1,9.9
-45581.30967,4.9,5.7,9.4
-45579.93971,5.3,6.6,10.3
-45580.85441,5.8,5.9,9.0
-45580.01377,8.7,10.0,9.4
-45580.16741,9.1,10.2,9.9
-45579.9716,5.4,4.8,10.7
-45581.346,5.4,5.5,10.0
-45579.9834,5.9,4.9,10.8
-45582.30446,5.9,5.4,9.9
-45579.98989,6.2,8.2,10.0
-45582.67723,6.5,4.9,9.9
-45579.91651,6.5,5.4,10.8
-45583.08426,6.6,5.6,9.4
-45580.92219,9.0,9.1,9.0
-45579.95358,3.9,8.0,10.0
-45580.31686,4.4,5.6,9.3
-45580.4196,4.7,4.9,10.0
-45579.95703,5.0,5.8,10.4
-45582.2621,5.1,5.5,9.3
-45581.45361,5.5,5.8,8.9
-45579.93836,5.6,6.7,10.4
-45581.83831,6.1,5.6,10.0
-45579.9219,6.1,7.0,10.4
-45582.80645,6.3,5.7,9.3
-45582.08336,6.8,4.8,10.0
-45579.9751,6.8,5.5,10.7
-45580.24746,7.4,12.9,8.9
-45579.92299,7.8,8.7,9.3
-45579.91128,3.5,8.9,10.4
-45580.38794,3.6,9.6,8.9
-45582.27211,5.3,5.7,9.1
-45582.86635,5.8,4.8,9.8
-45580.82554,5.9,13.0,8.9
-45580.18603,7.9,5.2,10.0
-45580.19589,8.7,8.5,10.0
-45580.44179,3.5,8.3,9.8
-45579.9839,4.3,5.4,9.8
-45580.52093,5.3,7.1,8.7
-45582.59202,6.4,5.5,9.8
-45580.07571,6.6,6.7,10.2
-45580.01303,7.0,8.3,9.1
-45581.71994,7.1,5.6,9.8
-45580.44854,7.2,12.7,8.7
-45580.01526,8.7,9.1,10.2
-45580.3146,9.0,10.0,9.8
-45580.72664,9.1,9.3,8.7
-45580.04233,3.3,10.6,9.8
-45579.91508,6.2,8.8,10.2
-45581.2674,7.5,5.1,9.8
-45580.57921,8.8,8.7,9.1
-45579.95275,9.2,7.6,10.2
-45579.95509,3.9,9.4,10.2
-45579.97298,6.0,8.9,8.7
-45583.12883,6.8,5.4,9.5
-45580.68193,6.9,13.0,8.7
-45580.00052,7.4,6.2,8.7
-45580.94417,4.7,5.5,9.5
-45583.01326,5.4,4.9,9.5
-45579.95789,6.9,5.9,10.6
-45580.85448,7.9,5.0,9.5
-45579.96367,3.2,10.6,9.6
-45579.97678,5.8,6.5,10.5
-45581.95657,7.4,5.1,9.6
-45580.56015,3.4,8.3,9.6
-45580.1173,3.4,9.5,10.1
-45579.9396,4.1,9.6,10.1
-45579.98106,4.2,5.4,9.6
-45580.63939,5.8,13.2,8.8
-45583.49411,5.9,4.8,9.6
-45580.26947,6.4,5.8,10.5
-45580.7941,6.4,13.1,8.8
-45583.05767,6.5,5.5,9.6
-45579.92232,6.7,8.9,10.1
-45582.3561,7.0,5.6,9.6
-45580.79726,7.8,5.0,9.7
-45579.93912,9.1,6.8,10.1
-45580.44086,9.1,10.0,9.6
-45580.49926,3.5,9.8,9.2
-45579.96612,3.6,10.7,9.7
-45580.00208,3.8,8.2,9.7
-45580.49452,4.6,5.5,9.7
-45582.51708,5.0,4.9,9.2
-45579.97317,5.1,6.4,10.1
-45582.71383,5.5,4.9,9.7
-45582.9178,5.6,5.6,9.2
-45580.27903,6.3,6.6,10.1
-45579.91335,6.5,12.3,10.1
-45580.20351,6.8,5.9,8.8
-45580.23089,8.5,8.6,9.2
-45580.61414,9.0,8.5,9.2
-45580.1811,3.7,9.1,10.0
-45580.32459,4.1,9.3,9.3
-45579.94905,4.3,9.2,10.0
-45580.54918,4.7,5.8,8.8
-45580.27104,5.3,12.8,9.3
-45582.53688,6.9,5.4,9.7
-45581.60095,7.2,5.9,9.3
-45579.94647,8.2,9.0,10.1
-45580.41791,3.8,8.7,8.9
-45581.67155,5.7,6.0,9.3
-45579.9382,5.8,9.0,10.0
-45583.93176,6.0,5.1,8.9
-45580.92832,6.1,6.2,10.0
-45580.45718,6.3,6.3,9.3
-45580.72702,6.5,12.6,9.3
-45579.9699,6.6,11.9,10.0
-45579.92227,6.9,6.9,9.3
-45580.42221,7.0,12.5,9.3
-45580.22494,7.3,5.4,10.4
-45579.91935,7.6,13.1,9.3
-45580.31071,9.2,8.8,10.0
-45579.99837,4.9,6.3,9.4
-45580.64555,5.3,5.2,10.3
-45580.63679,5.6,5.3,10.4
-45579.98752,5.7,8.6,8.9
-45581.03696,6.2,5.0,10.4
-45579.93031,6.5,8.5,10.3
-45580.06539,8.4,9.5,9.9
-45580.18869,8.9,9.4,10.0
-45580.63461,3.5,8.6,9.0
-45580.20501,4.0,8.5,9.0
-45580.10161,4.8,5.0,10.3
-45580.94461,5.2,6.1,9.4
-45579.95431,5.2,8.7,9.0
-45580.04211,5.7,12.5,9.9
-45579.91244,5.9,7.8,10.3
-45581.16659,6.6,6.2,9.4
-45581.1338,6.7,5.1,10.3
-45581.05048,7.0,6.0,9.9
-45583.27726,7.1,5.3,9.0
-45580.07844,7.3,13.0,9.4
-45580.31121,9.1,9.6,9.9
-45580.45496,6.1,11.9,9.4
-45580.06585,6.3,11.8,9.9
-45580.47156,6.8,12.7,9.4
-45580.06513,7.6,5.5,10.3
-45580.70575,7.7,5.8,9.4
-45581.02056,8.0,4.9,9.0
-45579.93782,8.8,8.2,10.3
-45580.38833,3.2,9.0,9.9
-45579.91323,5.0,9.1,9.4
-45580.3895,5.6,12.9,9.4
-45580.31818,7.1,5.1,10.5
-45579.98701,7.2,12.0,9.6
-45580.24861,8.4,8.9,9.6
-45580.68805,3.2,9.2,9.6
-45579.94212,4.6,9.1,9.6
-45579.94128,5.1,12.6,9.6
-45580.17168,5.7,11.9,9.6
-45580.3431,6.0,12.9,9.6
-45583.05957,6.1,5.3,8.8
-45580.439,6.3,12.4,9.6
-45579.99196,6.9,9.0,9.6
-45580.90561,7.0,6.2,9.6
-45579.9902,8.1,5.8,9.6
-45580.22042,3.2,8.4,10.1
-45579.9251,5.5,8.5,10.1
-45581.69441,5.7,5.1,10.1
-45580.00382,6.0,8.6,10.1
-45580.67558,6.2,6.1,9.2
-45580.03717,6.2,8.7,8.8
-45581.90118,6.3,5.2,10.1
-45580.4406,8.8,8.8,9.7
-45579.94846,9.2,9.9,8.8
-45579.9531,4.9,12.8,9.2
-45580.90226,5.6,6.2,9.2
-45580.72163,5.8,12.7,9.2
-45580.00849,5.9,9.2,9.7
-45581.86962,6.0,6.0,9.7
-45580.05859,6.5,9.1,9.7
-45580.25202,6.7,12.5,9.7
-45580.43753,3.6,9.3,9.7
-45580.44857,4.0,9.1,9.2
-45580.10973,4.2,9.0,9.7
-45580.68773,6.6,12.9,9.2
-45581.21437,7.2,4.8,10.1
-45580.1943,7.3,6.5,9.2
-45580.32529,7.9,5.7,8.8
-45579.92916,8.4,8.1,10.1
-45580.00354,9.1,6.4,9.7
-45580.4452,3.3,9.2,9.8
-45580.16362,6.1,12.9,9.8
-45580.88318,6.3,12.8,9.1
-45580.04657,8.0,5.8,9.8
-45579.93989,8.9,6.6,9.8
-45580.0713,9.2,8.2,10.2
-45580.0487,3.7,8.5,10.2
-45580.34763,4.9,5.2,10.2
-45580.59052,5.5,12.6,9.1
-45580.01925,5.6,11.9,9.8
-45580.92345,6.0,12.5,9.1
-45580.23479,6.2,12.4,9.8
-45580.92794,6.7,6.0,9.1
-45579.95845,6.8,9.0,9.8
-45581.77657,7.4,5.6,8.7
-45580.22812,7.7,4.9,10.2
-45580.02036,8.1,5.5,8.7
-45580.00326,8.9,8.0,10.2
-45580.03921,3.5,7.7,9.8
-45580.27754,4.8,6.1,9.1
-45580.82009,5.2,5.0,10.2
-45580.73467,5.3,6.3,9.1
-45579.96671,5.8,8.4,10.2
-45579.92446,6.4,7.9,10.2
-45581.3864,6.6,5.3,10.2
-45580.67173,7.1,6.2,9.8
-45580.3167,7.2,13.2,9.1
-45580.20087,8.5,8.9,9.8
-45580.0775,8.6,9.6,9.1
-45580.51028,3.7,9.3,9.5
-45580.13386,4.3,9.0,9.5
-45580.05038,5.8,9.2,9.5
-45582.02876,6.1,6.0,9.5
-45580.1526,6.4,9.1,9.5
-45580.48065,6.6,12.5,9.5
-45583.38945,7.0,5.1,8.7
-45580.14773,3.6,8.3,9.1
-45581.75402,4.8,5.4,9.1
-45580.34413,6.0,5.3,10.6
-45580.91572,6.6,5.8,10.2
-45579.98206,8.5,10.2,9.8
-45580.62428,8.9,8.8,9.5
-45580.73768,9.2,9.4,9.5
-45580.08036,4.9,5.9,10.2
-45579.9632,5.2,6.5,10.2
-45583.35942,5.3,4.8,9.1
-45582.12527,5.8,5.7,9.8
-45583.16615,6.7,5.5,9.1
-45582.19526,7.1,4.9,9.8
-45580.53393,3.2,9.4,8.7
-45580.73398,6.0,13.1,8.7
-45579.9289,7.7,6.2,10.2
-45580.13965,8.1,8.6,9.1
-45579.91793,8.9,7.5,10.2
-45580.36752,3.3,9.9,9.8
-45580.42896,3.7,9.8,9.5
-45582.43438,5.4,5.6,9.5
-45580.08968,6.0,5.8,10.6
-45583.27958,6.1,5.5,9.5
-45580.08035,7.4,8.5,9.1
-45582.17452,7.6,5.1,9.1
-45580.23279,8.0,5.3,9.8
-45580.40429,8.2,5.2,9.1
-45580.06523,8.3,8.7,9.8
-45580.40008,8.7,8.6,9.5
-45580.08646,8.9,10.3,9.5
-45580.3794,9.2,10.1,9.5
-45580.49303,3.2,9.9,9.6
-45580.39776,3.6,9.8,9.7
-45582.6514,5.9,5.7,9.6
-45579.94508,6.4,6.7,10.5
-45580.06765,6.4,8.9,8.8
-45582.91829,7.0,4.9,9.6
-45579.93262,7.1,6.4,10.5
-45579.93702,7.9,8.4,9.2
-45580.25017,8.1,5.3,9.6
-45580.28403,8.6,8.6,9.7
-45579.98916,3.2,7.1,10.1
-45580.23952,3.7,9.5,8.8
-45580.01586,4.1,8.9,10.1
-45579.99844,5.4,8.3,9.2
-45582.17761,5.5,5.6,9.7
-45583.82173,5.6,4.9,9.2
-45582.84088,6.0,5.5,9.7
-45583.64143,6.2,5.4,9.2
-45580.52826,6.6,12.3,8.8
-45580.16506,7.2,6.3,10.1
-45582.96685,7.3,5.0,9.2
-45580.41297,7.3,7.6,8.8
-45580.76875,8.9,9.0,8.8
-45580.04495,9.1,7.7,10.1
-45580.02731,3.2,10.5,9.9
-45580.11429,3.3,8.2,9.2
-45580.70381,4.5,5.5,9.2
-45581.92766,5.0,5.6,9.2
-45579.96838,5.4,8.9,9.0
-45580.65211,5.6,12.3,9.0
-45580.33396,5.7,6.4,10.1
-45580.47,6.2,12.0,9.0
-45581.14621,6.3,5.9,10.1
-45579.94805,7.6,6.0,10.3
-45581.4067,7.7,5.3,9.4
-45580.01638,8.1,5.1,9.9
-45580.10486,8.3,5.0,9.4
-45580.14914,8.8,10.3,9.7
-45580.39854,8.9,8.4,9.4
-45580.86913,9.2,9.2,8.8
-45580.94992,3.3,8.8,9.0
-45582.47674,5.2,5.4,9.4
-45579.91939,6.3,11.3,9.9
-45579.91028,4.1,8.3,9.9
-45581.93945,4.9,4.8,9.4
-45580.25025,5.3,5.9,10.3
-45582.10602,6.5,5.6,9.9
-45579.91252,6.5,7.0,10.3
-45583.86302,6.6,4.9,9.4
-45580.14602,6.7,6.4,10.3
-45581.72644,7.0,5.5,9.9
-45581.85503,7.1,5.8,9.0
-45580.26771,7.3,12.4,9.0
-45579.98173,8.4,10.0,9.9
-45580.3173,8.5,9.3,9.0
-45580.67765,4.4,4.9,9.3
-45580.25361,4.7,5.6,10.0
-45580.32617,5.6,5.8,10.4
-45583.23587,5.7,5.5,9.3
-45582.39858,6.1,4.9,10.0
-45580.10809,6.1,5.4,10.7
-45580.07471,6.2,6.5,10.4
-45584.10051,6.3,4.8,9.3
-45581.44495,6.8,5.7,10.0
-45579.98318,7.3,6.1,10.4
-45579.9201,7.6,12.5,8.9
-45580.6982,8.8,9.2,8.9
-45580.07058,8.9,10.1,10.0
-45580.04315,9.2,10.3,10.0
-45580.76529,3.6,8.9,8.9
-45579.94902,3.7,10.4,10.0
-45580.17841,5.3,12.2,8.9
-45580.10415,5.9,8.8,8.9
-45580.87818,6.5,5.6,10.3
-45584.03883,6.6,4.9,9.0
-45580.50086,6.7,12.1,8.9
-45580.56628,7.0,13.1,8.9
-45582.97449,7.2,5.2,9.3
-45580.09394,7.3,12.4,9.4
-45580.04545,8.4,8.5,9.3
-45580.40064,8.5,9.3,9.4
-45580.81591,9.1,8.6,9.3
-45579.91595,4.1,8.3,10.3
-45582.36122,4.9,4.8,9.0
-45582.81883,5.2,5.4,9.0
-45580.99179,5.3,5.9,9.9
-45579.98945,5.4,8.9,9.4
-45580.23791,5.8,6.6,9.4
-45580.52986,6.2,12.0,9.4
-45580.62898,6.7,6.4,9.9
-45580.65755,7.0,5.5,10.3
-45582.07786,7.1,5.8,9.4
-45581.8007,7.7,5.3,9.0
-45579.9725,7.9,9.0,9.4
-45580.33223,8.9,8.4,9.0
-45580.40049,5.6,12.3,9.4
-45579.93801,5.7,13.1,9.9
-45580.0921,6.0,12.1,9.9
-45579.93062,6.8,9.4,9.4
-45580.22789,8.3,5.0,9.0
-45580.84956,3.3,8.8,9.4
-45580.18533,3.5,9.6,10.0
-45580.74859,3.6,8.9,9.3
-45580.17473,3.8,9.7,9.9
-45580.049,4.0,9.5,10.0
-45580.18802,4.2,9.4,9.3
-45579.99987,6.3,13.2,9.9
-45580.35107,7.0,13.1,9.3
-45580.4051,7.3,6.1,10.0
-45580.28129,7.6,6.0,9.9
-45580.19903,5.3,12.2,9.3
-45580.25004,5.9,8.8,9.3
-45580.15904,6.0,6.4,9.3
-45579.95715,6.5,9.5,9.3
-45580.54552,6.7,12.1,9.3
-45583.22163,7.2,5.2,8.9
-45580.13867,8.4,8.5,8.9
-45580.6649,9.1,8.6,8.9
-45580.06314,3.3,7.3,10.0
-45580.8122,4.4,4.9,8.9
-45580.19616,5.5,6.7,9.3
-45581.24163,5.6,5.8,10.0
-45579.96079,6.2,5.8,10.7
-45580.49195,6.2,6.5,10.0
-45583.67124,6.3,4.8,8.9
-45580.42846,6.8,5.7,10.4
-45580.68203,8.8,9.2,9.3
-45580.34707,4.0,8.9,9.5
-45580.00849,5.2,13.2,9.5
-45580.66296,5.6,6.4,9.5
-45580.36569,5.7,4.9,10.6
-45582.68158,5.7,5.5,8.9
-45581.05695,6.1,4.9,10.4
-45582.33279,6.2,5.9,9.5
-45580.31553,6.3,5.4,10.6
-45580.35851,6.6,13.1,9.5
-45580.1261,7.1,12.1,9.5
-45580.06528,7.2,5.0,10.6
-45580.34252,7.3,6.3,9.5
-45580.96112,3.2,9.4,9.1
-45579.96737,3.3,9.9,10.2
-45580.14663,4.5,5.8,9.5
-45579.95556,4.6,8.9,9.1
-45580.60849,5.7,12.1,9.1
-45580.69935,6.0,13.1,9.1
-45580.22524,6.1,12.3,9.8
-45580.14562,6.2,13.0,9.8
-45580.8144,6.3,12.2,9.1
-45580.07586,6.9,8.8,9.1
-45582.189,7.6,5.1,8.7
-45580.2314,8.2,5.2,8.7
-45579.95233,8.3,8.7,10.2
-45580.06843,9.2,6.9,9.8
-45579.94577,3.2,7.1,9.7
-45579.97002,3.5,6.4,9.8
-45579.96077,4.0,8.1,10.2
-45580.02042,4.4,5.8,9.7
-45581.62675,4.8,5.4,8.7
-45580.55802,4.9,5.9,9.8
-45583.13518,5.3,4.8,8.7
-45580.9861,5.8,5.7,10.2
-45582.00887,6.6,5.8,9.8
-45581.66865,6.7,5.5,8.7
-45580.34862,7.0,6.4,9.1
-45581.08156,7.1,4.9,10.2
-45580.33011,8.4,9.1,9.1
-45580.81537,8.9,9.0,9.2
-45580.56786,4.5,5.5,8.8
-45581.80519,5.0,5.6,8.8
-45581.11153,5.5,5.6,10.1
-45583.65689,5.6,4.9,8.8
-45580.63808,5.7,6.4,9.7
-45581.59837,6.0,5.5,10.1
-45582.11469,6.1,5.8,9.2
-45582.42175,6.2,5.4,8.8
-45582.1386,6.3,5.9,9.7
-45579.92824,6.8,6.6,9.2
-45580.07699,7.0,12.1,9.7
-45580.97376,9.2,9.2,9.2
-45579.96453,3.4,6.4,9.6
-45580.04358,3.6,9.8,10.1
-45580.59075,3.7,9.5,9.2
-45580.18115,4.1,8.9,9.7
-45580.10506,4.3,8.8,9.2
-45580.21604,5.2,4.8,10.5
-45579.92114,5.3,13.2,9.7
-45579.96091,5.8,9.4,9.2
-45580.24435,6.4,8.9,9.2
-45580.76203,6.6,12.3,9.2
-45580.13996,6.7,13.1,9.7
-45580.27096,7.2,6.3,9.7
-45583.10449,7.3,5.0,8.8
-45580.09125,8.6,8.6,10.1
-45580.07316,9.1,7.7,9.7
-45580.48493,4.8,5.9,9.6
-45580.03729,4.9,12.8,8.8
-45580.06502,5.3,6.5,9.6
-45580.40026,6.0,12.3,9.6
-45580.33478,6.3,13.0,9.6
-45580.42006,6.6,5.5,10.5
-45582.33776,6.7,5.8,9.6
-45582.26965,7.2,4.8,9.7
-45580.45838,7.9,5.7,9.2
-45580.09845,3.6,9.3,10.1
-45580.07517,4.0,9.1,8.8
-45579.97441,4.2,9.0,10.1
-45580.89941,5.8,12.7,8.8
-45580.12514,6.5,11.7,9.7
-45580.89706,6.6,12.9,8.8
-45580.07381,4.5,8.6,9.2
-45582.9478,5.7,5.1,9.7
-45580.15393,6.0,8.6,9.7
-45583.86187,6.1,5.3,9.2
-45580.20141,6.2,8.7,9.2
-45583.20639,6.3,5.2,9.7
-45580.13289,8.8,8.8,10.1
-45580.54003,9.2,9.9,9.2
-45580.59125,3.2,8.4,9.7
-45580.51721,3.6,8.5,9.6
-45580.21549,4.4,5.3,9.7
-45581.21912,4.8,5.2,9.6
-45580.05303,5.0,8.5,9.2
-45582.54497,5.3,5.0,9.6
-45579.9252,5.9,8.4,9.6
-45580.97207,6.0,6.0,10.1
-45580.12448,6.6,6.0,10.5
-45583.14414,6.7,5.3,9.6
-45579.9676,6.9,11.6,9.6
-45581.48929,7.6,4.9,9.6
-45580.06944,8.2,5.4,9.6
-45580.69161,3.3,8.4,9.5
-45580.60669,4.5,5.3,9.5
-45579.91192,5.2,6.3,10.5
-45583.29612,5.6,5.1,9.5
-45579.95057,5.7,6.2,10.6
-45580.21331,6.1,8.6,9.5
-45583.68079,6.2,5.2,9.5
-45579.98861,6.3,6.1,10.6
-45579.91692,6.4,7.4,10.5
-45580.25189,6.4,11.7,9.5
-45582.49523,7.3,4.8,9.5
-45579.96187,3.5,7.7,10.2
-45580.37776,3.7,8.5,9.8
-45579.98247,4.8,6.1,8.7
-45580.03916,4.8,8.7,9.1
-45581.0788,4.9,5.2,9.8
-45579.95234,5.8,8.4,9.8
-45582.69592,6.6,5.3,9.8
-45583.63933,7.0,5.1,9.1
-45580.20844,7.1,6.2,10.2
-45580.324,7.2,13.2,8.7
-45579.98978,8.5,8.9,10.2
-45580.07611,3.3,9.2,10.2
-45581.80902,5.2,5.0,9.8
-45580.92661,6.3,12.8,8.7
-45580.0556,6.7,8.6,9.1
-45579.95278,6.8,11.6,9.8
-45580.322,7.4,7.0,8.7
-45580.45348,9.2,8.2,9.8
-45580.07171,3.2,10.1,9.1
-45580.61533,5.5,12.6,8.7
-45580.20774,5.7,6.0,8.9
-45580.65828,6.0,12.5,8.7
-45579.92571,6.2,7.6,10.4
-45582.12284,7.4,5.6,9.1
-45580.87039,7.7,4.9,9.8
-45580.377,8.1,5.5,9.1
-45580.19876,8.9,8.0,9.8
-45579.94153,9.2,8.8,10.4
-45580.158,3.3,7.8,10.0
-45580.43254,3.8,8.7,9.3
-45580.09807,4.5,5.1,10.0
-45580.49273,5.3,12.8,8.9
-45580.07656,5.6,5.0,10.7
-45581.77643,5.6,5.3,10.0
-45580.03145,5.7,8.6,9.3
-45584.01889,6.0,5.1,9.3
-45580.18939,6.1,6.2,10.4
-45582.3772,6.2,5.0,10.0
-45580.15281,6.2,5.3,10.7
-45579.94451,6.8,8.4,10.0
-45580.05404,7.6,13.1,8.9
-45580.20372,8.8,9.9,9.3
-45580.07018,3.3,10.3,9.4
-45579.96747,4.0,10.0,10.0
-45579.93349,4.1,9.3,8.9
-45580.33293,6.1,11.9,9.0
-45580.97228,6.5,12.6,8.9
-45580.79512,6.8,12.7,9.0
-45580.63061,7.0,12.5,8.9
-45581.426,7.2,5.9,8.9
-45581.07425,7.3,5.4,10.0
-45580.71247,7.6,5.5,9.9
-45580.74802,8.0,4.9,9.4
-45580.07927,8.5,8.3,10.0
-45580.25655,8.8,8.2,9.9
-45580.03417,3.2,9.0,10.3
-45579.95658,4.9,6.3,9.0
-45581.66467,5.3,5.2,9.9
-45580.68966,5.6,12.9,9.0
-45579.93256,6.0,11.4,9.9
-45580.14661,6.2,11.5,9.4
-45580.05818,6.5,8.5,9.9
-45582.42787,6.7,5.1,9.9
-45579.91381,6.7,5.2,10.8
-45582.9422,7.1,5.3,9.4
-45580.79651,7.7,5.8,9.0
-45579.93095,9.1,9.6,10.3
-45580.69209,3.5,8.6,9.4
-45580.1353,3.6,7.9,9.9
-45580.03627,4.0,8.5,9.4
-45580.73967,4.8,5.0,9.9
-45581.05784,5.2,6.1,9.0
-45580.10715,6.6,8.6,9.5
-45580.28827,7.0,6.0,10.3
-45579.91689,7.0,6.2,10.6
-45582.886,7.1,5.1,9.5
-45580.31671,7.3,13.0,9.0
-45579.96776,8.5,9.8,9.4
-45580.37534,3.3,10.1,9.5
-45580.34102,5.6,6.2,10.2
-45580.65549,6.2,6.1,10.2
-45581.52092,7.5,5.6,9.5
-45580.43755,8.0,5.5,9.5
-45580.07191,8.9,10.5,9.8
-45580.51586,3.2,8.4,9.1
-45580.56478,3.6,9.3,8.7
-45579.96801,4.0,9.1,10.2
-45580.66704,4.4,5.3,9.1
-45579.91245,5.1,6.8,8.7
-45580.06312,5.5,8.5,9.1
-45583.93348,5.7,5.1,9.1
-45580.04496,6.0,8.6,9.1
-45582.82147,6.1,5.3,9.8
-45580.14065,6.2,8.7,9.8
-45584.03041,6.3,5.2,9.1
-45580.28119,6.5,11.7,9.1
-45579.93903,7.3,6.5,10.2
-45580.41967,8.8,8.8,8.7
-45580.37235,9.2,9.9,9.8
-45580.34205,3.2,10.1,9.7
-45580.23458,3.7,10.0,9.8
-45580.70386,6.2,12.4,8.8
-45580.64424,6.7,12.5,8.7
-45583.29187,7.2,4.8,9.1
-45581.38444,7.4,5.6,9.7
-45581.81918,7.7,4.9,9.2
-45580.23325,7.9,5.7,9.8
-45580.11634,8.1,5.5,9.7
-45580.07433,8.3,5.4,9.2
-45580.86663,3.3,9.2,8.8
-45580.1043,5.0,12.6,8.8
-45580.94187,6.1,12.9,8.8
-45580.16733,9.2,8.2,9.2
-45579.92157,3.6,6.8,10.1
-45580.01643,4.8,6.1,10.1
-45583.04525,5.2,5.0,9.2
-45583.77505,6.6,5.3,9.2
-45580.03051,6.7,8.6,9.7
-45582.59769,7.0,5.1,9.7
-45580.0737,8.5,8.9,8.8
-45580.00764,8.6,9.6,10.1
-45580.38769,3.6,10.0,9.6
-45580.36705,3.7,8.5,9.2
-45582.1195,4.9,5.2,9.2
-45580.2749,5.2,7.6,8.8
-45580.19355,5.3,6.3,10.1
-45579.97237,5.9,6.9,10.1
-45583.32039,6.0,5.3,9.6
-45580.15247,6.1,6.0,10.5
-45580.23245,6.3,8.7,9.6
-45580.86103,6.7,6.0,10.1
-45580.07919,7.1,6.2,8.8
-45580.58105,7.8,5.7,9.6
-45579.93024,8.8,10.5,9.6
-45580.00369,9.1,10.7,9.7
-45579.92798,3.4,10.8,9.9
-45580.1235,3.6,10.2,9.9
-45580.72561,3.7,9.1,9.0
-45579.97826,4.3,9.2,9.0
-45580.28972,5.2,12.4,9.0
-45579.99387,5.7,8.6,9.9
-45580.12183,5.8,9.0,9.0
-45580.17097,5.8,11.6,9.4
-45583.98755,6.2,5.0,9.4
-45579.97018,6.4,9.3,9.0
-45580.38913,6.6,11.9,9.0
-45580.51251,7.1,12.9,9.0
-45580.22819,7.2,5.9,10.3
-45582.40252,7.3,5.4,9.4
-45583.32647,5.6,5.3,9.4
-45580.40874,5.7,6.0,10.3
-45582.61027,6.0,5.1,9.9
-45579.96412,6.0,5.2,10.8
-45580.74853,8.9,9.4,9.0
-45580.96074,9.2,8.8,9.0
-45580.28125,3.5,8.6,10.0
-45580.25529,3.8,8.7,9.9
-45579.93326,4.2,8.4,9.3
-45580.79504,4.5,5.1,9.4
-45581.77769,4.8,5.0,9.3
-45579.99615,5.2,6.1,10.4
-45580.27695,6.3,6.3,10.3
-45579.96527,6.4,6.8,10.4
-45580.0142,8.5,9.8,10.0
-45580.18715,8.8,9.9,9.9
-45580.11694,4.0,8.5,10.0
-45583.04307,5.3,5.2,9.3
-45579.98042,6.5,8.5,9.3
-45580.16061,6.6,6.2,10.4
-45583.84998,6.7,5.1,9.3
-45580.79718,7.0,6.0,8.9
-45579.97612,7.0,8.6,9.3
-45579.94691,7.1,5.0,10.7
-45581.45416,7.1,5.3,10.0
-45580.14287,7.2,12.2,8.9
-45580.65262,9.1,9.6,8.9
-45580.9206,3.2,9.0,8.9
-45580.04219,6.0,11.4,9.3
-45579.93145,6.2,11.5,10.0
-45580.06672,8.0,4.9,10.0
-45580.30581,3.3,8.8,10.0
-45580.04001,3.3,10.3,10.0
-45580.34002,3.8,9.7,9.3
-45580.80711,5.7,12.5,8.9
-45580.47173,5.7,13.1,9.3
-45580.54373,6.3,13.2,9.3
-45581.65067,7.6,5.5,9.3
-45580.50793,7.6,6.0,9.3
-45580.36062,8.2,4.8,9.3
-45579.92673,8.8,8.2,9.3
-45581.66482,5.3,5.9,9.3
-45579.91754,5.6,12.3,10.0
-45580.26277,5.8,6.6,10.0
-45580.63791,6.0,12.1,9.3
-45580.00983,6.2,12.0,10.0
-45580.25269,7.2,12.8,9.3
-45580.70333,8.1,5.1,8.9
-45580.08254,4.9,4.8,10.4
-45580.25177,5.2,5.4,10.4
-45579.92173,5.8,8.0,10.4
-45579.9108,6.4,8.3,10.4
-45581.75284,6.5,5.6,8.9
-45580.9784,6.6,4.9,10.4
-45580.44683,6.7,6.4,9.3
-45582.78441,7.0,5.5,8.9
-45580.9877,7.1,5.8,10.0
-45580.0835,8.5,9.3,10.0
-45580.03414,3.2,6.6,9.9
-45582.38091,5.6,5.8,9.4
-45580.83479,5.7,5.5,10.3
-45584.08872,6.1,4.9,9.0
-45581.40384,6.3,4.8,10.3
-45582.11058,6.8,5.7,9.0
-45579.91296,6.9,8.2,10.3
-45580.26502,8.8,9.2,9.9
-45579.94744,3.2,8.0,10.3
-45581.08415,4.7,5.6,9.0
-45580.0322,5.9,8.8,9.9
-45580.75337,6.0,6.4,9.9
-45580.30385,6.2,6.5,9.4
-45580.04753,6.7,12.1,9.9
-45580.23661,7.1,12.3,9.4
-45580.61337,7.2,5.2,10.3
-45579.92139,8.4,8.5,10.3
-45580.0046,9.1,8.6,10.3
-45580.65304,3.5,9.6,9.4
-45580.31549,3.6,8.9,9.9
-45580.01043,4.2,9.4,9.9
-45580.0946,5.2,13.0,9.4
-45580.87414,7.3,6.1,9.4
-45579.94565,7.3,8.7,9.0
-45580.31273,4.0,9.5,9.4
-45580.88838,4.9,5.9,9.2
-45581.25868,5.3,4.8,10.1
-45580.85683,5.8,5.7,8.8
-45579.97693,5.9,8.2,10.1
-45579.95411,6.5,8.1,10.1
-45581.46429,6.7,5.5,10.1
-45583.44926,7.1,4.9,8.8
-45580.16743,8.4,9.1,9.7
-45579.91109,3.3,9.9,8.8
-45580.14477,3.6,8.3,10.1
-45580.32201,4.8,5.4,10.1
-45580.25898,5.2,6.5,9.2
-45580.17457,5.7,12.1,9.7
-45580.83791,6.1,12.3,9.2
-45580.317,6.3,12.2,9.7
-45580.16927,6.5,6.7,9.7
-45582.20808,6.6,5.8,9.2
-45579.96581,6.9,8.8,9.7
-45580.33121,7.0,6.4,9.7
-45580.50423,7.6,5.1,10.1
-45580.7901,8.0,5.3,8.8
-45579.95117,8.1,8.6,10.1
-45580.00975,8.8,7.8,10.1
-45580.5578,3.2,9.4,9.7
-45580.49413,3.6,9.5,9.6
-45579.99806,5.3,12.0,9.6
-45580.13926,5.4,5.6,10.5
-45579.96054,5.9,9.4,9.6
-45582.48317,6.0,5.8,9.6
-45580.19251,6.0,13.1,9.7
-45580.47317,6.1,5.5,10.5
-45580.702,6.2,13.0,9.2
-45580.15939,6.5,8.9,9.6
-45580.33008,6.7,12.3,9.6
-45580.16155,6.9,6.6,9.6
-45579.97352,7.7,6.2,9.2
-45580.4762,8.8,9.0,9.6
-45580.72522,3.3,9.4,9.5
-45580.10568,4.2,8.8,9.6
-45580.33272,5.3,13.2,9.1
-45580.26098,5.6,12.1,9.5
-45580.12115,5.9,5.7,10.6
-45579.93586,6.1,9.6,9.5
-45580.39106,6.1,13.1,9.5
-45580.51702,6.2,12.2,9.5
-45580.05983,6.4,6.7,9.5
-45580.08668,6.8,8.8,9.5
-45580.22486,7.0,4.9,10.6
-45580.43598,7.1,6.4,9.5
-45579.98223,7.9,9.2,9.5
-45580.35736,8.5,9.1,9.5
-45579.93429,9.1,6.2,9.6
-45580.31242,3.7,9.5,9.8
-45580.21348,4.1,8.9,9.1
-45580.02062,4.3,8.8,9.8
-45579.94446,4.8,13.0,9.1
-45580.18503,6.6,12.3,9.8
-45580.64262,6.7,13.1,9.1
-45580.42889,7.0,12.1,9.1
-45580.72637,7.2,6.3,9.1
-45580.78016,7.3,5.0,10.2
-45580.09837,8.6,8.6,8.7
-45580.07065,3.3,8.2,10.2
-45580.3182,5.0,5.6,10.2
-45582.1226,6.1,5.8,9.8
-45580.08699,6.4,8.9,9.8
-45580.4545,9.2,9.2,9.8
-45579.94669,3.4,10.7,9.6
-45581.66627,5.5,5.6,8.7
-45581.35779,5.6,4.9,10.2
-45581.25028,6.0,5.5,8.7
-45581.40865,6.2,5.4,10.2
-45581.04255,6.3,5.9,9.1
-45580.10464,6.8,6.6,9.8
-45580.14724,7.4,12.6,9.1
-45580.3975,8.9,9.0,9.8
-45579.9757,5.6,6.4,10.5
-45583.27746,5.7,4.9,9.6
-45580.21595,6.2,5.9,10.5
-45583.26073,6.3,5.4,9.6
-45582.47911,7.2,5.0,9.6
-45580.5669,3.2,8.2,9.6
-45580.16519,3.2,9.4,10.1
-45580.52444,3.3,9.9,9.2
-45580.24003,4.4,5.5,9.6
-45581.64943,5.1,5.6,9.6
-45580.50621,6.1,12.3,8.8
-45580.88478,6.2,13.0,8.8
-45579.92878,6.3,12.2,10.1
-45579.91017,6.9,8.8,10.1
-45581.24272,7.6,5.1,9.7
-45580.80574,8.0,5.3,9.2
-45580.03295,8.2,5.2,9.7
-45580.14895,8.3,8.7,9.2
-45580.40321,3.6,8.3,9.7
-45580.95112,4.8,5.4,9.7
-45580.93969,4.9,5.9,8.8
-45582.33215,5.3,4.8,9.7
-45582.63586,5.8,5.7,9.2
-45582.6651,6.7,5.5,9.7
-45583.43786,7.1,4.9,9.2
-45580.00953,8.4,9.1,10.1
-45580.45559,3.3,8.2,9.8
-45580.2288,4.5,5.5,9.8
-45580.16434,6.5,6.7,10.1
-45580.1894,6.6,5.8,8.8
-45580.07633,6.8,6.6,10.2
-45580.19862,7.0,6.4,10.1
-45581.05002,5.0,5.6,9.8
-45582.78279,5.5,5.6,9.1
-45582.59425,5.6,4.9,9.8
-45583.15235,6.0,5.5,9.1
-45580.9854,6.1,5.8,10.2
-45582.73818,6.2,5.4,9.8
-45580.0822,9.2,9.2,10.2
-45579.97629,3.7,9.5,10.2
-45579.915,4.3,8.8,10.2
-45580.34163,5.3,13.2,8.7
-45580.68853,6.7,13.1,8.7
-45580.18815,7.4,12.6,8.7
-45580.05307,8.9,9.0,10.2
-45580.00179,3.5,10.7,9.8
-45580.23851,3.6,9.8,9.1
-45580.13168,3.7,8.3,9.5
-45579.91374,4.8,13.0,8.7
-45581.52924,4.9,5.4,9.5
-45580.04503,6.7,5.8,10.6
-45581.74609,7.3,5.0,9.8
-45580.33964,8.6,8.6,9.1
-45580.77836,4.9,4.8,10.0
-45582.56865,5.2,4.8,9.5
-45583.17236,6.6,5.5,9.5
-45581.35163,7.7,5.1,9.5
-45580.02176,8.3,5.2,9.5
-45580.69831,9.2,8.4,9.5
-45579.93688,3.3,8.8,10.4
-45580.16158,3.7,8.1,10.0
-45581.12012,5.2,5.4,10.0
-45581.41567,5.3,5.9,8.9
-45580.00308,5.8,6.6,10.4
-45579.9491,6.3,11.3,9.3
-45580.69799,6.3,13.2,8.9
-45580.01837,6.4,8.3,10.0
-45583.11579,6.5,5.6,9.3
-45582.2657,6.6,4.9,10.0
-45580.06956,6.6,5.4,10.7
-45582.97478,7.0,5.5,9.3
-45580.19459,7.1,5.8,10.4
-45580.46943,7.2,12.8,8.9
-45580.68462,5.7,13.1,8.9
-45580.41288,6.0,12.1,8.9
-45580.65133,7.6,6.0,8.9
-45579.94355,7.6,8.6,9.3
-45580.15331,9.2,7.8,10.0
-45580.01272,4.1,9.8,9.9
-45580.46744,7.7,5.3,10.0
-45580.58042,8.1,5.1,9.3
-45580.25626,8.9,8.4,10.0
-45580.40869,9.1,8.6,9.9
-45580.63651,3.5,9.6,9.0
-45579.97472,3.6,8.9,10.3
-45579.92385,4.0,9.5,9.0
-45580.07963,4.9,13.2,9.0
-45580.33816,5.2,13.0,9.0
-45579.91802,5.7,4.8,10.8
-45582.01598,5.7,5.5,9.9
-45583.9881,6.1,4.9,9.4
-45582.77808,6.3,4.8,9.9
-45579.91146,6.3,5.5,10.8
-45582.69965,6.8,5.7,9.4
-45580.48131,7.1,12.3,9.0
-45581.61167,7.2,5.2,9.9
-45581.02661,7.3,6.1,9.0
-45580.08048,8.4,8.5,9.9
-45579.94493,8.8,9.2,10.3
-45580.07151,9.2,10.3,9.4
-45580.30901,3.2,8.0,9.9
-45580.06833,4.4,4.9,9.9
-45580.96244,4.7,5.6,9.4
-45579.94015,5.5,6.7,10.3
-45583.54458,5.6,5.3,9.0
-45581.6801,5.6,5.8,9.0
-45581.25721,6.0,5.1,10.3
-45580.19705,6.0,6.4,10.3
-45584.14403,6.2,5.0,9.0
-45579.91464,6.8,8.4,9.0
-45579.92148,7.7,12.9,9.0
-45580.65749,8.9,9.4,9.4
-45580.21673,8.9,10.1,9.4
-45580.13229,3.2,7.5,9.9
-45579.95449,3.8,8.7,10.3
-45581.08301,4.5,5.1,9.0
-45579.92161,4.7,8.5,9.0
-45581.27484,5.7,6.0,9.9
-45581.22396,6.1,6.2,9.4
-45580.95628,6.3,6.3,9.9
-45580.86246,9.2,8.8,9.4
-45580.60951,3.7,9.1,9.4
-45580.10997,5.2,12.4,9.4
-45580.18279,5.8,9.0,9.4
-45580.09245,6.4,9.3,9.4
-45580.10327,6.5,12.6,9.9
-45580.40108,6.6,11.9,9.4
-45579.95184,7.0,12.5,9.9
-45580.2392,7.1,12.9,9.4
-45580.95129,7.2,5.9,9.9
-45582.74846,7.3,5.4,9.0
-45580.02318,8.5,8.3,9.0
-45580.96773,3.2,9.0,9.3
-45580.07296,4.1,9.3,9.9
-45580.18783,4.3,9.2,9.4
-45579.97335,4.6,9.3,9.3
-45579.99583,6.1,11.9,10.0
-45580.22803,7.7,5.8,10.0
-45580.42525,8.2,4.8,8.9
-45579.95593,8.9,7.1,10.0
-45579.9355,4.2,8.4,8.9
-45582.07597,4.8,5.0,8.9
-45580.44233,5.2,6.1,10.0
-45583.28601,5.3,5.2,8.9
-45580.04975,5.5,9.1,9.3
-45580.5938,5.7,12.5,9.3
-45580.43517,6.3,11.8,9.3
-45580.1397,6.4,6.8,10.0
-45580.84729,6.6,6.2,10.0
-45579.91155,6.8,12.7,10.0
-45580.03235,6.9,9.2,9.3
-45581.55598,7.0,6.0,9.3
-45579.91164,7.0,8.6,8.9
-45580.45094,7.1,5.3,10.4
-45581.8129,7.6,5.5,8.9
-45580.05603,9.2,7.3,10.0
-45580.77859,3.6,9.3,9.1
-45580.17691,4.0,9.1,9.8
-45580.17508,4.2,9.0,9.1
-45580.14586,5.8,12.7,9.8
-45580.15085,6.5,9.1,9.1
-45580.12459,6.6,12.9,9.8
-45583.87507,6.7,5.1,8.9
-45583.08314,7.2,4.8,8.7
-45580.18246,7.2,12.2,9.3
-45580.21615,8.4,9.5,9.3
-45580.76022,9.1,9.6,9.3
-45580.04325,3.2,8.4,8.7
-45580.07269,3.3,6.9,9.8
-45580.47062,4.4,5.3,8.7
-45579.91415,4.5,6.0,9.8
-45581.00284,5.6,6.2,9.8
-45583.51336,5.7,5.1,8.7
-45580.08624,5.9,9.2,9.1
-45580.68205,6.0,6.0,9.1
-45579.93255,6.0,8.6,8.7
-45581.4793,6.1,5.3,10.2
-45581.52146,6.2,6.1,9.8
-45579.94239,6.2,8.7,10.2
-45580.81602,6.7,12.5,9.1
-45579.92927,7.1,11.9,9.8
-45580.01824,8.3,9.7,9.8
-45579.97251,9.2,9.9,10.2
-45580.40354,5.2,6.3,9.5
-45580.21803,5.4,12.6,9.5
-45580.54025,6.1,12.5,9.5
-45580.50133,6.2,12.8,9.5
-45583.19926,6.3,5.2,8.7
-45580.67859,8.8,8.8,9.1
-45580.21062,4.9,6.1,9.5
-45580.08718,5.3,5.0,10.6
-45580.4898,5.6,5.1,10.5
-45581.24618,5.7,6.2,9.6
-45580.66534,6.2,5.2,10.5
-45581.96938,6.6,6.0,9.5
-45580.27333,6.7,5.3,10.6
-45579.99535,7.3,13.2,9.5
-45579.91133,8.2,9.7,9.6
-45580.43747,8.7,9.6,9.5
-45579.93298,3.4,6.2,9.7
-45580.21481,4.1,9.1,9.6
-45583.17983,5.2,5.0,8.8
-45580.37009,5.9,12.7,9.6
-45581.75219,6.3,6.1,9.6
-45579.96588,6.7,8.6,10.1
-45580.28385,6.7,12.9,9.6
-45580.06492,7.0,11.9,9.6
-45580.02055,7.2,6.5,9.6
-45580.18957,7.3,4.8,10.5
-45580.32003,3.7,8.5,8.8
-45579.96215,4.8,6.1,9.7
-45582.28601,4.9,5.2,8.8
-45583.15921,6.6,5.3,8.8
-45581.74469,6.7,6.0,9.7
-45581.42178,7.0,5.1,10.1
-45581.00325,7.1,6.2,9.2
-45579.91043,7.2,13.2,9.7
-45580.38786,8.5,8.9,9.2
-45580.27205,8.6,9.6,9.7
-45580.0195,3.2,10.1,10.1
-45580.95844,3.3,9.2,9.2
-45579.93551,4.7,9.1,9.2
-45580.02216,5.0,12.6,9.2
-45580.3298,5.3,6.3,9.7
-45579.92432,5.4,9.3,9.2
-45580.12234,5.5,12.6,9.7
-45580.31224,5.6,11.9,9.2
-45580.31562,6.0,12.5,9.7
-45580.73935,6.1,12.9,9.2
-45580.88019,6.2,12.4,9.2
-45580.28998,6.3,12.8,9.7
-45580.15538,6.8,9.0,9.2
-45580.58399,7.4,5.6,10.1
-45581.96146,7.7,4.9,8.8
-45579.93485,8.0,5.8,9.2
-45580.21071,4.2,4.8,9.3
-45583.57332,5.9,5.4,9.3
-45580.10355,6.4,6.4,10.4
-45584.06516,6.5,4.9,9.3
-45581.73531,6.6,5.6,10.0
-45580.36561,8.6,9.3,8.9
-45579.94908,3.4,8.1,9.3
-45580.46235,4.9,5.7,10.0
-45580.5941,5.5,12.3,8.9
-45580.33754,5.8,5.9,10.4
-45580.04689,8.7,10.0,10.0
-45580.07302,9.1,10.2,9.3
-45580.42242,3.8,8.8,8.9
-45580.26466,5.1,13.1,8.9
-45580.03639,5.7,8.9,8.9
-45580.12168,6.9,12.0,8.9
-45582.39902,7.4,5.3,9.3
-45579.9201,7.5,6.0,10.4
-45579.91311,8.2,8.4,9.3
-45580.32207,9.2,8.7,10.0
-45580.08176,3.4,10.4,9.9
-45580.89283,3.5,8.9,9.0
-45580.68604,5.8,12.2,9.0
-45580.6167,6.4,12.1,9.0
-45580.93102,7.9,5.2,9.4
-45580.25638,8.7,8.5,9.4
-45580.24244,9.1,7.9,9.9
-45579.98717,4.4,5.6,9.9
-45581.35973,4.7,4.9,9.4
-45581.44617,5.0,5.8,9.0
-45581.1141,5.1,5.5,9.9
-45582.75436,5.4,5.5,9.4
-45580.4653,5.5,5.8,10.3
-45580.0081,6.0,8.3,9.9
-45583.16158,6.1,5.6,9.4
-45582.02831,6.3,5.7,9.9
-45583.65258,6.8,4.8,9.4
-45580.04434,6.9,6.5,10.3
-45580.03032,7.5,12.5,9.0
-45580.11945,8.3,9.2,9.0
-45580.51274,3.4,9.8,9.6
-45582.08911,5.1,4.9,9.6
-45579.97123,6.2,6.6,10.5
-45580.02046,8.4,8.6,9.6
-45580.63688,9.1,8.5,9.6
-45580.01335,3.9,9.4,8.8
-45582.66399,5.7,5.6,9.6
-45580.05438,6.2,8.8,8.8
-45580.12108,7.4,6.2,10.1
-45579.91026,7.5,7.7,8.8
-45580.00519,7.7,8.5,9.2
-45580.22155,3.5,8.3,9.2
-45580.27371,3.8,9.9,9.7
-45580.33195,4.3,5.4,9.2
-45580.02709,5.4,12.1,8.8
-45579.93295,6.0,8.9,10.1
-45581.23196,6.5,5.8,10.1
-45580.44575,6.8,12.2,8.8
-45582.37655,7.5,5.1,9.2
-45580.04351,8.6,10.2,9.7
-45580.44836,8.8,8.7,9.7
-45580.19549,9.0,10.0,9.2
-45581.71302,5.3,5.7,9.7
-45583.99237,5.8,4.8,9.2
-45580.3177,5.9,6.5,10.1
-45583.33698,6.4,5.5,9.2
-45580.47559,8.7,9.1,8.8
-45579.97607,3.4,7.0,10.1
-45581.00658,4.6,5.5,9.1
-45579.96315,4.7,5.8,10.2
-45581.37857,5.0,4.9,9.8
-45580.10182,5.4,6.4,10.2
-45583.74213,5.5,4.9,9.1
-45582.06028,5.6,5.6,9.8
-45580.12342,6.1,6.7,10.2
-45580.69748,6.8,5.9,10.2
-45583.3467,6.9,5.4,9.1
-45582.68079,7.1,5.6,9.2
-45580.07486,7.2,8.4,9.1
-45579.94761,8.4,5.3,9.1
-45579.9185,8.9,10.9,9.8
-45580.14084,9.1,9.3,10.1
-45580.499,3.4,9.5,8.7
-45580.35263,3.5,9.8,9.8
-45581.89404,5.2,5.7,9.5
-45580.17942,6.5,12.3,8.7
-45581.58384,7.8,5.0,9.1
-45580.19612,8.5,8.6,9.8
-45580.47168,9.0,8.5,9.8
-45580.13609,3.9,9.9,9.5
-45580.3943,5.3,12.7,9.1
-45580.0625,5.8,11.8,9.8
-45580.22236,6.4,12.5,9.8
-45579.9916,6.6,9.1,9.8
-45579.91092,7.0,9.3,9.1
-45579.97378,7.1,12.6,9.8
-45581.52164,7.2,5.7,8.7
-45579.96445,7.9,4.8,10.2
-45579.99393,8.7,8.1,10.2
-45580.62045,8.9,8.7,9.5
-45580.14909,3.3,7.6,9.8
-45580.39255,3.5,9.3,9.8
-45580.07626,4.7,5.3,10.2
-45580.06467,5.0,6.2,9.8
-45582.83832,5.1,5.1,8.7
-45581.05129,5.4,5.1,10.2
-45579.93018,5.6,8.5,10.2
-45580.80056,6.5,12.9,9.1
-45581.29835,6.8,5.2,10.2
-45580.94081,6.9,6.1,9.1
-45580.04911,8.1,8.9,9.1
-45580.08922,8.3,8.8,9.8
-45580.29481,8.8,9.7,9.1
-45579.92815,9.0,7.0,9.8
-45580.01117,3.9,8.4,10.2
-45580.40273,3.9,9.2,9.5
-45580.02962,4.5,9.1,9.5
-45579.98924,5.0,5.1,10.5
-45580.05206,5.4,11.9,9.5
-45580.78516,5.5,6.2,9.1
-45579.92432,5.6,9.3,9.5
-45580.21421,6.2,9.0,9.5
-45580.38214,6.8,12.4,9.5
-45579.95778,7.1,6.8,9.5
-45580.50943,8.7,8.9,9.5
-45580.19923,3.4,8.5,10.1
-45580.60811,3.4,9.3,9.6
-45580.02989,4.1,8.6,10.1
-45580.317,5.1,6.2,9.6
-45580.29341,5.8,6.3,9.2
-45581.91016,5.9,5.0,10.1
-45580.20448,5.9,11.8,9.6
-45579.91534,6.1,7.9,10.5
-45581.18412,6.4,6.0,9.2
-45579.96767,6.4,8.6,8.8
-45580.41341,6.5,12.5,9.6
-45580.02658,6.7,9.1,9.6
-45580.18966,7.0,12.6,9.6
-45579.96125,7.3,5.7,10.5
-45580.02186,8.2,8.8,9.6
-45580.08328,9.1,9.8,10.1
-45580.33643,3.8,9.2,9.7
-45579.98592,4.4,9.1,9.7
-45580.03083,5.5,11.9,9.7
-45580.60368,5.6,12.6,9.2
-45580.12967,6.3,9.0,9.7
-45581.76676,6.5,5.3,10.1
-45580.62609,6.8,12.8,9.2
-45580.01244,7.5,6.4,9.2
-45580.04723,8.5,9.6,9.2
-45580.3092,8.6,8.9,9.7
-45580.78653,9.0,9.5,9.2
-45580.87947,3.3,8.7,9.0
-45582.48766,5.0,5.3,9.0
-45581.49001,5.4,6.0,9.4
-45580.80347,5.5,5.3,10.3
-45580.13931,6.0,6.8,9.9
-45579.91716,6.1,8.5,9.0
-45580.18531,6.1,9.1,9.2
-45579.95026,6.3,8.4,10.3
-45580.88762,6.8,6.3,9.4
-45580.17022,6.9,12.4,9.7
-45580.86716,7.4,4.9,10.1
-45579.93242,7.5,13.1,9.4
-45581.18182,7.7,5.6,8.8
-45580.71076,9.2,9.7,9.4
-45580.34429,3.4,9.1,9.9
-45580.59202,5.1,6.0,9.9
-45580.02118,5.4,8.6,9.0
-45580.50874,5.8,12.8,9.4
-45580.09834,5.9,12.4,9.9
-45580.06276,6.5,11.9,9.9
-45581.0114,6.9,5.0,10.3
-45579.96369,7.1,9.1,9.4
-45579.94555,7.9,5.9,9.4
-45579.96684,8.2,9.4,9.9
-45580.0546,9.1,7.2,9.9
-45580.1305,3.9,9.0,10.0
-45580.07482,5.1,12.5,9.3
-45580.41465,5.5,12.9,9.3
-45580.09351,6.0,9.3,9.3
-45580.01528,6.1,12.6,10.0
-45580.73827,6.3,12.7,9.3
-45580.58104,6.6,12.6,9.4
-45581.48746,7.4,5.8,9.3
-45580.01108,7.5,5.5,10.4
-45579.9322,8.6,8.3,10.3
-45580.48873,3.6,8.6,8.9
-45580.81891,5.8,5.2,10.4
-45581.27792,5.9,6.1,9.3
-45580.0706,5.9,8.7,8.9
-45580.97722,6.4,5.1,10.4
-45580.83658,6.5,6.2,9.3
-45580.12946,8.7,9.5,10.0
-45580.89214,9.1,8.9,9.3
-45579.99068,3.4,9.1,10.3
-45580.03332,4.1,5.1,8.9
-45579.99782,4.9,12.7,9.0
-45580.84567,5.8,12.8,9.0
-45580.04569,6.4,11.4,9.4
-45580.9243,6.6,12.6,9.0
-45579.92487,7.2,6.6,10.3
-45579.94506,7.9,5.9,9.0
-45580.04594,9.0,8.1,9.4
-45580.15656,3.5,10.2,9.4
-45581.25346,5.4,6.0,9.0
-45580.41888,7.8,5.4,9.9
-45580.14641,8.6,8.3,9.9
-45580.67661,9.2,9.7,9.0
-45580.83716,3.3,8.7,9.4
-45580.36511,4.6,5.1,9.9
-45582.05021,5.0,5.3,9.4
-45580.06876,5.1,6.0,10.3
-45581.94892,5.5,5.3,9.9
-45580.14283,5.8,5.1,10.7
-45580.20249,5.9,8.7,9.3
-45580.00117,6.0,6.8,10.3
-45580.11341,6.1,8.5,9.4
-45580.0618,6.3,8.4,9.9
-45582.29419,6.4,5.1,10.0
-45580.17812,6.4,5.2,10.7
-45582.21464,6.9,5.0,9.9
-45580.12196,7.5,13.1,9.0
-45579.95725,8.8,10.6,9.9
-45580.9402,9.1,8.9,8.9
-45580.15581,3.5,7.9,10.0
-45580.60031,3.6,8.6,9.3
-45580.02183,4.1,5.1,9.3
-45582.06233,5.8,5.2,10.0
-45579.92527,6.4,7.7,10.4
-45580.01232,6.6,8.5,10.0
-45579.96492,8.6,9.8,9.3
-45579.99182,9.0,10.4,10.0
-45581.00897,6.3,12.7,8.9
-45580.69762,7.5,5.5,10.0
-45579.98143,8.0,5.6,10.0
-45579.93339,8.2,5.7,9.3
-45580.61042,3.5,8.5,9.5
-45580.10431,4.0,8.6,9.5
-45580.2381,4.3,5.2,9.5
-45580.2041,5.1,12.5,8.9
-45580.66377,5.5,12.9,8.9
-45583.58982,5.8,5.0,9.5
-45579.95296,5.9,6.3,10.6
-45583.55414,6.4,5.3,9.5
-45580.0042,6.5,6.0,10.6
-45581.55059,7.4,5.8,8.9
-45580.54546,9.0,9.8,9.5
-45579.95727,3.3,7.6,10.2
-45580.02966,5.0,6.2,10.2
-45580.75024,5.1,7.7,8.7
-45582.18428,5.4,5.1,9.8
-45580.19208,6.2,11.6,9.5
-45582.56771,6.8,5.2,9.8
-45580.07022,6.9,8.7,9.1
-45581.959,7.5,4.9,9.5
-45579.94588,8.3,8.8,10.2
-45580.04128,9.2,10.6,9.8
-45580.13877,3.4,10.0,9.1
-45580.16236,3.9,8.4,9.8
-45580.10908,4.6,8.6,9.1
-45580.63927,4.7,5.3,9.8
-45582.84842,5.1,5.1,9.1
-45582.21478,7.2,5.7,9.1
-45580.47812,7.9,4.8,9.8
-45580.01826,8.7,8.1,9.8
-45580.19752,9.1,8.3,9.1
-45580.47228,5.3,12.7,8.7
-45580.88109,6.5,12.9,8.7
-45580.05531,6.6,11.7,9.8
-45580.68975,7.2,7.1,8.7
-45580.03119,3.5,9.3,10.2
-45580.07282,3.8,9.2,10.1
-45580.00034,6.1,9.1,8.8
-45580.33508,6.1,11.7,9.2
-45580.1109,6.3,11.6,9.7
-45580.8305,6.8,12.8,8.8
-45580.09611,4.3,8.7,9.2
-45580.75276,5.6,12.6,8.8
-45581.78425,7.4,4.9,9.7
-45581.28206,7.7,5.6,9.2
-45580.56311,3.4,8.5,9.7
-45580.01168,3.6,7.7,10.1
-45580.05061,4.1,8.6,9.7
-45579.94163,4.2,5.2,9.7
-45583.19596,5.9,5.0,9.7
-45580.09597,6.4,8.6,9.2
-45583.05346,6.5,5.3,9.7
-45580.07074,7.1,8.5,9.2
-45580.08061,8.6,8.9,10.1
-45580.60696,9.0,9.5,8.8
-45580.46174,9.1,9.8,9.7
-45580.16533,3.8,8.4,9.6
-45580.70508,4.6,5.3,9.6
-45579.97027,5.4,6.2,10.5
-45579.92518,6.2,7.5,10.5
-45580.11705,6.7,11.7,9.6
-45580.04668,6.8,6.1,10.5
-45580.97961,7.8,4.8,9.6
-45579.98606,3.5,8.3,8.8
-45580.17451,4.3,5.4,8.8
-45580.78703,5.3,5.7,10.1
-45582.90625,5.5,5.1,9.6
-45583.46298,5.8,4.8,8.8
-45580.61366,5.9,6.5,9.7
-45581.74637,6.4,5.5,8.8
-45582.29514,6.5,5.8,9.7
-45582.96465,6.9,5.2,9.6
-45582.16721,7.1,5.6,8.8
-45579.97647,7.2,12.7,9.7
-45580.65845,8.7,9.1,9.2
-45580.51876,9.1,9.3,9.7
-45579.97792,3.8,9.9,10.1
-45580.44642,3.9,9.4,9.2
-45580.00306,4.5,8.9,9.2
-45580.12655,6.0,8.9,9.7
-45580.59728,6.8,12.2,9.2
-45580.08212,6.9,13.0,9.7
-45580.16764,7.4,6.2,9.7
-45582.55384,7.5,5.1,8.8
-45580.13831,8.8,8.7,10.1
-45580.00552,3.2,6.5,9.6
-45579.99032,4.2,9.7,9.6
-45580.31795,4.6,5.8,9.6
-45580.38909,5.4,4.9,10.5
-45580.32886,5.4,12.1,9.2
-45580.49476,5.5,6.4,9.6
-45580.24178,5.9,13.2,9.6
-45580.15232,6.0,6.7,9.6
-45580.24994,6.2,8.8,9.2
-45580.28541,6.5,13.1,9.6
-45580.39222,6.8,5.4,10.5
-45581.91549,6.9,5.9,9.6
-45580.04014,8.1,9.1,9.6
-45579.93052,9.2,6.3,9.5
-45579.9647,3.5,9.8,10.2
-45580.48135,5.8,6.5,9.5
-45580.46436,5.9,4.8,10.6
-45580.23142,6.1,8.9,9.5
-45582.60139,6.4,5.8,9.5
-45580.23555,6.5,5.5,10.6
-45580.84954,6.5,12.3,9.1
-45580.31181,6.8,13.0,9.5
-45580.01498,7.0,5.6,10.6
-45580.04087,7.3,12.7,9.5
-45580.14956,7.5,6.2,9.5
-45581.54044,7.8,5.0,8.7
-45580.00033,8.5,8.6,10.2
-45580.08284,9.0,8.5,10.2
-45580.65999,9.0,9.3,9.5
-45580.84138,3.4,9.5,9.1
-45579.94105,4.3,9.7,9.8
-45579.95516,4.8,8.8,9.1
-45580.03471,5.8,13.2,9.8
-45580.58472,5.9,12.0,9.1
-45580.17397,6.7,8.9,9.1
-45580.04668,3.3,6.5,9.8
-45580.36093,4.7,5.8,9.8
-45580.25994,5.1,6.4,9.1
-45583.41599,5.5,4.9,8.7
-45579.97714,6.1,8.1,10.2
-45580.10849,6.4,13.1,9.8
-45582.58801,6.9,5.4,8.7
-45580.08925,8.2,9.0,9.1
-45580.76935,4.6,5.5,8.7
-45580.55325,5.0,4.9,10.2
-45580.08179,5.1,13.1,9.3
-45580.19553,5.4,6.4,9.8
-45580.411,5.5,12.3,9.3
-45580.94258,5.6,5.6,10.2
-45580.18692,5.7,8.9,9.3
-45580.33375,6.1,6.7,9.8
-45580.02893,6.3,9.4,9.3
-45581.65748,6.8,5.9,9.8
-45580.36944,6.9,12.0,9.3
-45582.66536,7.4,5.3,8.9
-45580.21383,3.3,9.7,10.0
-45580.52674,3.8,8.8,9.3
-45580.30168,7.5,6.0,10.0
-45579.93691,9.2,8.7,10.4
-45580.00747,3.5,7.2,10.0
-45583.02541,5.9,5.4,8.9
-45583.89928,6.5,4.9,8.9
-45580.58629,6.6,5.6,10.4
-45579.94547,7.2,9.0,9.3
-45580.50827,8.6,9.3,9.3
-45580.23323,9.0,9.1,10.0
-45580.25398,4.2,4.8,8.9
-45579.91386,4.9,5.7,10.4
-45580.2343,5.3,6.6,9.3
-45581.38239,5.5,5.8,9.9
-45580.18121,5.6,6.7,9.4
-45581.26671,5.8,5.9,10.0
-45579.9269,6.4,5.9,10.7
-45580.6164,6.4,6.4,10.0
-45581.74101,4.7,4.9,9.0
-45581.30135,5.0,5.8,9.4
-45580.29178,5.1,5.5,10.3
-45582.89909,5.4,5.5,9.0
-45579.95649,6.0,8.3,10.3
-45580.82169,6.3,5.7,10.3
-45583.84135,6.8,4.8,9.0
-45580.20241,6.9,6.5,9.9
-45579.92562,7.5,12.5,9.4
-45580.26789,8.3,9.2,9.4
-45580.74557,3.5,8.9,9.4
-45580.25636,3.6,9.6,9.9
-45580.00809,5.9,13.0,9.9
-45582.21618,6.1,5.6,9.0
-45580.57227,6.4,12.1,9.4
-45579.93787,7.7,9.1,9.4
-45579.94294,7.8,6.1,9.9
-45581.241,7.9,5.2,9.0
-45579.9224,8.1,9.3,9.9
-45580.35818,8.7,8.5,9.0
-45579.91653,9.1,7.9,10.3
-45580.43369,5.3,12.6,8.7
-45580.50383,5.8,12.2,9.4
-45579.94228,6.6,9.5,9.4
-45582.53223,7.2,5.6,9.1
-45580.46747,7.9,4.9,9.8
-45579.9528,9.1,8.2,9.1
-45579.97392,3.3,7.7,10.2
-45580.04329,3.5,9.2,10.2
-45580.07004,4.6,8.7,9.1
-45579.99709,5.0,6.3,10.2
-45580.47247,5.1,7.6,8.7
-45582.22293,5.4,5.0,9.8
-45580.90514,6.5,12.8,8.7
-45580.01881,6.6,11.6,9.8
-45582.491,6.8,5.3,9.8
-45580.05571,6.9,8.6,9.1
-45580.32651,7.2,7.0,8.7
-45579.9379,8.3,8.9,10.2
-45579.9283,8.8,9.6,8.7
-45579.99407,9.2,10.7,9.8
-45580.53648,3.5,8.4,9.5
-45580.22705,3.9,8.5,9.8
-45580.21361,4.3,5.3,9.5
-45580.66582,4.7,5.2,9.8
-45582.88627,5.1,5.0,9.1
-45583.54379,5.8,5.1,9.5
-45580.26126,6.2,11.7,9.5
-45583.65277,6.4,5.2,9.5
-45580.16463,7.4,13.2,8.7
-45581.96234,7.5,4.8,9.5
-45580.28879,3.8,8.5,9.6
-45580.22076,4.0,8.7,9.5
-45580.73876,4.6,5.2,9.6
-45579.95687,5.4,6.3,10.5
-45582.9466,5.5,5.0,9.6
-45579.96513,5.9,6.2,10.6
-45579.92264,6.2,7.4,10.5
-45579.98105,6.5,6.1,10.6
-45580.0571,6.7,11.6,9.6
-45580.0799,6.8,6.0,10.5
-45582.88704,6.9,5.3,9.6
-45580.96948,7.8,4.9,9.6
-45580.49817,9.0,9.9,9.5
-45580.55446,3.4,8.4,9.7
-45579.98993,3.6,7.6,10.1
-45580.1306,4.1,8.7,9.7
-45579.93757,4.2,5.3,9.7
-45580.09836,4.3,8.6,9.2
-45583.14858,5.9,5.1,9.7
-45580.19409,6.4,8.7,9.2
-45583.13442,6.5,5.2,9.7
-45580.06204,7.1,8.4,9.2
-45580.08481,8.6,8.8,10.1
-45580.71632,9.0,9.4,8.8
-45580.43759,9.1,9.9,9.7
-45580.06286,3.8,9.3,10.1
-45580.77927,5.6,12.7,8.8
-45580.04554,6.1,9.0,8.8
-45580.2493,6.1,11.6,9.2
-45580.15453,6.3,11.7,9.7
-45580.80261,6.8,12.9,8.8
-45581.79746,7.4,4.8,9.7
-45581.02034,7.7,5.7,9.2
-45580.81416,3.3,8.6,9.4
-45580.37952,4.6,5.0,9.9
-45582.12231,5.0,5.2,9.4
-45580.03597,5.1,6.1,10.3
-45580.95641,5.4,6.1,9.0
-45582.01258,5.5,5.2,9.9
-45580.80496,5.8,12.9,9.0
-45579.95731,6.0,6.9,10.3
-45579.9575,6.1,8.4,9.4
-45580.08909,6.3,8.5,9.9
-45580.07994,6.8,6.2,9.0
-45582.17302,6.9,5.1,9.9
-45580.11514,7.5,13.0,9.0
-45579.92486,8.8,10.7,9.9
-45580.79438,9.2,9.6,9.0
-45579.99819,3.4,9.0,10.3
-45580.01492,3.5,10.3,9.4
-45579.97036,4.9,12.6,9.0
-45580.13416,6.4,11.5,9.4
-45580.91262,6.6,12.7,9.0
-45580.38166,7.8,5.5,9.9
-45580.17335,7.9,5.8,9.0
-45580.07276,8.6,8.2,9.9
-45579.98302,6.0,9.2,8.9
-45581.00622,6.3,12.6,8.9
-45580.75278,7.5,5.4,10.0
-45579.95647,8.0,5.7,10.0
-45580.0858,8.2,5.6,9.3
-45579.92753,8.3,8.3,10.0
-45580.18692,5.1,12.4,8.9
-45580.68459,5.5,12.8,8.9
-45580.16435,5.8,5.0,10.7
-45581.99013,5.8,5.3,10.0
-45580.09162,5.9,8.6,9.3
-45582.34744,6.4,5.0,10.0
-45580.14271,6.4,5.3,10.7
-45580.00772,6.6,8.4,10.0
-45581.34279,7.4,5.9,8.9
-45580.89298,9.1,8.8,8.9
-45580.01061,3.5,7.3,10.0
-45580.12172,3.5,7.8,10.0
-45580.68152,3.6,8.7,9.3
-45580.02922,4.1,5.0,9.3
-45582.48266,5.9,5.5,8.9
-45579.91941,6.4,7.6,10.4
-45583.69789,6.5,4.8,8.9
-45580.50985,6.6,5.7,10.4
-45579.95719,7.2,9.1,9.3
-45580.52334,8.6,9.2,9.3
-45580.24491,9.0,9.0,10.0
-45579.95855,9.0,10.5,10.0
-45580.28426,4.2,4.9,8.9
-45579.9319,4.9,5.6,10.4
-45580.08375,5.1,13.0,9.3
-45580.0373,5.3,6.7,9.3
-45580.38114,5.5,12.2,9.3
-45580.14826,5.7,8.8,9.3
-45581.41527,5.8,5.8,10.0
-45579.96078,6.3,9.5,9.3
-45579.95486,6.4,5.8,10.7
-45580.47825,6.4,6.5,10.0
-45580.40608,6.9,12.1,9.3
-45582.77548,7.4,5.2,8.9
-45579.99708,8.2,8.5,8.9
-45580.22429,3.3,9.6,10.0
-45580.74464,3.5,8.8,9.4
-45580.57581,3.8,8.9,9.3
-45579.98739,4.4,9.4,9.3
-45579.98784,5.9,13.1,9.9
-45580.20103,7.5,6.1,10.0
-45579.92977,9.2,8.6,10.4
-45580.24531,3.6,9.7,9.9
-45581.72741,4.7,4.8,9.0
-45580.33577,5.1,5.4,10.3
-45581.23461,5.5,5.9,9.9
-45580.30291,5.6,6.6,9.4
-45580.53068,5.8,12.3,9.4
-45579.92108,6.3,7.0,9.9
-45580.51751,6.4,12.0,9.4
-45579.98186,6.5,13.2,9.9
-45580.0047,6.6,9.4,9.4
-45580.43109,6.9,6.4,9.9
-45579.91508,7.0,8.8,9.9
-45580.06126,7.8,6.0,9.9
-45581.17093,7.9,5.3,9.0
-45580.22332,8.7,8.4,9.0
-45580.0472,4.2,9.6,9.6
-45581.00697,5.0,5.9,9.4
-45580.39915,5.4,4.8,10.5
-45583.13989,5.4,5.4,9.0
-45580.29407,5.5,6.5,9.6
-45580.36281,6.0,6.6,9.6
-45579.95958,6.0,8.2,10.3
-45581.59172,6.1,5.7,9.0
-45580.91852,6.3,5.6,10.3
-45580.31448,6.5,13.0,9.6
-45583.92738,6.8,4.9,9.0
-45582.13337,6.9,5.8,9.6
-45579.91837,7.5,12.4,9.4
-45579.93206,8.1,9.2,9.9
-45580.2389,8.3,9.3,9.4
-45580.01369,3.2,6.4,9.6
-45579.99576,3.8,9.8,10.1
-45580.37045,3.9,9.5,9.2
-45580.01703,4.5,8.8,9.2
-45580.11599,4.6,5.9,9.6
-45580.06709,5.0,13.2,9.2
-45580.01547,5.5,13.2,9.7
-45579.91675,5.6,9.4,9.2
-45580.14708,6.0,8.8,9.7
-45580.33794,6.8,5.5,10.5
-45580.63798,6.8,12.3,9.2
-45580.06352,6.9,13.1,9.7
-45579.94624,7.4,6.3,9.7
-45582.58683,7.5,5.0,8.8
-45580.04136,8.1,9.0,9.6
-45580.14194,8.8,8.6,10.1
-45579.97484,4.3,5.5,8.8
-45580.17694,5.4,12.0,9.2
-45580.87887,5.9,6.4,9.7
-45580.25613,6.2,8.9,9.2
-45582.08177,6.5,5.9,9.7
-45580.87529,5.3,5.6,10.1
-45583.68471,5.8,4.9,8.8
-45579.95558,6.1,8.0,10.2
-45582.4725,6.4,5.4,8.8
-45581.70871,7.1,5.7,8.8
-45579.99612,7.2,12.6,9.7
-45580.65608,8.7,9.0,9.2
-45580.52974,9.1,9.2,9.7
-45580.01092,3.3,6.4,9.8
-45580.97026,4.6,5.4,8.7
-45580.25814,4.7,5.9,9.8
-45580.56831,5.0,4.8,10.2
-45579.99694,5.1,6.5,9.1
-45579.98185,5.4,6.5,9.8
-45583.25861,5.5,4.8,8.7
-45580.85142,5.6,5.7,10.2
-45580.50762,6.1,6.6,9.8
-45580.78067,6.5,12.2,9.1
-45581.8315,6.8,5.8,9.8
-45582.07248,6.9,5.5,8.7
-45581.4969,7.8,5.1,8.7
-45579.92366,8.0,9.0,9.8
-45580.13587,8.2,9.1,9.1
-45580.88447,3.4,9.4,9.1
-45579.94303,3.5,9.9,10.2
-45579.95693,4.3,9.6,9.8
-45580.45247,5.9,4.9,10.6
-45580.66818,5.9,12.1,9.1
-45580.13629,6.4,13.0,9.8
-45580.13686,6.7,8.8,9.1
-45579.99758,8.5,8.7,10.2
-45580.07462,9.0,8.4,10.2
-45580.02472,3.5,8.2,9.2
-45580.25142,4.3,5.5,9.2
-45580.12846,5.4,13.2,9.5
-45580.69796,5.8,6.4,9.5
-45580.41976,5.9,6.4,10.1
-45580.25166,6.1,8.8,9.5
-45582.31984,6.4,5.9,9.5
-45580.28731,6.5,5.4,10.6
-45581.09813,6.5,5.9,10.1
-45580.291,6.8,13.1,9.5
-45579.97952,7.0,5.7,10.6
-45580.0486,7.3,12.6,9.5
-45579.98351,7.5,6.3,9.5
-45579.97858,8.6,10.3,9.7
-45580.66517,9.0,9.2,9.5
-45579.95867,9.0,10.1,9.2
-45579.92487,9.2,6.2,9.5
-45579.9831,3.4,7.1,10.1
-45579.94887,5.2,8.3,9.2
-45581.84048,5.3,5.6,9.7
-45584.034,5.8,4.9,9.2
-45583.62869,6.4,5.4,9.2
-45582.42015,7.1,5.7,9.2
-45580.47666,8.7,9.0,8.8
-45580.14963,9.1,9.2,10.1
-45579.92501,5.4,12.0,8.8
-45580.06411,6.2,8.9,8.8
-45580.03678,7.4,6.3,10.1
-45580.47865,3.4,9.9,9.6
-45580.29823,3.8,9.8,9.7
-45580.14761,5.0,13.2,8.8
-45582.09906,5.1,4.8,9.6
-45582.48051,5.7,5.7,9.6
-45579.95935,6.0,8.8,10.1
-45579.91427,6.1,7.3,10.5
-45579.94796,6.2,6.7,10.5
-45580.57388,6.8,12.3,8.8
-45582.41162,7.5,5.0,9.2
-45580.14431,8.4,8.7,9.6
-45580.45274,8.8,8.6,9.7
-45580.61306,9.1,8.4,9.6
-45580.22513,3.9,9.8,9.5
-45582.05735,5.2,5.6,9.5
-45580.12795,7.2,8.5,9.1
-45579.98089,8.4,5.2,9.1
-45580.59264,8.9,8.6,9.5
-45580.62303,3.4,9.4,8.7
-45580.33452,3.5,9.9,9.8
-45579.92194,6.5,12.2,8.7
-45581.55486,7.8,5.1,9.1
-45580.2159,8.5,8.7,9.8
-45580.46443,9.0,8.4,9.8
-45580.04354,3.8,8.3,9.1
-45581.14898,4.6,5.4,9.1
-45579.94619,4.7,5.9,10.2
-45583.70569,5.5,4.8,9.1
-45581.91354,5.6,5.7,9.8
-45580.80304,6.8,5.8,10.2
-45583.09941,6.9,5.5,9.1
-45581.39493,5.0,4.8,9.8
-45580.04311,5.4,6.5,10.2
-45580.48216,5.5,12.2,8.9
-45580.18971,6.1,6.6,10.2
-45579.95147,8.9,10.8,9.8
-45580.49244,3.8,8.9,8.9
-45580.27505,5.1,13.0,8.9
-45580.05662,5.7,8.8,8.9
-45580.38547,6.9,12.1,8.9
-45582.47346,7.4,5.2,9.3
-45579.91741,7.5,6.1,10.4
-45579.97431,8.2,8.5,9.3
-45580.32726,9.2,8.6,10.0
-45580.22271,4.2,4.9,9.3
-45580.52966,4.9,5.6,10.0
-45583.3594,5.9,5.5,9.3
-45580.06892,6.4,6.5,10.4
-45584.03759,6.5,4.8,9.3
-45581.60515,6.6,5.7,10.0
-45579.92649,7.1,6.6,10.4
-45580.42065,8.6,9.2,8.9
-45580.02124,8.7,10.1,10.0
-45579.91342,9.0,9.0,10.4
-45579.96009,4.4,5.7,9.9
-45581.35793,4.7,4.8,9.4
-45581.18193,5.1,5.4,9.9
-45582.89091,5.4,5.4,9.4
-45580.38649,5.5,5.9,10.3
-45580.41094,5.8,5.8,10.4
-45582.89759,6.1,5.7,9.4
-45582.17347,6.3,5.6,9.9
-45579.93536,6.3,7.0,10.3
-45583.65555,6.8,4.9,9.4
-45580.08916,6.9,6.4,10.3
-45580.01429,7.5,12.4,9.0
-45579.99463,8.3,9.3,9.0
-45580.84524,3.5,8.8,9.0
-45581.23972,5.0,5.9,9.0
-45580.7679,5.8,12.3,9.0
-45579.94465,6.0,8.2,9.9
-45580.87855,7.9,5.3,9.4
-45580.15277,8.7,8.4,9.4
-45580.19876,9.1,7.8,9.9
-45580.35493,3.4,9.0,9.9
-45580.04145,3.4,10.5,9.9
-45582.57565,5.0,5.2,9.0
-45580.48474,5.8,12.9,9.4
-45580.09674,5.9,12.5,9.9
-45580.47131,6.4,12.0,9.0
-45580.04392,6.5,11.8,9.9
-45580.56176,6.6,12.7,9.4
-45579.92049,6.7,9.2,9.9
-45579.98437,7.1,9.0,9.4
-45579.93155,7.5,13.0,9.4
-45580.22511,7.9,5.8,9.4
-45579.92245,8.6,8.2,10.3
-45580.05842,9.1,7.3,9.9
-45580.75632,3.3,8.6,9.0
-45581.22312,5.4,6.1,9.4
-45580.85605,5.5,5.2,10.3
-45579.99772,6.0,6.9,9.9
-45579.93313,6.3,8.5,10.3
-45581.12362,6.8,6.2,9.4
-45580.75972,9.2,9.6,9.4
-45580.43352,5.1,6.1,9.9
-45580.0064,5.4,8.7,9.0
-45580.76255,5.8,5.3,10.4
-45580.97055,6.9,5.1,10.3
-45579.96419,8.0,9.4,9.4
-45579.95655,8.2,9.5,9.9
-45580.59201,3.6,8.7,8.9
-45580.05026,4.1,5.0,8.9
-45579.91416,5.6,9.0,10.0
-45581.69812,5.9,6.0,9.3
-45579.99608,5.9,8.6,8.9
-45580.0031,6.1,12.7,10.0
-45580.76896,6.3,12.6,9.3
-45581.01911,6.4,5.0,10.4
-45580.47821,6.5,6.3,9.3
-45579.92222,6.8,11.9,10.0
-45580.03975,7.5,5.4,10.4
-45580.13953,8.7,9.4,10.0
-45580.88335,9.1,8.8,9.3
-45580.12444,3.9,9.1,10.0
-45580.06506,5.1,12.4,9.3
-45580.4301,5.5,12.8,9.3
-45579.96766,5.6,9.2,9.5
-45580.14842,6.0,9.2,9.3
-45580.39014,6.8,12.5,9.5
-45581.20932,7.4,5.9,9.3
-45580.50561,8.7,8.8,9.5
-45580.19854,3.3,7.7,9.8
-45580.01497,3.9,8.5,10.2
-45580.39434,3.9,9.3,9.5
-45580.0104,4.5,9.0,9.5
-45580.09424,4.7,5.2,10.2
-45582.87521,5.1,5.0,8.7
-45581.08905,5.4,5.0,10.2
-45580.00635,5.4,11.8,9.5
-45579.93531,5.6,8.4,10.2
-45579.93252,6.2,7.9,10.2
-45580.17352,6.2,9.1,9.5
-45581.23703,6.8,5.3,10.2
-45581.24083,6.9,6.0,9.1
-45580.16927,7.4,13.2,9.1
-45580.07423,8.1,8.8,9.1
-45580.082,8.3,8.9,9.8
-45580.48756,8.8,9.6,9.1
-45580.39036,5.3,12.6,9.1
-45580.52636,5.5,6.3,9.1
-45580.09081,5.8,11.9,9.8
-45580.226,6.4,12.4,9.8
-45580.01466,6.6,9.0,9.8
-45579.95919,7.0,9.2,9.1
-45581.90232,7.2,5.6,8.7
-45579.96505,7.9,4.9,10.2
-45579.97563,8.7,8.0,10.2
-45580.40139,3.5,9.2,9.8
-45580.84867,6.5,12.8,9.1
-45579.95653,7.1,12.7,9.8
-45580.33345,3.8,9.3,9.7
-45580.004,4.4,9.0,9.7
-45579.99813,5.5,11.8,9.7
-45580.5916,5.6,12.7,9.2
-45579.93819,5.7,9.2,9.7
-45580.22782,6.1,9.0,9.2
-45580.09308,6.3,9.1,9.7
-45580.60173,6.8,12.9,9.2
-45580.16782,6.9,12.5,9.7
-45580.88375,7.4,4.8,10.1
-45580.97663,7.7,5.7,8.8
-45580.19236,3.4,8.4,10.1
-45580.61806,3.4,9.2,9.6
-45580.0273,4.1,8.7,10.1
-45580.57344,5.8,6.2,9.2
-45581.86267,5.9,5.1,10.1
-45580.73763,6.4,6.1,9.2
-45580.01491,6.4,8.7,8.8
-45581.84086,6.5,5.2,10.1
-45580.40925,6.5,12.4,9.6
-45580.32087,8.6,8.8,9.7
-45580.82217,9.0,9.4,9.2
-45580.06104,9.1,9.9,10.1
-45579.96888,3.2,7.7,9.6
-45579.93864,3.3,8.9,10.4
-45579.98418,3.8,9.6,8.9
-45580.00734,5.0,5.0,10.5
-45580.11022,5.1,6.3,9.6
-45580.74874,5.7,13.0,8.9
-45580.24929,5.9,11.9,9.6
-45579.92013,6.1,7.8,10.5
-45580.0599,6.7,9.0,9.6
-45580.1746,7.0,12.7,9.6
-45579.99166,7.3,5.6,10.5
-45580.41989,7.6,6.1,8.9
-45580.08277,8.2,8.9,9.6
-45580.18452,9.2,7.9,10.0
-45580.11908,3.7,8.0,10.0
-45579.99278,4.2,5.6,9.3
-45580.76318,4.9,4.9,10.0
-45581.05073,5.2,5.5,10.0
-45581.68991,5.3,5.8,8.9
-45579.96906,5.8,6.7,10.4
-45580.26771,6.0,12.0,8.9
-45579.98247,6.4,8.2,10.0
-45580.14235,7.1,5.9,10.4
-45580.46316,7.2,12.9,8.9
-45580.49284,7.7,5.2,10.0
-45580.60061,8.1,5.0,9.3
-45580.26092,8.9,8.5,10.0
-45580.34741,3.2,8.1,9.9
-45580.06938,4.4,4.8,9.9
-45580.78977,4.7,5.7,9.4
-45579.91946,5.7,4.9,10.8
-45582.12637,5.7,5.4,9.9
-45583.97619,6.1,4.8,9.4
-45582.75922,6.3,4.9,9.9
-45579.93491,6.3,5.4,10.8
-45582.80518,6.5,5.7,9.3
-45582.2902,6.6,4.8,10.0
-45580.03286,6.6,5.5,10.7
-45582.93254,6.8,5.6,9.4
-45583.13522,7.0,5.4,9.3
-45579.93329,8.8,9.3,10.3
-45580.3326,8.9,10.0,9.4
-45580.21727,9.2,10.2,9.4
-45580.48848,3.5,9.7,9.0
-45579.97818,3.6,8.8,10.3
-45580.12448,4.0,9.4,9.0
-45579.99421,4.1,9.9,9.9
-45579.98459,5.5,6.6,10.3
-45581.23599,5.6,5.9,9.0
-45580.14762,6.0,6.5,10.3
-45580.65322,6.6,13.2,9.0
-45580.39222,7.1,12.2,9.0
-45581.55631,7.2,5.3,9.9
-45581.27385,7.3,6.0,9.0
-45580.01849,8.4,8.4,9.9
-45580.39919,9.1,8.7,9.9
-45580.31858,3.6,8.2,9.7
-45580.89099,4.8,5.5,9.7
-45581.15774,4.9,5.8,8.8
-45580.32212,5.2,13.1,9.0
-45582.31806,5.3,4.9,9.7
-45582.98784,5.8,5.6,9.2
-45580.24819,6.5,6.6,10.1
-45582.79065,6.7,5.4,9.7
-45580.0986,7.0,6.5,10.1
-45583.42347,7.1,4.8,9.2
-45580.017,8.4,9.0,10.1
-45580.15598,3.2,9.5,10.1
-45580.65898,3.3,9.8,9.2
-45580.55693,5.6,13.2,8.8
-45580.27278,6.1,12.2,8.8
-45580.80019,6.2,13.1,8.8
-45579.93047,6.3,12.3,10.1
-45581.27028,7.6,5.0,9.7
-45580.86961,8.0,5.2,9.2
-45580.0232,8.2,5.3,9.7
-45580.12359,8.3,8.6,9.2
-45580.63062,3.2,8.3,9.6
-45580.0082,3.4,10.6,9.6
-45580.27802,4.4,5.4,9.6
-45581.52995,5.1,5.7,9.6
-45579.95371,5.6,6.5,10.5
-45583.28873,5.7,4.8,9.6
-45580.27849,6.2,5.8,10.5
-45583.12519,6.3,5.5,9.6
-45582.44168,7.2,5.1,9.6
-45581.38175,7.7,5.0,9.5
-45580.0052,8.3,5.3,9.5
-45580.73335,9.2,8.5,9.5
-45580.00566,3.7,8.2,9.5
-45579.99016,3.7,9.4,10.2
-45581.44585,4.9,5.5,9.5
-45582.5607,5.2,4.9,9.5
-45583.32294,6.6,5.4,9.5
-45580.00776,6.7,5.9,10.6
-45580.76933,6.7,13.0,8.7
-45579.91402,6.4,8.8,10.2
-45580.48722,3.3,8.3,9.8
-45580.04284,3.5,10.6,9.8
-45579.95658,3.6,9.9,9.1
-45580.25941,4.5,5.4,9.8
-45580.95597,5.0,5.7,9.8
-45580.87115,6.1,5.9,10.2
-45580.00727,6.8,6.7,10.2
-45581.71178,7.3,5.1,9.8
-45580.36996,8.6,8.7,9.1
-45580.0717,9.2,9.3,10.2
-45580.61373,5.2,6.2,9.5
-45582.46541,5.5,5.7,9.1
-45582.61183,5.6,4.8,9.8
-45583.51865,6.0,5.4,9.1
-45582.61994,6.2,5.5,9.8
-45580.22149,7.4,12.7,8.7
-45580.04461,8.9,9.1,10.2
-45580.44895,4.9,6.0,9.5
-45580.07047,5.3,5.1,10.6
-45580.20392,5.4,12.7,9.5
-45579.99549,5.8,6.8,9.5
-45580.53919,6.1,12.4,9.5
-45580.46778,6.2,12.9,9.5
-45581.67673,6.6,6.1,9.5
-45580.31551,6.7,5.2,10.6
-45580.40069,8.7,9.7,9.5
-45580.18928,3.2,8.5,8.7
-45580.56363,4.4,5.2,8.7
-45580.77106,5.6,6.3,9.8
-45583.55925,5.7,5.0,8.7
-45580.18992,6.0,6.1,9.1
-45581.73557,6.2,6.0,9.8
-45579.96784,6.2,8.6,10.2
-45579.99643,9.2,9.8,10.2
-45580.0784,3.3,6.8,9.8
-45580.80015,3.6,9.2,9.1
-45580.18319,4.0,9.0,9.8
-45580.21606,4.2,9.1,9.1
-45579.96759,6.0,8.7,8.7
-45581.552,6.1,5.2,10.2
-45582.65723,6.3,5.3,8.7
-45580.14923,6.6,12.8,9.8
-45580.03029,8.3,9.6,9.8
-45580.7308,8.8,8.9,9.1
-45580.05185,3.2,10.0,10.1
-45579.96253,5.4,9.2,9.2
-45580.10728,5.5,12.7,9.7
-45580.08074,5.6,11.8,9.2
-45580.15925,5.8,12.6,9.8
-45580.01278,5.9,9.3,9.1
-45580.31677,6.0,12.4,9.7
-45580.88847,6.2,12.5,9.2
-45580.19052,6.5,9.0,9.1
-45580.79649,6.7,12.4,9.1
-45580.11716,6.8,9.1,9.2
-45583.17465,7.2,4.9,8.7
-45580.51398,7.4,5.7,10.1
-45581.94189,7.7,4.8,8.8
-45580.93899,3.3,9.3,9.2
-45579.97666,3.4,6.3,9.7
-45580.23128,4.8,6.0,9.7
-45580.03651,5.0,12.7,9.2
-45583.13991,5.2,5.1,8.8
-45580.78692,6.1,12.8,9.2
-45580.26967,6.3,12.9,9.7
-45583.52043,6.6,5.2,8.8
-45579.95413,6.7,8.7,10.1
-45581.462,7.0,5.0,10.1
-45580.79723,7.1,6.3,9.2
-45580.00612,7.3,12.1,9.2
-45580.29497,8.5,8.8,9.2
-45580.26396,8.6,9.7,9.7
-45579.94031,9.2,8.3,8.8
-45580.1707,3.7,8.4,8.8
-45580.23305,4.1,9.0,9.6
-45582.18152,4.9,5.3,8.8
-45580.5926,5.3,6.2,9.7
-45580.52177,5.6,5.0,10.5
-45580.92599,5.7,6.3,9.6
-45579.94675,5.9,6.8,9.7
-45580.38512,5.9,12.6,9.6
-45580.61035,6.2,5.3,10.5
-45581.51427,6.7,6.1,9.7
-45580.30556,6.7,12.8,9.6
-45580.01548,7.0,11.8,9.6
-45580.18105,7.2,6.4,9.6
-45580.18235,7.3,4.9,10.5
-45579.97304,8.2,9.6,9.6
-45580.61544,3.7,9.0,9.4
-45580.08019,4.1,9.2,9.9
-45580.14216,4.3,9.3,9.4
-45580.12201,5.2,12.5,9.4
-45580.13463,5.8,9.1,9.4
-45582.01704,6.3,6.0,9.6
-45580.13929,6.4,9.2,9.4
-45580.08898,6.5,12.7,9.9
-45580.32885,6.6,11.8,9.4
-45579.95912,7.0,12.4,9.9
-45580.25755,7.1,12.8,9.4
-45581.07958,7.2,5.8,9.9
-45582.56126,7.3,5.5,9.0
-45580.11351,3.2,7.4,9.9
-45579.95373,3.8,8.6,10.3
-45581.10939,4.5,5.0,9.0
-45583.72027,5.6,5.2,9.0
-45581.10827,5.7,6.1,9.9
-45581.30209,6.0,5.0,10.3
-45580.89273,6.1,6.3,9.4
-45584.09278,6.2,5.1,9.0
-45581.13668,6.3,6.2,9.9
-45579.97608,6.8,8.5,9.0
-45580.63382,8.9,9.5,9.4
-45580.86711,9.2,8.9,9.4
-45580.06925,4.2,8.5,8.9
-45582.04446,4.8,5.1,8.9
-45580.55798,5.2,6.0,10.0
-45580.02655,6.4,6.9,10.0
-45580.69827,6.6,6.3,10.0
-45581.30877,7.0,6.1,9.3
-45580.96349,3.2,9.1,9.3
-45580.03634,4.9,6.2,10.0
-45583.14397,5.3,5.3,8.9
-45583.92537,6.7,5.0,8.9
-45579.92695,7.0,8.7,8.9
-45580.49432,7.1,5.2,10.4
-45580.21453,7.2,12.3,9.3
-45580.16488,7.7,5.9,10.0
-45580.29916,8.4,9.4,9.3
-45579.95986,8.9,7.0,10.0
-45580.70988,9.1,9.7,9.3
-45580.0064,4.6,9.2,9.3
-45580.07979,5.5,9.0,9.3
-45579.99031,5.7,8.7,9.9
-45580.58589,5.7,12.4,9.3
-45582.6594,6.0,5.0,9.9
-45579.98367,6.1,11.8,10.0
-45583.93709,6.2,5.1,9.4
-45580.52197,6.3,11.9,9.3
-45579.92621,6.8,12.6,10.0
-45579.96646,6.9,9.3,9.3
-45581.98727,7.6,5.4,8.9
-45580.4611,8.2,4.9,8.9
-45580.04405,8.8,8.3,8.9
-45580.67121,8.9,9.5,9.0
-45580.05123,9.2,7.2,10.0
-45580.26049,3.8,8.6,9.9
-45580.81554,4.5,5.0,9.4
-45583.42286,5.6,5.2,9.4
-45580.32377,5.7,6.1,10.3
-45579.94358,6.0,5.3,10.8
-45580.35639,6.3,6.2,10.3
-45580.20588,8.8,9.8,9.9
-45580.99433,9.2,8.9,9.0
-45580.08645,3.6,10.3,9.9
-45579.91511,4.2,10.0,9.9
-45580.30553,5.2,12.5,9.0
-45580.06905,5.8,9.1,9.0
-45580.05779,6.4,9.2,9.0
-45580.1947,6.6,11.8,9.0
-45582.28526,7.3,5.5,9.4
-45580.92927,3.2,9.1,8.9
-45580.71562,3.7,9.0,9.0
-45580.24006,5.8,11.7,9.4
-45580.16931,6.0,11.5,9.3
-45579.91148,6.7,11.5,9.9
-45580.52741,7.1,12.8,9.0
-45580.29103,7.2,5.8,10.3
-45580.06675,8.0,4.8,10.0
-45580.07785,3.3,10.2,10.0
-45580.27418,3.5,8.7,10.0
-45580.10528,4.0,8.4,10.0
-45580.00143,4.2,8.5,9.3
-45581.7464,4.8,5.1,9.3
-45580.01495,5.2,6.0,10.4
-45580.74996,5.7,12.4,8.9
-45579.97842,6.3,11.9,8.9
-45579.93819,6.4,6.9,10.4
-45580.11695,6.6,6.3,10.4
-45583.90031,6.7,5.0,9.3
-45580.50445,7.0,6.1,8.9
-45579.93626,7.1,5.1,10.7
-45581.75118,7.6,5.4,9.3
-45580.37286,8.2,4.9,9.3
-45579.99606,8.5,9.9,10.0
-45580.1275,8.8,8.3,9.3
-45580.61616,3.6,9.2,8.7
-45579.97646,4.0,9.0,10.2
-45582.95672,5.3,5.3,9.3
-45580.10576,6.5,11.6,9.1
-45579.98103,7.0,8.7,9.3
-45581.51357,7.1,5.2,10.0
-45580.33891,7.2,12.3,8.9
-45580.00638,7.3,6.4,10.2
-45580.50063,9.1,9.7,8.9
-45580.68801,3.2,8.5,9.1
-45580.20429,3.7,10.1,9.8
-45580.73699,4.4,5.2,9.1
-45580.06229,5.5,8.4,9.1
-45580.25284,5.6,6.3,10.2
-45580.14919,6.0,8.7,9.1
-45580.7681,6.2,6.0,10.2
-45583.82067,6.3,5.3,9.1
-45580.47305,6.7,12.4,8.7
-45583.31319,7.2,4.9,9.1
-45580.28959,7.9,5.6,9.8
-45580.48842,8.8,8.9,8.7
-45580.11773,8.9,10.4,9.8
-45580.45877,3.3,10.0,9.5
-45580.27708,5.1,6.9,8.7
-45583.98478,5.7,5.0,9.1
-45583.40524,6.0,5.2,9.6
-45582.90373,6.1,5.2,9.8
-45580.13671,6.2,8.6,9.8
-45580.17157,6.6,8.7,9.5
-45582.92722,7.1,5.0,9.5
-45581.37662,7.5,5.7,9.5
-45580.49302,8.0,5.4,9.5
-45580.39553,9.2,9.8,9.8
-45579.93216,3.6,6.9,10.1
-45580.32703,3.6,10.1,9.6
-45580.05449,4.8,6.0,10.1
-45580.00037,5.8,8.5,9.2
-45580.10218,6.1,6.1,10.5
-45580.21404,6.3,8.6,9.6
-45583.92755,6.6,5.2,9.2
-45582.63624,7.0,5.0,9.7
-45580.67368,7.8,5.6,9.6
-45580.11622,8.5,8.8,8.8
-45579.99194,8.6,9.7,10.1
-45580.0145,8.8,10.4,9.6
-45580.39121,3.2,10.0,9.7
-45580.26273,3.7,8.4,9.2
-45582.05429,4.9,5.3,9.2
-45583.00568,5.2,5.1,9.2
-45580.28839,5.3,6.2,10.1
-45580.05988,5.9,6.8,10.1
-45580.85786,6.2,12.5,8.8
-45580.72751,6.7,6.1,10.1
-45580.06271,6.7,8.7,9.7
-45581.27952,7.4,5.7,9.7
-45581.80951,7.7,4.8,9.2
-45580.14529,8.1,5.4,9.7
-45580.01222,8.3,5.5,9.2
-45580.05574,9.1,10.6,9.7
-45580.83352,3.3,9.3,8.8
-45580.13896,5.0,12.7,8.8
-45579.93851,5.7,11.5,9.7
-45579.91418,6.0,12.4,10.1
-45580.97727,6.1,12.8,8.8
-45580.00611,6.8,11.7,9.2
-45580.39633,9.2,8.3,9.2
-45580.49855,3.6,9.4,9.6
-45580.15289,4.2,8.9,9.6
-45580.02991,5.3,12.1,9.6
-45580.09627,5.4,5.7,10.5
-45579.91915,5.9,9.5,9.6
-45580.53993,6.1,5.4,10.5
-45580.1842,6.5,8.8,9.6
-45580.30728,6.7,12.2,9.6
-45580.08929,7.0,13.2,9.6
-45580.46893,8.8,9.1,9.6
-45579.95926,9.1,6.3,9.6
-45580.20965,3.3,9.8,8.8
-45582.24031,6.0,5.9,9.6
-45580.78557,6.1,12.2,9.2
-45580.3316,6.3,12.3,9.7
-45580.00499,6.9,6.7,9.6
-45580.52159,7.6,5.0,10.1
-45580.87184,8.0,5.2,8.8
-45579.94281,8.1,8.7,10.1
-45580.03884,8.8,7.9,10.1
-45580.5397,3.2,9.5,9.7
-45580.46371,5.6,13.2,9.2
-45580.14507,5.7,12.0,9.7
-45580.22137,6.0,13.0,9.7
-45580.6611,6.2,13.1,9.2
-45579.9645,6.9,8.9,9.7
-45581.12237,4.9,5.8,9.2
-45580.52289,5.2,6.4,9.2
-45581.23803,5.3,4.9,10.1
-45581.46972,5.8,5.6,8.8
-45579.9948,5.9,8.3,10.1
-45579.91734,6.5,8.0,10.1
-45581.55387,6.7,5.4,10.1
-45583.36494,7.1,4.8,8.8
-45579.92187,7.2,11.9,9.7
-45580.17768,8.4,9.0,9.7
-45580.12993,3.6,8.2,10.1
-45580.28523,4.8,5.5,10.1
-45581.92779,6.1,5.9,9.8
-45580.41357,6.5,6.6,9.7
-45581.78237,6.6,5.9,9.2
-45580.14904,7.0,6.5,9.7
-45580.44331,9.2,9.3,9.8
-45580.08603,3.3,8.3,10.2
-45580.26834,5.0,5.7,10.2
-45581.06654,5.5,5.7,8.7
-45581.37966,5.6,4.8,10.2
-45581.31661,6.2,5.5,10.2
-45581.58366,6.3,5.8,9.1
-45579.91017,6.8,6.7,9.8
-45579.91444,6.8,8.1,10.2
-45580.1621,7.4,12.7,9.1
-45580.38804,8.9,9.1,9.8
-45580.31762,3.7,9.4,9.8
-45580.22827,4.1,8.8,9.1
-45580.0231,4.3,8.9,9.8
-45582.03918,6.0,5.4,8.7
-45580.17545,6.6,12.2,9.8
-45580.68695,6.7,13.0,9.1
-45580.9303,7.2,6.2,9.1
-45579.92449,9.0,6.3,9.8
-45579.96416,4.8,13.1,9.1
-45580.17039,5.9,5.6,10.6
-45580.25737,6.4,6.6,9.5
-45580.11129,6.4,8.8,9.8
-45580.23765,7.0,12.0,9.1
-45580.27391,7.1,6.5,9.5
-45580.74937,7.3,5.1,10.2
-45580.09987,8.6,8.7,8.7
-45580.7055,3.3,9.5,9.5
-45580.22779,5.6,12.0,9.5
-45580.42198,6.1,13.0,9.5
-45580.53857,6.2,12.3,9.5
-45580.0964,6.8,8.9,9.5
-45580.23174,7.0,4.8,10.6
-45579.93653,7.9,9.3,9.5
-45580.37206,8.5,9.0,9.5
-45580.07846,4.9,4.9,10.4
-45581.98644,5.3,5.8,9.3
-45580.14328,5.8,6.7,10.0
-45581.0897,6.5,5.7,8.9
-45580.23482,6.7,6.5,9.3
-45583.1011,7.0,5.4,8.9
-45580.86189,7.1,5.9,10.0
-45580.23788,7.2,12.9,9.3
-45580.09168,8.5,9.2,10.0
-45580.20932,5.2,5.5,10.4
-45580.50603,5.7,13.0,9.3
-45579.92151,5.8,8.1,10.4
-45579.91105,6.1,13.2,10.0
-45579.92286,6.4,8.2,10.4
-45580.99837,6.6,4.8,10.4
-45580.31029,7.6,6.1,9.3
-45580.29167,3.3,8.9,10.0
-45580.42948,3.8,9.6,9.3
-45579.91935,5.6,12.2,10.0
-45580.00999,5.9,8.9,9.9
-45580.57332,6.0,12.0,9.3
-45580.01831,6.2,12.1,10.0
-45580.03381,6.7,12.0,9.9
-45580.21398,7.1,12.2,9.4
-45580.56921,7.2,5.3,10.3
-45580.7292,8.1,5.0,8.9
-45579.92071,8.4,8.4,10.3
-45580.00907,9.1,8.7,10.3
-45580.62066,3.5,9.7,9.4
-45580.32706,3.6,8.8,9.9
-45580.00003,4.2,9.5,9.9
-45580.08632,5.2,13.1,9.4
-45581.09068,7.3,6.0,9.4
-45580.03829,7.3,8.6,9.0
-45580.05961,3.2,6.7,9.9
-45580.35799,4.0,9.4,9.4
-45580.90763,5.7,5.4,10.3
-45583.93699,6.1,4.8,9.0
-45581.37801,6.3,4.9,10.3
-45580.4171,6.6,13.2,9.4
-45582.56032,6.8,5.6,9.0
-45579.91473,6.9,8.3,10.3
-45580.25813,8.8,9.3,9.9
-45579.96453,3.2,8.1,10.3
-45580.83357,4.7,5.7,9.0
-45579.9223,5.5,6.6,9.9
-45582.09416,5.6,5.9,9.4
-45580.58503,6.0,6.5,9.9
-45580.58927,6.2,6.4,9.4
-45579.93709,4.0,8.0,10.2
-45581.41194,4.8,5.5,8.7
-45580.68035,4.9,5.8,9.8
-45581.8225,6.6,5.9,9.8
-45582.34374,6.7,5.4,8.7
-45580.13,7.0,6.5,9.1
-45581.10331,7.1,4.8,10.2
-45580.30795,8.4,9.0,9.1
-45579.99624,3.5,6.5,9.8
-45579.99823,4.6,8.8,9.1
-45583.232,5.3,4.9,8.7
-45579.97469,5.6,13.2,9.8
-45581.0857,5.8,5.6,10.2
-45580.7517,6.0,13.0,9.1
-45580.11795,6.2,13.1,9.8
-45580.91684,3.2,9.5,9.1
-45579.99092,3.3,9.8,10.2
-45580.53927,5.7,12.0,9.1
-45580.21567,6.1,12.2,9.8
-45580.88846,6.3,12.3,9.1
-45580.06834,6.9,8.9,9.1
-45582.22409,7.6,5.0,8.7
-45580.12334,8.2,5.3,8.7
-45579.95708,8.3,8.6,10.2
-45580.0728,9.2,6.8,9.8
-45580.3067,4.0,8.8,9.5
-45580.45454,5.6,6.5,9.5
-45580.37554,5.7,4.8,10.6
-45582.618,6.2,5.8,9.5
-45580.26051,6.3,5.5,10.6
-45580.38314,6.6,13.0,9.5
-45580.54474,7.3,6.2,9.5
-45580.18506,5.7,13.2,9.6
-45580.3806,6.0,12.2,9.6
-45579.93518,6.3,9.6,9.6
-45580.3051,6.3,13.1,9.6
-45580.08167,7.1,12.0,9.5
-45580.04901,7.2,5.1,10.6
-45579.94356,3.4,6.5,9.6
-45580.02434,3.6,9.9,10.1
-45580.09119,4.3,8.9,9.2
-45580.70843,4.8,5.8,9.6
-45580.20874,5.2,4.9,10.5
-45580.03748,5.2,12.1,9.2
-45580.23768,5.3,6.4,9.6
-45580.23237,6.4,8.8,9.2
-45580.48085,6.6,5.4,10.5
-45580.71659,6.6,12.2,9.2
-45582.11051,6.7,5.9,9.6
-45580.05031,7.0,12.0,9.7
-45583.06508,7.3,5.1,8.8
-45580.08851,8.6,8.7,10.1
-45579.96869,3.2,7.0,9.7
-45580.64826,3.7,9.4,9.2
-45580.17362,4.1,8.8,9.7
-45579.92798,4.4,5.9,9.7
-45581.01147,5.5,5.7,10.1
-45583.507,5.6,4.8,8.8
-45580.3871,5.7,6.5,9.7
-45581.69464,6.0,5.4,10.1
-45581.63718,6.1,5.9,9.2
-45581.67022,6.2,5.5,8.8
-45582.35903,6.3,5.8,9.7
-45580.16429,6.7,13.0,9.7
-45580.33475,7.1,13.2,9.2
-45580.52259,7.2,6.2,9.7
-45580.80878,8.9,9.1,9.2
-45579.99071,9.1,7.6,9.7
-45580.95431,9.2,9.3,9.2
-45580.853,3.3,8.9,9.4
-45580.75654,4.5,5.4,8.8
-45581.5765,5.0,5.7,8.8
-45579.91492,5.4,8.8,9.4
-45580.37687,5.6,12.2,9.4
-45579.95365,5.7,13.0,9.9
-45580.08046,6.0,12.0,9.9
-45580.45185,6.1,13.2,9.4
-45580.58591,6.2,12.1,9.4
-45581.86999,7.7,5.2,9.0
-45580.2119,8.3,5.1,9.0
-45579.93009,8.8,10.2,10.1
-45580.45411,8.9,8.5,9.0
-45580.18752,3.8,9.6,9.9
-45582.37756,4.9,4.9,9.0
-45582.6272,5.2,5.5,9.0
-45581.12226,5.3,5.8,9.9
-45580.07861,5.8,6.7,9.4
-45579.91947,6.0,6.5,9.3
-45580.78495,6.5,5.7,10.3
-45583.91638,6.6,4.8,9.0
-45580.44973,6.7,6.5,9.9
-45580.71919,7.0,5.4,10.3
-45581.74753,7.1,5.9,9.4
-45580.10477,7.3,12.5,9.4
-45580.13378,7.6,6.1,9.9
-45580.01817,7.9,9.1,9.4
-45580.40599,8.5,9.2,9.4
-45580.05897,3.3,7.2,10.0
-45580.05364,4.2,9.5,9.3
-45580.78609,4.4,4.8,8.9
-45580.33421,5.5,6.6,9.3
-45581.10019,5.6,5.9,10.0
-45583.12313,5.7,5.4,8.9
-45581.07862,6.1,4.8,10.4
-45579.93101,6.2,5.9,10.7
-45580.63242,6.2,6.4,10.0
-45583.89719,6.3,4.9,8.9
-45580.49667,6.8,5.6,10.4
-45580.66804,8.8,9.3,9.3
-45580.17516,3.5,9.7,10.0
-45580.73175,3.6,8.8,9.3
-45580.06252,4.0,9.4,10.0
-45580.25313,5.9,8.9,9.3
-45580.48377,6.7,12.0,9.3
-45580.37668,7.0,13.0,9.3
-45580.52158,7.3,6.0,10.0
-45580.80056,9.1,8.7,8.9
-45580.23186,5.3,12.3,9.3
-45580.4852,5.3,12.9,8.9
-45579.9212,5.8,11.7,10.0
-45580.028,6.5,9.4,9.3
-45583.08386,7.2,5.3,8.9
-45580.04638,8.4,8.4,8.9
-45580.32603,3.8,8.6,9.3
-45579.94384,4.0,10.1,10.0
-45580.06108,4.1,9.2,8.9
-45580.10438,4.5,5.0,10.0
-45579.94711,5.7,6.1,8.9
-45580.14144,6.1,6.3,10.4
-45579.93016,6.2,7.7,10.4
-45580.97697,6.5,12.7,8.9
-45580.59836,7.0,12.4,8.9
-45581.68512,7.2,5.8,8.9
-45581.00614,7.3,5.5,10.0
-45580.04072,7.6,13.0,8.9
-45580.02275,8.5,8.2,10.0
-45580.36646,8.8,9.8,9.3
-45579.94345,9.2,8.9,10.4
-45580.18854,3.3,7.9,10.0
-45580.30351,4.9,6.2,9.0
-45581.60891,5.3,5.3,9.9
-45580.05975,5.6,5.1,10.7
-45581.84291,5.6,5.2,10.0
-45580.07536,5.7,8.7,9.3
-45584.07004,6.0,5.0,9.3
-45582.32183,6.2,5.1,10.0
-45580.1888,6.2,5.2,10.7
-45580.03865,6.5,8.4,9.9
-45582.47052,6.7,5.0,9.9
-45579.96308,6.8,8.5,10.0
-45579.91413,7.0,8.7,9.9
-45583.02485,7.1,5.2,9.4
-45579.91048,9.1,9.7,10.3
-45580.21444,3.3,10.2,9.4
-45580.73233,3.5,8.7,9.4
-45580.06777,3.6,7.8,9.9
-45579.9271,4.0,8.4,9.4
-45579.99021,4.2,8.5,9.9
-45580.72193,4.8,5.1,9.9
-45581.31704,5.2,6.0,9.0
-45580.7174,5.6,12.8,9.0
-45579.96803,6.0,11.5,9.9
-45580.21454,6.1,11.8,9.0
-45580.8002,6.8,12.6,9.0
-45580.21314,7.0,6.1,10.3
-45580.30137,7.3,13.1,9.0
-45580.76604,7.6,5.4,9.9
-45580.7448,8.0,4.8,9.4
-45580.29281,8.8,8.3,9.9
-45580.02594,3.2,9.1,10.3
-45580.45673,3.6,8.4,9.6
-45581.16775,4.8,5.3,9.6
-45579.91952,5.2,6.2,10.5
-45582.50759,5.3,5.1,9.6
-45579.91111,5.8,6.8,10.5
-45580.05433,5.9,8.5,9.6
-45580.05263,6.2,11.4,9.4
-45579.91975,6.4,7.5,10.5
-45580.08114,6.6,6.1,10.5
-45583.2254,6.7,5.2,9.6
-45580.01875,6.9,11.7,9.6
-45581.49577,7.6,4.8,9.6
-45580.58399,7.7,5.9,9.0
-45580.04122,8.2,5.5,9.6
-45579.97231,8.8,8.1,9.6
-45580.6083,3.2,8.5,9.7
-45579.92052,3.8,7.7,10.1
-45580.23261,4.4,5.2,9.7
-45580.04772,4.5,8.7,9.2
-45579.98767,5.0,8.4,9.2
-45582.99167,5.7,5.0,9.7
-45580.83579,6.0,6.1,10.1
-45580.1595,6.0,8.7,9.7
-45584.0282,6.1,5.2,9.2
-45580.12115,6.2,8.6,9.2
-45583.1251,6.3,5.3,9.7
-45579.95818,7.7,13.2,8.8
-45580.12566,8.8,8.9,10.1
-45580.67359,9.2,9.8,9.2
-45580.10828,3.6,9.2,10.1
-45579.9649,4.2,9.1,10.1
-45580.0574,4.9,12.9,8.8
-45580.86778,5.8,12.6,8.8
-45580.07933,6.5,11.6,9.7
-45580.92975,6.6,12.8,8.8
-45582.25513,7.2,4.9,9.7
-45580.71241,7.9,5.6,9.2
-45580.30727,3.2,10.0,9.1
-45580.06562,3.3,9.3,10.2
-45580.04002,4.0,9.0,8.8
-45580.4386,6.0,12.4,8.7
-45580.90484,6.3,12.9,8.7
-45579.98861,6.8,11.7,9.8
-45581.82586,7.4,5.7,9.1
-45580.88328,7.7,4.8,9.8
-45580.49956,8.1,5.4,9.1
-45580.28454,8.9,8.1,9.8
-45580.48574,9.2,8.3,9.8
-45579.94622,3.5,7.6,10.2
-45580.35894,3.7,8.4,9.8
-45580.31298,4.8,6.0,8.7
-45580.08584,4.8,8.6,9.1
-45581.04234,4.9,5.3,9.8
-45580.66484,5.5,12.7,8.7
-45580.01471,5.8,8.5,9.8
-45582.77567,6.6,5.2,9.8
-45583.68598,7.0,5.0,9.1
-45580.14121,7.1,6.3,10.2
-45579.9941,8.5,8.8,10.2
-45580.72731,3.3,8.5,9.5
-45580.64299,4.5,5.2,9.5
-45581.77365,5.2,5.1,9.8
-45583.33888,5.6,5.0,9.5
-45579.94004,5.7,6.3,10.6
-45580.25174,6.1,8.7,9.5
-45580.01591,6.3,6.0,10.6
-45580.1863,6.4,11.6,9.5
-45580.10899,6.7,8.7,9.1
-45582.48813,7.3,4.9,9.5
-45580.44367,3.6,9.2,9.7
-45580.42068,4.0,9.0,9.2
-45580.09522,4.2,9.1,9.7
-45579.96881,4.9,12.9,9.2
-45579.93139,5.3,11.9,9.7
-45580.74486,5.8,12.6,9.2
-45579.97461,5.9,9.3,9.7
-45583.58041,6.2,5.3,9.5
-45580.08956,6.5,9.0,9.7
-45580.72682,6.6,12.8,9.2
-45580.25438,6.7,12.4,9.7
-45581.19379,7.2,4.9,10.1
-45580.46139,7.3,6.4,9.2
-45580.5353,7.9,5.6,8.8
-45580.01781,9.1,6.5,9.7
-45580.23053,3.2,8.5,10.1
-45579.92318,5.5,8.4,10.1
-45580.64219,5.6,6.3,9.2
-45581.73846,5.7,5.0,10.1
-45581.63852,6.0,6.1,9.7
-45579.98389,6.0,8.7,10.1
-45583.4858,6.1,5.2,8.8
-45581.13175,6.2,6.0,9.2
-45579.97998,6.2,8.6,8.8
-45581.82676,6.3,5.3,10.1
-45579.9243,7.7,13.2,9.2
-45580.43237,8.8,8.9,9.7
-45580.22695,9.2,9.8,8.8
-45580.67419,3.2,9.3,9.6
-45579.93454,4.6,9.0,9.6
-45579.92477,5.1,12.7,9.6
-45580.1324,5.7,11.8,9.6
-45580.37121,6.0,12.8,9.6
-45580.44256,6.3,12.5,9.6
-45579.95409,6.9,9.1,9.6
-45580.34534,7.1,5.0,10.5
-45580.01953,7.2,12.1,9.6
-45580.21482,8.4,8.8,9.6
-45580.14394,4.3,9.1,9.5
-45580.38977,6.0,5.2,10.6
-45581.72692,6.1,6.1,9.5
-45580.65086,7.0,6.3,9.6
-45580.62221,8.9,8.9,9.5
-45580.71701,9.2,9.5,9.5
-45580.04317,3.7,8.4,10.2
-45580.51962,3.7,9.2,9.5
-45580.31884,4.9,5.3,10.2
-45580.00236,5.8,9.3,9.5
-45580.19219,6.4,9.0,9.5
-45580.47716,6.6,12.4,9.5
-45580.53458,6.7,6.1,9.1
-45580.38481,7.1,6.3,9.8
-45579.97061,3.5,7.6,9.8
-45580.45173,4.8,6.0,9.1
-45580.7885,5.2,5.1,10.2
-45580.94336,5.3,6.2,9.1
-45579.95965,5.8,8.5,10.2
-45581.45431,6.6,5.2,10.2
-45580.20966,8.5,8.8,9.8
-45580.43421,3.3,9.3,9.8
-45580.58595,5.5,12.7,9.1
-45579.9909,5.6,11.8,9.8
-45580.90249,6.0,12.4,9.1
-45580.18606,6.1,12.8,9.8
-45580.8301,6.3,12.9,9.1
-45579.94102,6.8,9.1,9.8
-45583.43475,7.0,5.0,8.7
-45579.98223,8.0,5.9,9.8
-45579.91351,8.9,6.7,9.8
-45580.08761,9.2,8.3,10.2
-45580.3927,3.8,8.6,8.9
-45580.68808,5.6,5.2,10.4
-45581.31115,5.7,6.1,9.3
-45583.98168,6.0,5.0,8.9
-45579.91142,6.1,6.0,10.7
-45580.77262,6.1,6.3,10.0
-45580.23119,6.2,12.5,9.8
-45580.82092,6.3,6.2,9.3
-45580.04718,6.9,6.8,9.3
-45581.52742,7.4,5.7,8.7
-45579.91325,7.6,13.0,9.3
-45580.23812,7.7,4.8,10.2
-45580.23543,8.1,5.4,8.7
-45580.02101,8.9,8.1,10.2
-45580.29725,9.2,8.9,10.0
-45580.19045,3.7,9.0,10.0
-45580.36347,4.1,9.2,9.3
-45579.93946,4.3,9.3,10.0
-45580.25588,5.3,12.9,9.3
-45580.03494,5.7,8.7,8.9
-45580.99483,6.2,5.1,10.4
-45581.91846,7.2,5.8,9.3
-45580.18019,8.9,9.5,10.0
-45580.04672,5.7,12.4,9.9
-45579.91401,5.8,9.1,10.0
-45580.38261,6.1,11.8,9.4
-45580.08343,6.3,11.9,9.9
-45580.69896,6.5,12.7,9.3
-45579.95535,6.6,11.8,10.0
-45580.481,6.8,12.6,9.4
-45580.41057,7.0,12.4,9.3
-45580.18389,7.3,5.5,10.4
-45580.09336,7.6,5.4,10.3
-45580.42612,7.7,5.9,9.4
-45581.00162,8.0,4.8,9.0
-45579.94867,8.8,8.3,10.3
-45580.37836,3.2,9.1,9.9
-45580.12848,4.9,6.2,9.4
-45580.60041,5.3,5.3,10.3
-45580.4124,5.6,12.8,9.4
-45579.94451,6.5,8.4,10.3
-45580.76633,3.5,8.7,9.0
-45580.13189,4.0,8.4,9.0
-45580.08485,4.8,5.1,10.3
-45580.03888,5.2,8.6,9.0
-45579.92694,5.9,7.9,10.3
-45580.84775,6.6,6.3,9.4
-45581.17862,6.7,5.0,10.3
-45580.88982,7.0,6.1,9.9
-45583.41357,7.1,5.2,9.0
-45580.07093,7.3,13.1,9.4
-45580.0759,8.4,9.4,9.9
-45580.3022,9.1,9.7,9.9
-45581.9398,4.9,4.9,9.4
-45582.35651,5.2,5.5,9.4
-45581.15921,5.2,6.0,9.4
-45580.31509,5.3,5.8,10.3
-45581.96202,6.5,5.7,9.9
-45583.85373,6.6,4.8,9.4
-45580.09826,6.7,6.5,10.3
-45581.8244,7.0,5.4,9.9
-45581.54263,7.1,5.9,9.0
-45580.28183,7.3,12.5,9.0
-45579.95324,8.4,10.1,9.9
-45580.37052,8.5,9.2,9.0
-45580.07484,3.2,10.4,9.9
-45580.98265,3.3,8.9,9.0
-45579.98823,5.4,8.8,9.0
-45580.62411,5.6,12.2,9.0
-45579.95672,6.1,11.3,9.4
-45580.62067,6.2,12.1,9.0
-45579.93819,7.6,6.1,10.3
-45581.46423,7.7,5.2,9.4
-45580.02153,8.1,5.0,9.9
-45580.09395,8.3,5.1,9.4
-45580.53465,8.9,8.5,9.4
-45580.70685,3.6,8.8,8.9
-45580.68584,6.1,13.2,9.0
-45580.61226,7.0,13.0,8.9
-45579.9997,7.3,6.0,10.4
-45579.91941,3.7,10.5,10.0
-45580.66431,4.4,4.8,9.3
-45580.36687,5.3,12.3,8.9
-45580.11465,5.9,8.9,8.9
-45580.31002,6.7,12.0,8.9
-45582.88966,7.2,5.3,9.3
-45579.96619,8.4,8.4,9.3
-45580.86174,9.1,8.7,9.3
-45580.12916,3.2,8.1,9.3
-45580.20541,4.7,5.7,10.0
-45580.26061,5.6,5.9,10.4
-45583.42536,5.7,5.4,9.3
-45580.06945,6.1,5.5,10.7
-45580.10896,6.2,6.4,10.4
-45580.10006,8.9,10.0,10.0
-45580.08185,9.2,10.2,10.0
-45580.3668,3.7,9.9,9.5
-45582.42265,6.1,4.8,10.0
-45584.13202,6.3,4.9,9.3
-45581.56995,6.8,5.6,10.0
-45580.46889,8.7,8.7,9.5
-45580.6548,8.8,9.3,8.9
-45580.49171,3.2,9.5,8.7
-45582.25609,5.4,5.7,9.5
-45580.04408,6.0,5.9,10.6
-45583.43619,6.1,5.4,9.5
-45580.19841,8.9,10.2,9.5
-45580.4656,9.2,10.0,9.5
-45580.38985,3.3,9.8,9.8
-45580.82542,6.0,13.0,8.7
-45580.14326,6.3,12.3,8.7
-45579.96533,7.4,8.4,9.1
-45582.2058,7.6,5.0,9.1
-45580.24882,8.0,5.2,9.8
-45580.11172,8.1,8.7,9.1
-45580.34671,8.2,5.3,9.1
-45580.01039,8.3,8.6,9.8
-45581.61183,4.8,5.5,9.1
-45580.12324,4.9,5.8,10.2
-45580.0268,5.2,6.4,10.2
-45583.38226,5.3,4.9,9.1
-45582.02567,5.5,5.7,9.7
-45583.79364,5.6,4.8,9.2
-45582.28112,5.8,5.6,9.8
-45580.8042,6.6,5.9,10.2
-45583.47073,6.7,5.4,9.1
-45582.21203,7.1,4.8,9.8
-45579.93177,8.5,10.3,9.8
-45579.97749,3.2,7.0,10.1
-45580.36785,3.3,8.3,9.2
-45580.80994,4.5,5.4,9.2
-45581.65638,5.0,5.7,9.2
-45582.96957,6.0,5.4,9.7
-45583.34142,6.2,5.5,9.2
-45581.28098,6.3,5.8,10.1
-45580.21356,8.8,10.2,9.7
-45580.7738,8.9,9.1,8.8
-45580.37514,3.6,9.9,9.7
-45580.24001,5.7,6.5,10.1
-45580.05856,6.4,8.8,8.8
-45582.92722,7.3,5.1,9.2
-45580.02507,7.9,8.5,9.2
-45580.31819,8.6,8.7,9.7
-45580.83766,9.2,9.3,8.8
-45580.43516,3.7,9.4,8.8
-45580.02253,4.1,8.8,10.1
-45580.35758,6.6,12.2,8.8
-45580.43903,7.1,13.2,8.8
-45580.26207,7.2,6.2,10.1
-45579.99142,7.3,7.7,8.8
-45580.02522,9.1,7.6,10.1
-45580.54431,3.2,9.8,9.6
-45582.84485,5.9,5.6,9.6
-45579.96816,6.4,6.6,10.5
-45582.93153,7.0,4.8,9.6
-45579.91666,7.1,6.5,10.5
-45580.2728,8.1,5.2,9.6
-45579.92574,3.3,8.6,10.4
-45580.84869,5.1,6.1,9.3
-45583.56367,5.5,5.2,8.9
-45580.72281,6.8,6.2,10.0
-45583.74207,6.9,5.1,8.9
-45579.98798,7.4,12.2,9.3
-45579.93087,8.2,9.5,9.3
-45581.41523,4.6,5.0,8.9
-45580.12519,5.0,5.2,10.4
-45580.63908,5.4,6.1,10.0
-45580.70938,5.9,12.5,9.3
-45580.15151,6.2,6.8,10.0
-45580.09451,6.7,9.2,9.3
-45579.95975,8.4,4.8,8.9
-45580.23111,9.2,9.6,10.0
-45580.87448,3.4,9.0,9.3
-45579.97791,5.3,9.1,9.3
-45579.91558,5.8,12.9,10.0
-45580.40646,6.5,11.8,9.3
-45579.96775,6.6,12.7,10.0
-45579.98531,7.2,6.7,9.3
-45581.20042,7.8,5.5,8.9
-45580.01625,7.9,5.8,10.0
-45579.95022,9.0,6.6,10.0
-45580.46847,3.9,9.1,9.4
-45580.06284,4.5,9.2,9.4
-45580.27022,5.4,12.4,9.4
-45579.91493,5.5,12.8,9.9
-45580.09831,6.2,9.3,9.4
-45580.67442,7.4,5.9,9.9
-45579.97899,3.6,8.7,10.3
-45580.53531,4.3,5.1,9.0
-45579.94966,5.0,12.8,9.4
-45580.09434,5.6,9.0,9.4
-45579.94166,6.0,9.2,9.9
-45580.62013,6.1,12.7,9.4
-45580.12355,6.3,12.6,9.9
-45580.91533,6.5,6.3,9.9
-45580.29839,6.8,11.9,9.4
-45582.27244,7.5,5.4,9.0
-45580.11308,8.0,5.7,9.0
-45579.94199,4.9,8.5,9.0
-45583.64314,5.8,5.3,9.0
-45581.41887,5.9,6.0,9.9
-45580.52352,8.7,9.4,9.4
-45580.09153,3.4,7.5,9.9
-45580.84571,3.5,9.2,9.2
-45579.91024,5.9,8.6,10.3
-45584.13095,6.4,5.0,9.0
-45580.26781,6.5,12.8,9.7
-45580.38636,9.1,8.8,9.9
-45580.0024,3.4,10.1,10.1
-45580.17531,3.9,8.5,8.8
-45581.62588,4.7,5.2,8.8
-45580.00788,5.3,12.6,9.7
-45580.49615,5.8,11.9,9.2
-45580.86473,6.4,12.4,9.2
-45580.21439,6.6,9.0,9.2
-45581.55202,6.9,6.0,9.7
-45580.40956,7.1,12.7,9.2
-45580.83886,7.2,5.6,10.1
-45581.29038,7.9,4.9,8.8
-45580.16444,9.1,8.2,10.1
-45579.95436,3.2,6.2,9.7
-45580.89052,5.1,5.0,10.1
-45583.51874,5.4,5.0,8.8
-45580.64142,5.5,6.3,9.7
-45583.23942,6.8,5.3,8.8
-45579.92623,6.9,8.6,10.1
-45579.95357,8.1,8.8,9.7
-45580.37276,5.0,6.3,9.2
-45580.29233,5.7,12.7,9.6
-45581.41746,5.9,6.2,9.6
-45580.14298,6.0,9.0,9.6
-45581.71164,6.5,6.1,9.6
-45580.19482,6.9,12.9,9.6
-45579.99478,7.5,4.8,10.5
-45580.17102,8.3,8.9,9.2
-45580.38767,8.8,9.6,9.7
-45579.92936,3.3,6.2,9.5
-45580.06409,5.2,12.6,9.5
-45580.69695,5.4,6.3,9.5
-45580.2293,5.5,5.0,10.6
-45579.91753,5.6,6.9,9.5
-45580.60535,5.8,5.1,10.5
-45580.65058,6.4,5.2,10.5
-45579.91128,6.6,7.8,10.5
-45581.84259,6.8,6.0,9.5
-45580.1804,6.9,5.3,10.6
-45580.10475,8.4,9.7,9.6
-45580.55383,8.9,9.6,9.5
-45580.60993,9.1,9.4,9.6
-45580.03999,3.4,8.4,8.7
-45579.93949,3.5,6.9,9.8
-45579.96179,4.2,5.3,8.7
-45579.93374,4.3,8.6,10.2
-45581.18047,5.8,6.2,9.8
-45583.5268,5.9,5.1,8.7
-45581.50255,6.4,6.1,9.8
-45579.93991,6.4,8.7,10.2
-45580.49005,6.4,12.8,9.5
-45583.24563,6.5,5.2,8.7
-45580.14467,8.5,9.7,9.8
-45580.3972,8.6,8.8,9.1
-45580.39372,9.0,9.4,9.8
-45580.59021,3.8,9.3,9.1
-45580.06936,5.6,12.7,9.8
-45580.04884,5.7,9.2,9.1
-45580.06284,6.1,9.0,9.8
-45580.16873,6.3,9.1,9.1
-45580.05762,6.8,12.9,9.8
-45580.66217,6.9,12.5,9.1
-45582.71756,7.4,4.8,8.7
-45580.04263,7.7,5.7,10.2
-45580.0027,9.2,6.4,9.8
-45579.99498,4.4,9.0,9.1
-45582.98573,6.8,5.5,9.5
-45580.83309,7.9,5.1,9.5
-45579.99583,3.3,10.7,9.8
-45581.0149,4.7,5.4,9.5
-45583.02083,5.4,4.8,9.5
-45579.91035,6.0,6.6,10.6
-45579.98481,6.9,5.8,10.6
-45581.29318,7.5,5.0,9.8
-45579.97015,9.2,7.7,10.2
-45579.94041,3.9,9.5,10.2
-45580.47492,5.5,13.2,8.7
-45579.97911,6.0,8.8,8.7
-45580.61172,6.9,13.1,8.7
-45580.47966,8.8,8.6,9.1
-45582.58688,5.3,5.6,9.1
-45582.84961,5.8,4.9,9.8
-45582.71065,6.4,5.4,9.8
-45579.91442,7.0,8.2,9.1
-45581.59132,7.1,5.7,9.8
-45580.41114,7.2,12.6,8.7
-45580.02323,8.7,9.0,10.2
-45580.77745,9.1,9.2,8.7
-45580.40642,3.5,8.2,9.8
-45579.9522,4.1,5.4,9.1
-45579.96825,4.3,5.5,9.8
-45582.51167,5.0,4.8,9.2
-45580.18926,5.3,7.0,8.7
-45580.19322,6.3,6.7,10.1
-45580.14189,6.6,6.6,10.2
-45580.2773,9.0,10.1,9.8
-45580.12656,3.4,9.4,10.1
-45580.12766,3.8,8.3,9.7
-45579.92449,4.1,9.7,10.1
-45580.54181,4.6,5.4,9.7
-45580.33535,4.7,5.9,8.8
-45582.72749,5.5,4.8,9.7
-45582.62637,5.6,5.7,9.2
-45580.87774,6.4,13.0,8.8
-45580.5741,6.8,5.8,8.8
-45582.4186,6.9,5.5,9.7
-45579.93561,8.2,9.1,10.1
-45579.95653,9.1,6.9,10.1
-45580.48494,3.4,8.2,9.6
-45580.3597,3.5,9.9,9.2
-45580.01527,3.6,10.6,9.7
-45579.95963,4.2,5.5,9.6
-45580.00152,5.8,6.4,10.5
-45583.4826,5.9,4.9,9.6
-45580.20819,6.4,5.9,10.5
-45583.19427,6.5,5.4,9.6
-45579.91284,6.5,12.2,10.1
-45579.93961,6.7,8.8,10.1
-45582.19145,7.0,5.7,9.6
-45580.77789,7.8,5.1,9.7
-45580.2718,8.5,8.7,9.2
-45580.433,9.0,8.4,9.2
-45580.38078,9.1,10.1,9.6
-45580.28661,3.4,8.0,9.9
-45581.48342,4.9,5.6,9.4
-45581.99228,7.4,5.0,9.6
-45580.12685,9.1,10.3,9.9
-45581.41458,5.8,5.8,9.0
-45579.98392,5.9,4.8,10.8
-45582.19197,5.9,5.5,9.9
-45582.69923,6.5,4.8,9.9
-45582.83475,6.6,5.7,9.4
-45579.91448,8.6,9.2,10.3
-45580.92834,9.0,9.0,9.0
-45580.77965,3.3,9.6,9.0
-45579.94837,3.8,8.9,10.3
-45579.9455,4.7,13.2,9.0
-45580.50877,5.4,13.0,9.0
-45581.22403,7.4,5.2,9.9
-45580.72398,7.5,6.1,9.0
-45579.91594,8.2,8.5,9.9
-45580.82508,9.2,8.6,9.4
-45579.91064,3.5,8.8,10.4
-45580.14152,3.6,9.7,8.9
-45580.75121,5.9,13.1,8.9
-45580.67943,6.5,13.2,8.9
-45579.91257,7.0,8.8,8.9
-45580.04863,7.8,6.0,8.9
-45579.94557,7.8,8.6,9.3
-45580.16906,7.9,5.3,10.0
-45580.19307,8.7,8.4,10.0
-45580.12921,4.4,5.7,9.3
-45580.42637,4.7,4.8,10.0
-45579.94172,5.0,5.9,10.4
-45582.38779,5.1,5.4,9.3
-45579.97038,5.4,4.9,10.7
-45581.42798,5.4,5.4,10.0
-45581.7067,6.1,5.7,10.0
-45579.91115,6.1,7.1,10.4
-45580.03057,6.2,8.3,10.0
-45583.13624,6.3,5.6,9.3
-45582.06077,6.8,4.9,10.0
-45580.00812,6.8,5.4,10.7
-45580.23759,7.4,12.8,8.9
-45580.0281,3.9,8.1,10.0
-45580.2389,5.4,13.0,9.4
-45581.04779,5.5,5.9,8.9
-45579.97018,5.6,6.6,10.4
-45580.77396,9.2,8.6,9.0
-45580.74687,3.3,9.6,9.4
-45580.23862,3.8,8.9,9.9
-45579.98065,5.7,8.8,9.9
-45580.0435,6.1,9.4,9.4
-45579.98842,6.9,12.1,9.9
-45580.38126,7.4,5.2,10.3
-45580.45379,7.5,6.1,9.4
-45579.94339,7.5,8.7,9.0
-45579.93317,3.4,8.0,10.3
-45581.67299,4.9,5.6,9.0
-45579.96603,5.5,12.2,9.9
-45582.52319,5.8,5.8,9.4
-45580.2479,6.4,6.5,9.4
-45581.34977,6.5,4.8,10.3
-45581.83427,6.6,5.7,9.0
-45580.28973,7.1,6.6,9.4
-45580.02598,3.4,6.6,9.9
-45580.94271,5.9,5.5,10.3
-45581.57604,6.3,5.6,8.9
-45579.93663,6.7,8.2,10.3
-45580.85463,6.8,4.9,10.4
-45579.99683,8.3,9.3,10.0
-45580.18949,8.6,9.2,9.9
-45580.75801,9.0,9.0,9.4
-45580.42717,5.0,5.9,10.0
-45580.42772,5.4,5.4,10.4
-45581.92846,5.5,5.9,9.3
-45580.10927,5.6,6.6,10.0
-45580.56007,6.1,5.7,10.4
-45579.9108,6.2,8.3,10.4
-45580.60418,6.9,6.4,9.3
-45580.1334,8.1,9.2,9.3
-45582.59179,5.1,5.4,8.9
-45579.97715,5.8,12.3,10.0
-45580.54212,5.9,13.1,9.3
-45580.00482,6.4,12.0,10.0
-45580.52089,6.5,13.2,9.3
-45579.98272,7.0,8.8,9.3
-45580.06392,7.4,12.8,9.3
-45579.95525,7.8,6.0,9.3
-45580.0386,9.0,7.5,10.0
-45580.26425,3.5,8.8,10.0
-45580.54832,3.6,9.7,9.3
-45581.9082,5.3,5.6,8.7
-45581.543,5.8,4.9,10.2
-45581.38819,6.4,5.4,10.2
-45579.92738,6.6,8.0,10.2
-45580.64758,7.1,5.7,10.2
-45580.36921,7.2,12.6,9.1
-45580.30887,8.7,9.0,9.8
-45580.95496,9.1,9.2,9.1
-45580.04778,3.5,8.2,10.2
-45580.20929,6.0,8.8,9.1
-45581.20113,6.5,5.9,9.1
-45580.3586,6.6,6.6,9.8
-45580.12098,6.8,12.3,9.8
-45580.49468,7.5,5.0,10.2
-45580.31013,8.8,8.6,8.7
-45579.9616,5.4,12.0,9.8
-45580.4679,5.5,13.2,9.1
-45580.102,6.2,8.9,9.8
-45580.55478,6.9,13.1,9.1
-45580.19736,9.2,7.7,9.8
-45580.2127,3.9,9.5,9.8
-45579.9388,5.1,4.8,10.6
-45580.06776,5.7,5.7,10.6
-45580.37075,5.8,12.1,9.5
-45580.09063,6.2,6.7,9.5
-45580.50269,6.4,12.2,9.5
-45580.19555,6.6,8.8,9.5
-45580.49304,7.4,6.3,9.1
-45580.22038,8.3,9.1,9.5
-45580.63486,3.5,9.4,9.5
-45580.37818,3.8,9.5,9.6
-45580.18867,4.0,9.7,9.5
-45579.91893,4.4,8.8,9.6
-45580.01181,5.2,5.6,10.5
-45580.11098,5.5,12.0,9.6
-45580.20977,6.3,8.9,9.6
-45580.26343,6.7,6.6,9.6
-45580.23779,6.9,12.3,9.6
-45580.36752,8.6,9.0,9.6
-45580.49649,3.4,9.4,9.7
-45580.09833,4.1,9.7,9.7
-45580.24367,5.9,12.1,9.7
-45580.69173,6.4,13.0,9.2
-45580.28873,6.5,12.2,9.7
-45580.06299,6.7,8.8,9.7
-45580.21167,7.8,5.1,10.1
-45580.14657,8.5,8.7,8.8
-45580.19418,9.0,8.4,8.8
-45579.9252,9.1,6.9,9.7
-45580.10079,3.8,8.3,10.1
-45580.06757,4.6,5.4,10.1
-45580.31593,4.7,5.9,9.2
-45582.63711,5.0,4.8,8.8
-45580.43187,5.4,6.5,9.2
-45579.93335,5.7,8.2,10.1
-45580.33411,6.3,6.7,9.7
-45582.28213,6.8,5.8,9.2
-45581.27864,6.9,5.5,10.1
-45580.0475,8.2,9.1,9.7
-45581.55248,5.5,4.8,10.1
-45581.31997,5.6,5.7,8.8
-45580.12541,6.0,11.6,9.6
-45579.97054,6.3,8.1,10.1
-45580.18935,6.5,8.7,9.6
-45579.98851,8.0,9.0,9.2
-45580.22642,3.8,10.0,9.6
-45581.82874,5.1,5.0,9.7
-45580.32337,5.5,6.3,10.1
-45581.01523,7.6,5.7,9.6
-45580.20707,3.9,8.5,9.2
-45579.91472,4.6,6.1,10.1
-45581.52312,4.7,5.2,9.2
-45583.48561,5.4,5.0,9.2
-45579.97834,5.6,8.4,9.2
-45583.61933,6.8,5.3,9.2
-45580.71955,6.9,6.0,10.1
-45579.93377,8.1,8.8,10.1
-45580.05655,8.8,9.6,10.1
-45580.34761,3.4,10.1,9.7
-45580.81861,3.5,9.2,8.8
-45579.95732,5.9,11.4,9.7
-45580.70453,6.4,12.4,8.8
-45580.1489,6.6,11.6,9.2
-45581.78407,7.2,5.6,9.7
-45581.21777,7.9,4.9,9.2
-45580.13225,3.9,10.0,9.8
-45579.98034,6.6,9.0,8.8
-45580.58542,6.9,12.5,8.7
-45580.5809,7.1,12.7,8.8
-45579.91534,7.3,8.3,9.2
-45582.80039,7.4,4.8,9.1
-45580.54676,7.7,5.7,9.8
-45580.49398,9.1,8.2,9.7
-45580.17894,3.8,9.3,8.7
-45580.06474,6.1,11.6,9.8
-45579.92095,6.3,9.1,8.7
-45580.24359,6.3,11.7,9.1
-45580.13052,5.3,8.5,9.1
-45580.44096,5.8,6.2,10.2
-45584.07996,5.9,5.1,9.1
-45580.12388,6.4,8.7,9.8
-45583.98755,6.5,5.2,9.1
-45580.07572,8.6,8.8,8.7
-45580.02539,9.0,9.4,10.2
-45580.41086,3.4,8.4,9.1
-45580.34911,3.5,10.1,9.5
-45580.21964,4.1,8.7,9.1
-45580.19955,4.2,5.3,9.1
-45582.02092,5.0,5.0,9.5
-45579.96782,5.8,11.4,9.5
-45580.63969,6.4,6.1,10.2
-45581.98951,7.3,5.6,9.5
-45579.97898,8.7,10.5,9.8
-45580.33685,9.0,8.2,9.5
-45580.36602,9.1,9.9,9.1
-45580.01967,3.5,10.3,10.0
-45580.90818,5.9,12.5,8.9
-45581.09305,7.8,5.5,9.3
-45579.95671,8.4,4.8,9.3
-45580.18987,9.0,8.0,10.0
-45580.94194,3.4,9.0,8.9
-45580.87646,5.1,6.1,8.9
-45580.04913,6.1,8.4,10.0
-45579.92455,6.4,11.5,10.0
-45579.9112,4.4,8.4,9.3
-45579.92554,5.1,8.7,9.3
-45580.06908,5.4,6.1,10.4
-45583.42124,5.5,5.2,9.3
-45579.97207,6.2,6.8,10.4
-45580.05114,6.3,8.5,9.3
-45583.60537,6.9,5.1,9.3
-45580.32414,3.3,8.6,10.0
-45580.33693,3.6,8.7,9.9
-45580.34175,4.3,5.1,9.4
-45581.19848,4.6,5.0,9.3
-45580.87912,5.0,5.2,10.0
-45580.48603,5.9,6.0,10.3
-45580.25125,6.5,6.3,10.3
-45580.11629,6.8,6.2,10.4
-45579.93069,8.3,9.8,10.0
-45580.10464,8.6,9.9,9.9
-45580.01043,9.1,8.8,10.3
-45580.05748,3.8,10.2,9.9
-45580.48402,3.9,9.1,9.0
-45580.12824,5.0,12.8,9.0
-45580.05487,5.6,9.0,9.0
-45583.55253,5.8,5.3,9.4
-45580.04997,5.9,8.6,9.9
-45583.95933,6.4,5.0,9.4
-45580.18801,6.8,11.9,9.0
-45580.08757,7.4,5.9,10.3
-45581.88171,7.5,5.4,9.4
-45580.26867,8.0,5.7,9.4
-45580.51687,8.7,9.4,9.0
-45580.51985,3.3,9.8,9.0
-45580.50854,5.4,12.4,9.0
-45580.00964,5.7,12.0,9.9
-45580.61655,6.1,12.2,9.4
-45580.97853,6.1,12.7,9.0
-45579.96958,6.2,9.3,9.0
-45579.93903,6.2,9.6,9.4
-45580.48989,6.2,13.1,9.4
-45580.12788,6.3,12.3,9.9
-45579.93169,6.9,8.9,9.9
-45580.18944,7.6,5.0,10.3
-45580.94232,8.0,5.2,9.0
-45580.17978,8.3,8.6,9.0
-45580.34196,3.2,9.5,9.9
-45580.00055,4.8,5.5,10.3
-45581.05127,4.9,5.8,9.4
-45580.7452,5.3,4.9,10.3
-45580.3173,5.6,13.2,9.4
-45582.46038,5.8,5.6,9.0
-45579.95029,5.9,8.3,10.3
-45580.02784,6.0,13.0,9.9
-45580.40914,6.5,6.6,9.9
-45579.9434,6.5,8.0,10.3
-45582.23471,6.6,5.9,9.4
-45580.95409,6.7,5.4,10.3
-45583.51199,7.1,4.8,9.0
-45580.10418,8.4,9.0,9.9
-45579.9442,3.6,8.2,10.3
-45579.9793,5.0,5.7,10.4
-45580.39759,5.2,6.4,9.4
-45581.91753,5.5,5.7,8.9
-45580.8166,5.6,4.8,10.4
-45580.31763,5.7,6.5,9.3
-45582.97107,6.0,5.4,8.9
-45581.41044,6.1,5.9,10.0
-45582.4324,6.3,5.8,9.3
-45580.01862,6.8,6.7,10.0
-45580.05487,7.0,6.5,9.9
-45580.06512,7.4,12.7,9.3
-45580.21199,8.9,9.1,10.0
-45580.25536,9.2,9.3,10.0
-45580.15827,3.7,9.4,10.0
-45580.18852,4.1,8.8,9.3
-45579.98362,4.3,8.9,10.0
-45580.73357,6.2,5.5,10.4
-45580.00945,6.4,8.8,10.0
-45580.53951,6.7,13.0,9.3
-45580.29705,7.0,12.0,9.3
-45580.90655,7.2,6.2,9.3
-45580.33189,7.3,5.1,10.4
-45580.36166,8.6,8.7,8.9
-45579.98966,3.7,8.0,10.2
-45580.55019,3.7,8.8,9.5
-45580.01957,4.3,9.5,9.5
-45580.40803,4.9,4.9,10.2
-45580.04963,5.2,12.3,9.5
-45580.1783,5.4,6.6,9.5
-45580.17,5.8,8.9,9.5
-45580.49389,6.0,4.8,10.6
-45580.55197,6.1,6.5,9.5
-45580.03646,6.4,9.4,9.5
-45580.36908,6.6,12.0,9.5
-45579.99384,6.6,12.2,10.0
-45580.0604,6.9,5.6,10.6
-45581.30303,7.1,5.9,9.8
-45580.14481,7.1,13.0,9.5
-45580.36779,7.2,12.9,9.1
-45580.59132,8.9,9.3,9.5
-45580.77388,9.2,9.1,9.5
-45580.47671,3.3,8.9,9.8
-45580.27145,3.8,9.6,9.1
-45579.93846,4.3,8.3,10.2
-45580.60122,5.2,5.5,10.2
-45581.95017,5.3,5.8,9.1
-45580.06901,5.8,6.7,9.8
-45579.94266,5.8,8.1,10.2
-45580.08384,6.1,13.2,9.8
-45579.9876,6.4,8.2,10.2
-45579.99903,6.5,5.7,8.7
-45581.61771,6.6,4.8,10.2
-45582.65919,7.0,5.4,8.7
-45580.45806,7.6,6.1,9.1
-45580.18366,8.5,9.2,9.8
-45580.0111,9.2,7.9,10.2
-45579.95744,5.1,8.8,9.1
-45580.01886,5.3,12.3,9.7
-45580.07767,5.6,12.2,9.8
-45580.65119,5.7,13.0,9.1
-45580.59249,6.0,12.0,9.1
-45580.20831,6.2,12.1,9.8
-45579.95603,6.5,9.4,9.7
-45580.34985,7.1,12.2,9.2
-45580.18139,7.7,5.2,10.2
-45580.57556,8.1,5.0,8.7
-45580.06825,8.9,8.5,10.2
-45580.61307,3.5,9.7,9.2
-45580.47874,3.6,8.8,9.7
-45580.35259,4.0,9.4,9.2
-45580.0519,4.2,9.5,9.7
-45580.09304,5.9,8.9,9.7
-45580.57161,6.6,13.2,9.2
-45580.17617,6.7,12.0,9.7
-45580.03157,7.0,13.0,9.7
-45581.04089,7.2,5.3,10.1
-45581.26949,7.3,6.0,9.2
-45580.03261,8.4,8.4,10.1
-45580.20286,9.1,8.7,10.1
-45580.0533,3.2,6.7,9.7
-45580.2167,5.2,13.1,9.2
-45581.49163,5.7,5.4,10.1
-45583.33765,6.1,4.8,8.8
-45582.05775,6.3,4.9,10.1
-45581.75311,6.8,5.6,8.8
-45579.91247,6.9,8.3,10.1
-45580.40317,8.8,9.3,9.7
-45580.1604,3.2,8.1,10.1
-45580.76964,4.7,5.7,8.8
-45580.02181,5.5,6.6,9.7
-45579.96752,5.5,8.8,9.6
-45581.85157,5.6,5.9,9.2
-45580.27097,5.7,12.2,9.6
-45580.70098,6.0,6.5,9.7
-45580.38443,6.3,12.1,9.6
-45580.70862,3.2,8.9,9.6
-45583.67418,5.6,5.2,9.2
-45580.10957,5.9,6.7,9.6
-45580.25887,6.0,13.2,9.6
-45580.33359,6.4,5.7,10.5
-45580.00382,6.8,8.5,9.2
-45581.79031,7.0,5.9,9.6
-45580.20604,7.1,5.4,10.5
-45580.07038,7.2,12.5,9.6
-45580.21827,8.4,9.2,9.6
-45580.01398,3.2,7.4,10.1
-45580.36432,3.8,8.6,9.7
-45581.01906,4.5,5.0,9.2
-45579.93068,4.7,8.4,9.2
-45580.02871,5.7,8.7,9.7
-45583.26155,6.0,5.0,9.7
-45584.15117,6.2,5.1,9.2
-45580.73627,6.3,6.2,10.1
-45580.36347,8.8,9.8,9.7
-45580.47624,8.9,9.5,8.8
-45579.92221,3.4,10.9,9.7
-45580.19719,3.6,10.3,9.7
-45580.33208,5.2,12.5,8.8
-45580.68505,5.7,6.1,10.1
-45582.51677,7.3,5.5,9.2
-45580.83321,9.2,8.9,8.8
-45580.59658,3.7,9.0,8.8
-45579.9909,4.1,9.2,10.1
-45580.22833,5.8,11.7,9.2
-45579.97363,6.7,11.5,9.7
-45582.79607,7.0,5.2,9.6
-45580.59123,7.1,12.8,8.8
-45580.65809,7.2,5.8,10.1
-45580.29687,3.2,10.2,9.6
-45580.64867,3.4,8.7,9.6
-45580.01695,6.3,11.4,9.6
-45579.97093,7.1,6.1,10.5
-45580.31815,8.1,4.8,9.6
-45579.9684,8.4,9.9,9.6
-45579.93354,3.7,10.3,9.5
-45580.23208,3.9,8.6,9.5
-45579.97158,5.6,8.7,9.5
-45579.95617,6.0,6.3,10.6
-45583.78286,6.1,5.0,9.5
-45580.0673,6.6,11.5,9.5
-45580.50584,8.9,9.8,9.5
-45580.07513,9.2,10.4,9.5
-45580.58163,3.2,9.1,8.7
-45580.49717,5.7,12.4,8.7
-45579.91137,6.0,11.5,9.1
-45579.99036,6.2,11.4,9.8
-45579.98468,7.7,5.9,10.2
-45580.24744,3.3,10.2,9.8
-45580.45558,3.5,8.7,9.8
-45580.03952,4.0,8.4,9.8
-45581.96371,4.8,5.1,9.1
-45580.36713,6.6,6.3,10.2
-45581.95688,7.6,5.4,9.1
-45580.29472,8.0,4.8,9.8
-45580.4584,8.2,4.9,9.1
-45580.10975,8.5,9.9,9.8
-45580.1109,8.8,8.3,9.1
-45580.14783,4.2,8.5,9.1
-45579.98701,4.9,6.2,10.2
-45580.25465,5.2,6.0,10.2
-45583.14032,5.3,5.3,9.1
-45579.99019,6.4,6.9,10.2
-45584.04276,6.7,5.0,9.1
-45580.04965,7.0,8.7,9.1
-45582.07901,7.1,5.2,9.8
-45580.16478,7.2,12.3,8.7
-45580.1413,9.1,9.7,8.7
-45580.78119,3.6,9.2,8.9
-45580.04117,3.7,10.1,10.0
-45579.95658,4.2,9.1,8.9
-45580.09508,6.5,9.0,8.9
-45580.25596,6.5,11.6,9.3
-45580.78937,6.7,12.4,8.9
-45583.09631,7.2,4.9,9.3
-45579.93847,7.3,6.4,10.4
-45580.09096,7.9,5.6,10.0
-45580.819,3.2,8.5,9.3
-45580.61976,4.4,5.2,9.3
-45579.93229,4.5,8.7,10.0
-45580.06629,5.6,6.3,10.4
-45580.32978,6.2,6.0,10.4
-45579.97597,8.9,10.4,10.0
-45582.70207,5.2,5.1,9.4
-45579.94285,5.5,8.4,9.3
-45583.8268,5.7,5.0,9.3
-45580.23332,6.0,8.7,9.3
-45580.21269,6.1,5.1,10.7
-45582.23888,6.1,5.2,10.0
-45580.06025,6.2,8.6,10.0
-45583.83802,6.3,5.3,9.3
-45580.00553,6.7,8.7,9.9
-45582.05677,7.0,5.0,9.9
-45580.68228,8.8,8.9,8.9
-45580.20259,9.2,9.8,10.0
-45580.22834,3.7,8.4,9.4
-45579.92274,4.8,6.0,10.3
-45581.77224,4.9,5.3,9.4
-45580.0852,5.3,6.2,10.3
-45579.9461,5.8,8.5,9.4
-45579.98383,5.9,6.8,10.3
-45583.71619,6.6,5.2,9.4
-45580.35216,6.7,6.1,10.3
-45580.44685,7.1,6.3,9.0
-45580.29682,8.5,8.8,9.0
-45580.00345,9.1,10.6,9.9
-45580.25197,3.2,10.0,9.9
-45579.96804,5.6,11.8,9.0
-45580.98983,6.2,12.5,9.0
-45580.03325,6.8,9.1,9.0
-45580.88527,7.4,5.7,9.9
-45581.56229,7.7,4.8,9.4
-45579.99337,8.1,5.4,9.9
-45579.986,8.3,5.5,9.4
-45579.94028,8.9,8.1,9.4
-45580.95825,3.3,9.3,9.0
-45580.10704,5.0,12.7,9.0
-45580.94056,6.1,12.8,9.0
-45580.17999,6.8,11.7,9.4
-45580.60898,9.2,8.3,9.4
-45580.50125,3.2,8.5,8.9
-45580.02572,3.3,6.8,10.0
-45580.73164,4.4,5.2,8.9
-45580.53142,5.6,6.3,10.0
-45581.26924,6.0,6.1,9.3
-45581.26298,6.2,6.0,10.0
-45583.40391,6.3,5.3,8.9
-45579.96059,8.3,9.6,10.0
-45580.28398,4.2,9.1,9.3
-45583.89883,5.7,5.0,8.9
-45580.0659,6.0,8.7,8.9
-45580.93133,6.1,5.2,10.4
-45580.69551,8.8,8.9,9.3
-45580.73322,3.6,9.2,9.3
-45580.09541,4.0,9.0,10.0
-45580.07517,5.9,9.3,9.3
-45579.95079,6.6,12.8,10.0
-45580.64119,6.7,12.4,9.3
-45583.35677,7.2,4.9,8.9
-45579.94288,7.3,6.4,10.0
-45579.94946,5.4,9.2,9.4
-45579.93156,5.5,12.7,9.9
-45580.20339,5.6,11.8,9.4
-45579.96192,5.8,12.6,10.0
-45580.11574,6.0,12.4,9.9
-45580.66829,6.2,12.5,9.4
-45580.23684,6.5,9.0,9.3
-45580.08554,6.8,9.1,9.4
-45580.17472,7.4,5.7,10.3
-45581.95119,7.7,4.8,9.0
-45579.9289,8.3,5.5,9.0
-45580.16802,9.2,8.3,9.0
-45580.82543,3.3,9.3,9.4
-45579.93135,4.7,9.0,9.4
-45580.20768,4.8,6.0,9.9
-45579.94962,5.0,12.7,9.4
-45579.95555,5.8,8.5,9.0
-45580.591,6.1,12.8,9.4
-45580.07037,6.3,12.9,9.9
-45583.88436,6.6,5.2,9.0
-45580.14125,8.6,9.7,9.9
-45579.92751,3.6,6.9,9.9
-45583.16265,5.2,5.1,9.0
-45580.51202,5.3,6.2,9.9
-45580.91102,7.0,5.0,10.3
-45580.01246,7.3,12.1,9.4
-45580.33672,8.5,8.8,9.4
-45580.25875,3.7,8.4,9.0
-45582.20594,4.9,5.3,9.0
-45580.27143,5.7,12.8,9.6
-45580.07402,5.9,6.8,9.9
-45580.23064,6.0,11.8,9.6
-45581.15972,6.7,6.1,9.9
-45580.24774,6.9,12.6,9.6
-45580.73477,7.1,6.3,9.4
-45580.62409,7.6,5.9,9.6
-45579.91259,3.6,10.3,10.1
-45580.13652,4.3,9.3,9.2
-45580.11329,5.2,5.3,10.5
-45580.22214,5.2,12.5,9.2
-45581.25043,5.3,6.0,9.6
-45580.16749,5.8,9.1,9.2
-45580.12595,6.4,9.2,9.2
-45580.2833,6.5,12.7,9.7
-45580.67285,6.6,5.0,10.5
-45580.44072,6.6,11.8,9.2
-45580.98758,6.7,6.3,9.6
-45580.12032,7.0,12.4,9.7
-45579.98406,7.2,13.1,9.6
-45582.41266,7.3,5.5,8.8
-45579.9641,3.2,7.4,9.7
-45580.71919,3.7,9.0,9.2
-45580.14475,4.1,9.2,9.7
-45579.94515,5.3,12.9,9.7
-45583.50826,5.6,5.2,8.8
-45579.94543,5.7,8.7,10.1
-45581.96809,6.0,5.0,10.1
-45583.71773,6.2,5.1,8.8
-45580.40591,7.1,12.8,9.2
-45581.51622,7.2,5.8,9.7
-45579.93229,7.5,8.8,9.2
-45580.70746,8.9,9.5,9.2
-45580.11151,3.8,8.6,10.1
-45581.05091,4.5,5.0,8.8
-45580.87545,5.2,6.0,9.8
-45581.45969,5.7,6.1,9.7
-45581.43274,6.3,6.2,9.7
-45579.98552,6.4,6.9,9.8
-45580.02885,8.8,9.8,10.1
-45580.99092,9.2,8.9,9.2
-45580.08233,3.5,8.7,10.2
-45579.99369,4.0,8.4,10.2
-45581.96289,4.8,5.1,8.7
-45579.91629,4.9,6.2,9.8
-45582.92387,5.3,5.3,8.7
-45581.01087,6.6,6.3,9.8
-45583.56259,6.7,5.0,8.7
-45581.09105,7.0,6.1,9.1
-45580.97055,7.1,5.2,10.2
-45580.32752,7.2,12.3,9.1
-45580.13744,8.4,9.4,9.1
-45580.67834,9.1,9.7,9.1
-45581.02682,3.2,9.1,9.1
-45580.05397,5.5,9.0,9.1
-45580.04806,5.6,12.8,9.8
-45580.74131,5.7,12.4,9.1
-45580.12854,6.1,11.8,9.8
-45580.49185,6.3,11.9,9.1
-45580.11998,6.8,12.6,9.8
-45579.94916,6.9,9.3,9.1
-45581.83173,7.6,5.4,8.7
-45580.34878,7.7,5.9,9.8
-45579.92027,7.8,8.9,9.1
-45580.31449,8.2,4.9,8.7
-45580.05421,9.2,7.2,9.8
-45580.33049,4.0,9.2,9.5
-45580.03241,5.2,12.9,9.5
-45581.4282,5.6,6.1,9.5
-45580.28442,5.7,5.2,10.6
-45581.42872,6.2,6.2,9.5
-45580.45278,6.3,5.1,10.6
-45579.99466,6.8,6.8,9.5
-45581.62209,7.3,5.8,9.5
-45580.10918,3.3,8.9,10.2
-45580.74115,5.7,13.0,8.7
-45579.93375,6.1,11.3,9.8
-45580.51439,6.4,12.7,9.5
-45580.19868,7.1,12.4,9.5
-45579.94098,7.2,5.5,10.6
-45580.15246,7.6,6.1,8.7
-45580.30733,9.2,7.9,9.8
-45581.12487,5.3,5.8,8.7
-45580.0585,5.8,6.7,10.2
-45580.02604,7.6,8.7,9.1
-45580.80726,7.7,5.2,9.8
-45580.71868,8.1,5.0,9.1
-45580.43277,8.9,8.5,9.8
-45580.03064,3.7,8.0,9.8
-45581.15198,4.9,4.9,9.8
-45582.22629,6.5,5.7,9.1
-45582.93446,6.6,4.8,9.8
-45583.24208,7.0,5.4,9.1
-45580.47084,7.1,5.9,10.2
-45580.47135,7.2,12.9,8.7
-45579.96517,8.5,9.2,10.2
-45579.93243,9.0,10.9,9.8
-45581.52547,5.2,5.5,9.8
-45582.30558,7.3,5.3,9.5
-45580.68068,9.0,8.7,9.5
-45580.38066,3.3,8.1,9.5
-45579.94405,4.0,9.9,9.5
-45580.70384,4.5,4.8,9.5
-45582.18977,5.3,5.5,9.6
-45583.03856,5.6,5.4,9.5
-45579.99251,5.7,5.9,10.6
-45583.82686,6.2,4.9,9.5
-45579.94247,6.3,6.4,10.6
-45579.95864,3.6,8.0,9.6
-45581.301,4.8,4.9,9.6
-45579.95222,5.2,5.8,10.5
-45579.92485,6.0,11.3,9.6
-45579.9818,6.6,6.5,10.5
-45583.37284,6.7,4.8,9.6
-45581.3961,7.6,5.2,9.6
-45580.11948,8.2,5.1,9.6
-45580.43762,8.8,8.5,9.6
-45579.91442,3.2,6.7,10.1
-45580.02736,5.5,6.6,10.1
-45580.37931,5.6,5.9,8.8
-45582.71147,5.7,5.4,9.7
-45580.34505,6.0,6.5,10.1
-45584.12895,6.1,4.8,9.2
-45583.35407,6.3,4.9,9.7
-45582.94768,6.8,5.6,9.2
-45580.08744,8.8,9.3,10.1
-45579.98846,9.2,10.2,9.2
-45580.47172,3.2,8.1,9.7
-45580.13731,3.5,9.7,8.8
-45580.14843,3.6,8.8,10.1
-45580.00826,4.1,9.9,9.7
-45579.91776,4.2,9.5,10.1
-45580.27395,4.4,4.8,9.7
-45580.8291,4.7,5.7,9.2
-45580.36433,5.2,13.1,8.8
-45579.93024,5.9,8.9,10.1
-45580.19511,7.1,12.2,8.8
-45582.07786,7.2,5.3,9.7
-45580.99268,7.3,6.0,8.8
-45580.05237,7.3,8.6,9.2
-45579.97112,8.9,10.0,9.2
-45580.56864,9.1,8.7,9.7
-45581.19236,4.9,5.8,9.0
-45580.20615,5.2,6.4,9.0
-45581.77485,5.3,4.9,9.9
-45583.04446,5.8,5.6,9.4
-45579.97764,5.9,8.3,9.9
-45580.66099,6.6,13.2,8.8
-45579.94511,6.7,4.9,10.8
-45582.19905,6.7,5.4,9.9
-45580.01719,7.0,6.5,10.3
-45583.15568,7.1,4.8,9.4
-45580.64005,3.3,9.8,9.4
-45580.30169,3.6,8.2,9.9
-45580.59324,4.8,5.5,9.9
-45580.75053,6.1,12.2,9.0
-45580.09191,6.5,6.6,10.3
-45580.74944,6.6,5.9,9.0
-45580.87781,7.6,5.0,9.9
-45580.68564,8.0,5.2,9.4
-45579.96132,8.1,8.7,9.9
-45579.97337,8.3,8.6,9.4
-45580.04908,8.8,7.9,9.9
-45579.97431,3.2,9.5,10.3
-45580.55935,5.6,13.2,9.0
-45580.76772,6.2,13.1,9.0
-45579.92211,3.5,10.6,10.0
-45580.34329,3.6,9.9,9.3
-45580.1179,4.1,8.8,8.9
-45579.99805,4.8,13.1,8.9
-45580.78419,6.7,13.0,8.9
-45580.05551,7.0,12.0,8.9
-45580.55237,7.2,6.2,8.9
-45581.21561,7.3,5.1,10.0
-45580.33039,8.6,8.7,9.3
-45580.05957,4.5,5.4,10.0
-45580.59828,5.0,5.7,10.0
-45580.40029,6.1,5.9,10.4
-45580.31597,6.3,5.8,8.9
-45579.94659,6.8,6.7,10.4
-45579.92057,9.2,9.3,10.4
-45580.30194,3.3,8.3,10.0
-45580.39996,3.8,9.1,9.6
-45580.00822,4.4,9.2,9.6
-45582.57901,5.5,5.7,9.3
-45580.20659,5.5,12.4,9.6
-45581.99065,5.6,4.8,10.0
-45579.95063,5.6,5.5,10.7
-45580.03932,5.7,9.0,9.6
-45583.61729,6.0,5.4,9.3
-45580.39584,6.0,12.7,9.6
-45580.26656,6.2,4.8,10.7
-45581.97465,6.2,5.5,10.0
-45580.06101,6.3,9.3,9.6
-45580.11831,6.9,11.9,9.6
-45580.22494,7.4,12.7,8.9
-45580.65795,5.8,12.9,9.2
-45580.332,8.6,9.4,9.6
-45580.53916,3.4,9.0,9.7
-45579.91454,4.9,12.6,9.2
-45580.29068,5.9,12.5,9.7
-45580.1662,6.5,11.8,9.7
-45580.76191,6.6,12.7,9.2
-45579.96591,6.7,9.2,9.7
-45579.98894,7.1,9.0,9.2
-45580.12554,7.8,5.5,10.1
-45580.19053,7.9,5.8,9.2
-45580.0634,8.6,8.2,10.1
-45580.53714,3.3,8.6,8.8
-45579.99998,3.8,7.9,10.1
-45579.92449,4.4,8.4,10.1
-45580.12482,4.6,5.0,10.1
-45582.57617,5.0,5.2,8.8
-45580.51186,5.1,6.1,9.7
-45581.27749,5.4,6.1,9.2
-45581.40871,5.5,5.2,10.1
-45580.03058,6.3,8.5,10.1
-45580.79085,6.8,6.2,9.2
-45581.55014,6.9,5.1,10.1
-45580.03674,7.5,13.0,9.2
-45579.99837,8.2,9.5,9.7
-45580.83765,9.2,9.6,9.2
-45579.9186,4.1,5.0,8.7
-45581.3402,5.8,5.3,10.2
-45581.65242,6.4,5.0,10.2
-45579.97322,6.6,8.4,10.2
-45580.28291,8.7,9.4,9.8
-45580.9483,9.1,8.8,9.1
-45579.97865,3.5,7.8,10.2
-45580.40692,3.6,8.7,8.7
-45580.00449,5.4,12.4,9.8
-45579.93817,5.6,9.0,9.8
-45580.7668,5.9,6.0,9.1
-45580.09007,6.0,9.2,9.1
-45579.96977,6.2,9.3,9.8
-45580.95569,6.3,12.6,9.1
-45580.05112,6.8,11.9,9.8
-45580.37139,7.5,5.4,10.2
-45579.95616,8.3,8.3,10.2
-45580.23436,3.9,9.1,9.8
-45580.43567,5.0,6.1,9.5
-45580.12906,5.1,12.4,9.1
-45580.57343,5.5,12.8,9.1
-45580.20497,6.1,12.7,9.8
-45581.34639,7.4,5.9,9.1
-45580.12803,8.3,9.5,9.5
-45580.13002,3.3,7.7,10.0
-45580.66028,3.5,9.0,9.5
-45579.97769,5.0,6.3,10.0
-45580.59383,5.4,5.0,10.4
-45580.85398,5.5,6.3,9.3
-45580.44763,5.8,12.5,9.5
-45579.93852,6.2,7.9,10.4
-45580.31451,6.4,11.8,9.5
-45580.0707,6.6,9.2,9.5
-45580.68537,6.8,5.3,10.4
-45579.95262,6.9,8.6,8.9
-45580.01374,8.1,8.8,9.3
-45580.03066,8.3,8.9,10.0
-45580.55098,8.8,9.6,9.3
-45582.97474,5.1,5.0,8.9
-45580.27266,5.3,12.6,9.3
-45579.95295,5.8,11.9,10.0
-45580.02607,6.4,12.4,10.0
-45580.66353,6.5,12.8,9.3
-45579.94216,6.6,9.0,10.0
-45581.62275,6.9,6.0,9.3
-45579.9935,7.0,9.2,9.3
-45582.35316,7.2,5.6,8.9
-45580.06526,7.4,13.2,9.3
-45580.00714,9.0,7.1,10.0
-45580.21736,3.5,9.2,10.0
-45580.21328,3.8,9.3,9.9
-45579.94708,4.4,9.0,9.9
-45579.91114,5.7,9.2,9.9
-45580.23026,6.1,9.0,9.4
-45580.43267,6.8,12.9,9.4
-45579.99712,6.9,12.5,9.9
-45580.47238,7.4,4.8,10.3
-45581.0364,7.7,5.7,9.0
-45579.98517,3.4,8.4,10.3
-45579.94617,3.6,7.6,9.9
-45580.15279,4.3,8.6,9.0
-45580.42621,5.6,12.7,9.4
-45581.16305,5.8,6.2,9.4
-45579.97531,6.3,9.1,9.9
-45581.56421,6.4,6.1,9.4
-45581.19039,6.5,5.2,10.3
-45580.16422,8.5,9.7,9.4
-45580.21191,8.6,8.8,9.9
-45580.71374,9.0,9.4,9.4
-45580.18444,3.5,8.2,9.4
-45580.19295,4.3,5.5,9.4
-45581.21261,5.9,5.1,10.3
-45580.1788,5.9,6.4,10.3
-45580.10553,6.4,8.7,9.0
-45580.59747,6.5,5.9,10.3
-45582.3241,7.1,5.7,9.4
-45580.03268,7.1,8.4,9.0
-45579.98963,8.6,10.3,9.9
-45580.28717,9.0,10.1,9.4
-45579.98647,9.1,9.2,10.3
-45579.95898,4.5,8.8,9.0
-45581.35985,5.3,5.6,9.9
-45583.80205,5.8,4.9,9.4
-45583.5642,6.4,5.4,9.4
-45580.62609,8.7,9.0,9.0
-45580.15832,3.8,9.8,9.9
-45580.12525,3.9,9.5,9.0
-45580.15206,5.0,13.2,9.0
-45580.01774,5.4,12.0,9.0
-45580.17542,6.2,8.9,9.0
-45580.70165,6.8,12.3,9.0
-45579.97708,7.4,6.3,10.3
-45582.12389,7.5,5.0,9.4
-45580.31201,8.8,8.6,9.9
-45580.14109,3.5,9.9,10.0
-45580.46418,5.9,12.1,8.9
-45580.57943,6.5,12.2,8.9
-45580.06249,6.7,8.8,8.9
-45579.97796,7.2,8.5,9.3
-45581.36502,7.8,5.1,9.3
-45579.95417,8.4,5.2,9.3
-45580.11951,8.5,8.7,10.0
-45580.28235,9.0,8.4,10.0
-45580.84115,3.4,9.4,8.9
-45583.54948,5.5,4.8,9.3
-45581.37444,5.6,5.7,10.0
-45579.99781,6.2,5.7,10.7
-45583.10318,6.9,5.5,9.3
-45579.99173,3.8,8.3,9.3
-45579.9469,3.9,10.4,9.8
-45580.99992,4.6,5.4,9.3
-45580.96459,5.0,4.8,10.0
-45580.26554,5.1,13.0,8.7
-45579.96347,5.4,6.5,10.4
-45580.03485,6.1,6.6,10.4
-45579.91193,6.2,7.2,10.4
-45580.35976,6.8,5.8,10.4
-45582.69937,7.4,5.2,9.1
-45580.12928,8.2,8.5,9.1
-45580.03035,3.3,9.6,10.2
-45580.23153,3.8,8.9,8.7
-45580.13567,5.5,12.2,8.7
-45584.05659,6.5,4.8,9.1
-45582.18185,6.6,5.7,9.8
-45580.04284,7.5,6.1,10.2
-45580.06863,9.0,9.0,10.2
-45580.50889,9.2,8.6,9.8
-45579.91218,3.5,7.3,10.2
-45580.88107,5.8,5.8,10.2
-45583.16675,5.9,5.5,9.1
-45580.06705,8.6,9.2,8.7
-45579.92582,3.5,10.5,9.5
-45580.29232,4.2,4.9,9.1
-45580.86062,4.9,5.6,9.8
-45580.2511,6.4,6.5,10.2
-45579.94056,6.4,11.3,9.5
-45579.94863,7.1,6.6,10.2
-45580.16837,8.7,10.1,9.8
-45580.32221,4.5,5.7,9.5
-45580.96417,4.8,5.6,9.6
-45581.78999,5.0,5.4,9.5
-45583.1051,6.2,5.6,9.5
-45582.5481,6.7,5.7,9.6
-45580.04807,8.6,10.1,9.6
-45580.07745,4.4,5.7,9.7
-45581.59656,4.7,4.8,9.2
-45581.16574,5.0,5.9,8.8
-45581.62874,5.1,5.4,9.7
-45580.78204,5.5,5.9,10.1
-45582.74331,6.3,5.6,9.7
-45579.93974,6.3,7.0,10.1
-45583.90491,6.8,4.9,9.2
-45580.25998,6.9,6.4,10.1
-45580.11267,3.4,10.5,9.7
-45580.7336,3.5,8.8,8.8
-45580.05773,3.6,9.7,10.1
-45583.11554,5.4,5.4,9.2
-45582.56518,6.1,5.7,9.2
-45579.91951,6.5,11.3,9.7
-45579.96386,7.5,12.4,8.8
-45579.96355,7.8,6.0,10.1
-45581.07856,7.9,5.3,9.2
-45580.1977,8.7,8.4,9.2
-45580.16588,9.1,7.8,9.7
-45580.46897,3.7,9.7,9.5
-45581.78903,5.4,5.9,9.5
-45580.10531,5.5,5.4,10.6
-45580.5508,5.8,12.3,8.8
-45580.33594,5.8,13.1,9.5
-45580.13866,6.0,5.7,10.6
-45580.36307,6.4,13.2,9.5
-45580.67562,6.8,6.4,9.5
-45580.2912,6.9,4.9,10.6
-45580.02931,8.0,9.2,9.5
-45580.14206,4.2,4.9,8.7
-45580.20955,4.9,5.6,10.2
-45581.41374,5.9,5.5,8.7
-45580.68795,6.4,6.5,9.8
-45583.02393,6.5,4.8,8.7
-45581.02287,6.6,5.7,10.2
-45580.54887,8.6,9.2,9.1
-45580.43026,9.0,9.0,9.8
-45580.18904,5.1,13.0,9.1
-45580.52241,5.5,12.2,9.1
-45580.13111,5.7,8.8,9.1
-45581.95524,5.8,5.8,9.8
-45579.93859,6.1,9.4,9.8
-45580.54229,6.9,12.1,9.1
-45579.97753,7.6,7.8,8.7
-45580.40846,3.3,9.6,9.8
-45580.5871,3.8,8.9,9.1
-45579.91005,5.4,13.0,9.8
-45580.1631,6.5,13.2,9.7
-45582.6695,7.4,5.2,8.7
-45580.26211,7.5,6.1,9.8
-45580.1183,9.2,8.6,10.2
-45580.84603,3.5,8.8,9.2
-45580.41301,3.6,9.7,9.7
-45580.71606,5.8,12.3,9.2
-45580.17283,5.9,13.1,9.7
-45579.9762,6.6,9.4,9.2
-45579.91779,7.0,8.8,9.7
-45580.01418,7.8,6.0,9.7
-45581.71606,4.7,4.8,8.8
-45580.74243,5.1,5.4,10.1
-45579.93421,5.2,8.9,9.2
-45581.68281,5.5,5.9,9.7
-45580.06325,5.6,6.6,9.2
-45580.62963,6.4,12.0,9.2
-45580.45404,6.9,6.4,9.7
-45581.10612,7.9,5.3,8.8
-45580.14896,8.7,8.4,8.8
-45580.06798,9.1,7.8,10.1
-45581.14023,5.0,5.9,9.2
-45582.91253,5.4,5.4,8.8
-45579.98919,6.0,8.2,10.1
-45580.3295,6.1,5.7,8.8
-45581.52929,6.3,5.6,10.1
-45583.66662,6.8,4.9,8.8
-45579.96352,7.5,12.4,9.2
-45579.97847,8.1,9.2,9.7
-45580.24443,8.3,9.3,9.2
-45580.61511,3.2,9.6,9.6
-45579.92471,5.1,12.2,9.6
-45580.13084,5.5,13.0,9.6
-45582.43295,5.9,5.8,9.6
-45579.99298,6.0,9.4,9.6
-45580.59304,6.5,6.5,9.6
-45580.07794,7.0,6.6,9.6
-45580.4786,7.4,6.1,9.6
-45579.94328,7.5,5.2,10.5
-45580.40608,3.9,9.5,9.4
-45580.3952,5.8,5.5,10.5
-45580.77999,6.4,4.8,10.5
-45579.95251,7.4,6.3,9.9
-45580.64826,9.1,9.0,9.6
-45579.95382,5.0,13.2,9.4
-45580.15334,5.4,12.0,9.4
-45580.05172,6.0,8.8,9.9
-45580.25148,6.2,8.9,9.4
-45580.17933,6.6,6.6,9.4
-45580.45786,6.8,12.3,9.4
-45582.57496,7.5,5.0,9.0
-45579.96984,8.8,8.6,10.3
-45579.9409,3.6,6.5,9.9
-45580.17632,4.3,5.5,9.0
-45580.43846,5.3,5.6,10.3
-45584.01522,5.8,4.9,9.0
-45580.71604,5.9,6.4,9.9
-45581.63261,6.5,5.9,9.9
-45580.05624,3.4,7.1,9.9
-45580.09937,4.7,5.9,10.0
-45580.11082,5.1,6.5,9.3
-45583.62906,5.5,4.8,8.9
-45580.39146,5.6,5.7,10.4
-45583.29085,6.4,5.4,9.0
-45582.76197,6.9,5.5,8.9
-45582.2082,7.1,5.7,9.0
-45580.21761,8.2,9.1,9.3
-45580.56022,8.7,9.0,9.4
-45580.34095,9.1,9.2,9.9
-45580.01143,3.8,8.3,8.9
-45581.1483,4.6,5.4,8.9
-45580.19609,5.0,4.8,10.4
-45580.04445,5.4,6.5,10.0
-45580.60252,5.9,12.1,9.3
-45580.36106,6.1,6.6,10.0
-45579.93711,6.1,8.0,10.4
-45580.18141,6.7,8.8,9.3
-45581.30921,6.8,5.8,10.0
-45580.81361,3.4,9.4,9.3
-45579.94811,6.4,13.0,10.0
-45580.68538,6.5,12.2,9.3
-45581.61067,7.8,5.1,8.9
-45579.93683,8.4,5.2,8.9
-45580.24031,3.4,10.1,9.3
-45580.46843,5.3,12.6,8.9
-45579.91675,5.9,11.4,9.3
-45580.95312,6.5,12.8,8.9
-45579.91842,6.6,11.6,10.0
-45582.45289,7.2,5.6,9.3
-45580.21666,7.9,4.9,10.0
-45580.06039,8.7,8.0,10.0
-45580.22372,9.1,8.2,9.3
-45580.40249,3.4,8.4,9.9
-45580.15424,3.9,8.5,10.0
-45580.11579,4.1,8.7,9.9
-45579.9405,4.6,8.7,9.3
-45580.37928,4.7,5.2,10.0
-45579.91588,5.0,6.3,10.4
-45582.64968,5.1,5.0,9.3
-45581.64384,5.4,5.0,10.0
-45579.91615,5.4,5.3,10.7
-45579.9266,5.6,8.4,10.0
-45579.91826,6.1,7.5,10.4
-45580.11066,6.8,5.0,10.7
-45581.86129,6.8,5.3,10.0
-45580.52627,6.9,6.0,8.9
-45579.99229,6.9,8.6,9.3
-45580.22204,7.4,13.2,8.9
-45580.2215,8.8,9.6,8.9
-45580.2688,9.1,9.9,9.9
-45582.54513,5.9,5.1,9.9
-45579.94579,5.9,5.2,10.8
-45580.24849,6.4,8.7,9.4
-45579.91333,3.8,9.3,10.3
-45580.22419,6.1,11.6,9.4
-45580.04459,6.3,11.7,9.9
-45579.97717,6.5,5.1,10.8
-45582.52834,6.5,5.2,9.9
-45580.74151,6.8,12.9,9.0
-45579.94259,8.6,8.8,10.3
-45580.83577,9.0,9.4,9.0
-45580.86884,3.3,8.6,9.2
-45580.64257,4.6,5.0,9.7
-45582.41354,5.0,5.2,9.2
-45580.34867,5.4,6.1,8.8
-45580.7332,5.6,12.7,9.0
-45580.00222,6.0,6.9,10.1
-45580.17103,6.1,9.0,9.0
-45581.32651,7.4,4.8,9.9
-45580.14972,7.5,13.0,8.8
-45580.96197,7.7,5.7,9.4
-45579.91243,8.8,10.7,9.7
-45580.59092,9.2,9.6,8.8
-45580.16692,3.4,9.0,10.1
-45580.22634,5.1,6.1,10.1
-45580.03296,5.4,8.7,9.2
-45582.59435,5.5,5.2,9.7
-45580.13991,6.3,8.5,9.7
-45580.15051,6.4,11.5,9.2
-45582.76641,6.9,5.1,9.7
-45579.97627,4.9,12.6,8.8
-45580.8659,5.8,12.9,8.8
-45580.51339,7.3,7.2,8.8
-45580.09511,7.9,5.8,8.8
-45579.98774,9.1,7.3,10.1
-45579.98859,3.4,7.8,9.6
-45580.01382,4.2,5.1,9.6
-45580.11105,5.8,6.0,10.5
-45580.04066,6.4,6.3,10.5
-45583.49895,6.5,5.0,9.6
-45580.93138,6.6,12.7,8.8
-45580.62546,7.8,5.5,9.7
-45580.08113,9.1,10.5,9.6
-45580.0197,5.7,11.6,9.6
-45583.2595,5.9,5.3,9.6
-45581.77098,7.4,5.4,9.6
-45580.64287,7.9,5.5,9.5
-45580.08071,8.1,5.7,9.6
-45581.19018,4.7,5.0,9.5
-45582.88913,5.4,5.2,9.5
-45579.92617,5.5,6.1,10.6
-45580.16661,6.2,8.5,9.5
-45583.39408,6.8,5.1,9.5
-45579.93359,6.9,6.2,10.6
-45580.0005,8.2,5.6,9.1
-45579.99081,3.9,9.1,10.2
-45580.0823,5.1,12.4,8.7
-45580.68464,5.5,12.8,8.7
-45580.81381,6.3,12.6,8.7
-45581.06532,7.4,5.9,8.7
-45581.13825,7.5,5.4,9.8
-45580.09737,8.0,5.7,9.8
-45579.92324,5.6,11.6,9.8
-45582.63318,5.8,5.3,9.8
-45580.05822,5.9,8.6,9.1
-45583.01292,6.4,5.0,9.8
-45579.98186,6.6,8.4,9.8
-45579.9805,8.7,9.4,10.2
-45580.65847,9.1,8.8,8.7
-45580.11729,3.5,7.8,9.8
-45580.68184,3.6,8.7,9.1
-45580.1318,3.9,8.5,9.4
-45580.07094,4.1,5.0,9.1
-45580.00482,4.3,5.1,9.8
-45581.06591,5.3,7.4,8.7
-45580.34385,6.9,6.0,10.3
-45580.09126,9.0,10.5,9.8
-45581.27393,4.7,5.2,9.4
-45581.34595,5.1,5.0,9.9
-45583.18904,5.4,5.0,9.4
-45580.11303,5.5,6.3,10.3
-45579.93384,6.9,8.6,9.9
-45580.11573,8.3,8.9,9.0
-45580.88263,3.5,9.2,9.0
-45580.23021,5.0,6.3,9.0
-45580.347,5.8,11.9,9.0
-45580.12563,6.6,9.0,9.0
-45580.19583,6.6,11.6,9.4
-45583.41538,6.8,5.3,9.4
-45580.53128,7.1,12.7,9.0
-45580.36077,9.1,8.2,9.9
-45580.19979,3.4,10.1,9.9
-45580.49185,3.8,9.3,8.9
-45580.00498,3.9,10.0,10.0
-45580.08448,6.3,9.1,8.9
-45580.34288,6.3,11.7,9.3
-45580.93111,6.4,12.4,9.0
-45580.71996,6.9,12.5,8.9
-45581.313,7.2,5.6,9.9
-45582.58181,7.4,4.8,9.3
-45580.28991,7.7,5.7,10.0
-45581.00184,7.9,4.9,9.4
-45580.58365,3.4,8.4,9.3
-45580.15343,4.1,8.7,9.3
-45580.15219,4.2,5.3,9.3
-45580.00143,4.3,8.6,10.0
-45579.98389,5.3,8.5,9.3
-45580.14735,5.8,6.2,10.4
-45583.9604,5.9,5.1,9.3
-45579.94851,6.1,11.6,10.0
-45580.24961,6.4,6.1,10.4
-45580.03316,6.4,8.7,10.0
-45583.911,6.5,5.2,9.3
-45580.34562,8.6,8.8,8.9
-45580.53742,9.1,9.9,9.3
-45580.53018,3.7,8.7,9.5
-45580.06266,5.8,8.6,9.5
-45580.65882,5.9,12.5,8.7
-45579.91879,8.3,5.6,9.5
-45579.98906,8.4,4.8,9.1
-45580.28671,8.7,9.9,9.5
-45580.29437,9.0,8.0,9.8
-45580.77235,3.4,9.0,8.7
-45580.1812,3.5,10.3,9.8
-45580.02284,6.4,11.5,9.8
-45581.21353,7.8,5.5,9.1
-45581.37328,4.6,5.0,9.1
-45580.42546,5.1,6.1,8.7
-45583.59871,5.5,5.2,9.1
-45580.06862,6.1,8.4,9.8
-45579.9319,6.3,8.5,9.1
-45583.78357,6.9,5.1,9.1
-45579.99504,8.3,9.8,9.8
-45580.50678,3.3,8.6,9.8
-45580.48708,3.6,8.7,9.7
-45580.48133,4.3,5.1,9.2
-45580.00068,4.4,8.4,9.1
-45581.29701,5.0,5.2,9.8
-45580.02286,5.1,8.7,9.1
-45580.31034,5.4,6.1,10.2
-45580.06408,6.2,6.8,10.2
-45580.56244,6.5,6.3,10.1
-45580.37764,6.8,6.2,10.2
-45580.21133,8.6,9.9,9.7
-45580.03615,9.2,9.6,10.2
-45580.01329,3.4,7.5,10.1
-45580.03145,4.9,8.5,9.2
-45583.73328,5.8,5.3,9.2
-45580.93152,5.9,6.0,10.1
-45580.11743,5.9,8.6,9.7
-45584.17976,6.4,5.0,9.2
-45580.25801,8.7,9.4,8.8
-45580.19544,9.1,8.8,10.1
-45579.92112,3.2,10.8,9.7
-45580.25361,3.9,9.1,8.8
-45580.35661,7.4,5.9,10.1
-45579.95914,8.2,5.6,9.7
-45580.69967,3.2,8.6,9.6
-45580.12185,3.8,10.2,9.7
-45580.15669,5.0,12.8,8.8
-45580.52423,5.4,12.4,8.8
-45579.91121,6.1,6.9,10.5
-45580.98176,6.1,12.7,8.8
-45579.91705,6.3,12.6,10.1
-45582.15733,7.5,5.4,9.2
-45580.21227,8.0,5.7,9.2
-45579.94358,8.3,8.3,9.2
-45580.82219,3.3,9.6,9.2
-45580.23231,3.4,10.3,9.6
-45580.35901,3.8,8.9,9.7
-45579.93842,4.4,9.4,9.7
-45581.98176,5.1,5.2,9.6
-45580.39519,5.4,13.0,9.2
-45580.01512,6.0,8.4,9.6
-45580.06273,6.5,11.5,9.6
-45579.91285,7.0,11.6,9.6
-45580.64207,7.5,6.1,9.2
-45580.29319,9.1,8.0,9.6
-45580.11938,3.4,8.0,10.1
-45580.10855,5.5,12.2,9.7
-45580.03547,5.7,8.8,9.7
-45579.99285,6.1,9.4,9.2
-45579.95061,6.3,9.5,9.7
-45580.12439,6.9,12.1,9.7
-45580.17278,7.1,6.6,9.2
-45580.7853,7.4,5.2,10.1
-45579.98015,8.2,8.5,10.1
-45579.94398,9.1,10.3,10.1
-45580.55862,9.2,8.6,8.8
-45580.01295,3.4,6.6,9.7
-45581.56508,4.9,5.6,8.8
-45582.24625,5.8,5.8,9.2
-45581.55024,5.9,5.5,10.1
-45582.01497,6.5,4.8,10.1
-45580.69405,6.6,5.7,8.8
-45579.94534,6.7,8.2,10.1
-45580.28343,8.6,9.2,9.7
-45580.88643,9.0,9.0,9.2
-45580.64823,3.4,8.8,9.6
-45579.92275,5.0,5.4,10.5
-45581.14341,5.1,5.9,9.6
-45580.25722,5.7,6.6,9.6
-45580.37216,5.9,12.3,9.6
-45580.41058,6.2,5.6,10.5
-45580.31529,6.5,12.0,9.6
-45580.08861,6.7,5.7,10.6
-45579.93832,7.4,12.4,9.6
-45580.07075,8.2,9.3,9.6
-45580.48208,8.7,9.2,9.5
-45580.42964,3.9,8.9,9.5
-45579.93157,4.5,9.4,9.5
-45580.89494,5.4,5.4,10.2
-45580.16639,5.4,12.2,9.5
-45580.0534,5.6,8.8,9.5
-45580.00256,6.2,8.3,10.2
-45580.00618,6.2,9.5,9.5
-45580.30786,6.8,12.1,9.5
-45579.97765,3.9,8.1,10.2
-45580.13707,4.7,4.8,10.2
-45580.72276,5.0,5.9,9.8
-45582.41309,5.1,5.4,8.7
-45581.09773,6.1,5.7,10.2
-45580.36773,6.3,5.6,8.7
-45581.4309,6.8,4.9,10.2
-45580.15441,6.9,6.4,9.1
-45580.17339,7.4,12.8,9.1
-45580.03869,8.1,9.2,9.1
-45580.05365,8.3,9.3,9.8
-45581.67054,5.5,5.9,9.1
-45580.0307,5.6,6.6,9.8
-45580.16091,5.8,12.3,9.8
-45580.17849,6.4,12.0,9.8
-45579.9124,6.6,9.4,9.8
-45580.03932,7.0,8.8,9.1
-45579.93348,7.9,5.3,10.2
-45580.03133,8.7,8.4,10.2
-45580.44357,3.5,8.8,9.8
-45580.45148,3.6,9.7,9.1
-45580.67746,5.9,13.1,9.1
-45580.64594,6.5,13.2,9.1
-45580.04695,7.8,6.0,9.1
-45579.94655,9.0,7.5,9.8
-45582.3929,5.3,5.6,8.9
-45580.94002,5.8,4.9,10.4
-45580.26713,5.9,6.4,9.3
-45580.79483,6.4,5.4,10.4
-45582.06288,6.5,5.9,9.3
-45580.29576,6.6,6.6,10.0
-45579.92453,6.6,8.0,10.4
-45580.24724,7.1,5.7,10.4
-45580.25443,7.2,12.6,9.3
-45580.17003,8.7,9.0,10.0
-45580.87144,9.1,9.2,9.3
-45580.08716,3.9,9.5,10.0
-45580.26655,6.0,8.8,9.3
-45579.98356,6.2,8.9,10.0
-45579.94526,6.8,12.3,10.0
-45580.45583,7.4,6.3,9.3
-45580.14201,7.5,5.0,10.4
-45580.47347,8.8,8.6,8.9
-45580.12474,9.2,7.7,10.0
-45580.31599,3.4,9.4,9.9
-45580.0286,4.1,9.7,9.9
-45579.92414,4.5,8.8,10.0
-45580.34301,5.5,13.2,9.3
-45580.52015,6.4,13.0,9.4
-45580.41187,6.9,13.1,9.3
-45580.05661,9.1,6.9,9.9
-45579.9703,3.5,9.9,9.0
-45582.65934,5.0,4.8,9.0
-45580.07428,5.9,12.1,9.9
-45580.0998,6.5,12.2,9.9
-45579.99597,6.7,8.8,9.9
-45579.94265,7.8,5.1,10.3
-45580.30415,8.5,8.7,9.0
-45580.32122,9.0,8.4,9.0
-45579.93818,3.8,8.3,10.3
-45580.26456,4.7,5.9,9.4
-45580.43108,5.4,6.5,9.4
-45580.99058,5.5,4.8,10.3
-45582.19031,5.6,5.7,9.0
-45579.9325,5.7,8.2,10.3
-45580.03706,6.1,6.6,9.4
-45580.31991,6.3,6.7,9.9
-45579.96383,6.3,8.1,10.3
-45582.43623,6.8,5.8,9.4
-45580.74137,6.9,5.5,10.3
-45580.03347,8.0,9.0,9.4
-45579.99205,8.2,9.1,9.9
-45580.17831,3.8,9.8,9.3
-45580.52238,5.5,13.2,8.9
-45580.11849,6.0,8.8,8.9
-45580.62627,6.9,13.1,8.9
-45580.87596,7.5,5.0,10.0
-45580.49781,8.8,8.6,9.3
-45582.51481,5.3,5.6,9.3
-45582.20092,5.8,4.9,10.0
-45580.05147,5.8,5.4,10.7
-45580.24842,6.4,4.9,10.7
-45582.05985,6.4,5.4,10.0
-45581.10563,7.1,5.7,10.0
-45580.44532,7.2,12.6,8.9
-45580.1647,7.4,6.3,8.9
-45580.94388,9.1,9.2,8.9
-45580.24683,3.5,8.2,10.0
-45580.2196,3.8,8.3,9.9
-45579.95492,4.1,5.4,9.3
-45580.30783,4.6,5.4,9.9
-45582.22444,5.0,4.8,9.4
-45580.06328,6.3,6.7,10.3
-45580.07392,6.5,5.9,8.9
-45580.01131,6.6,6.6,10.4
-45581.58842,6.8,5.8,9.0
-45580.09033,9.0,10.1,10.0
-45580.38058,4.7,5.9,9.0
-45579.93227,5.1,6.5,10.3
-45582.15174,5.5,4.8,9.9
-45582.6357,5.6,5.7,9.4
-45580.82599,6.4,13.0,9.0
-45581.86436,6.9,5.5,9.9
-45579.95635,3.4,9.4,10.3
-45580.48597,3.5,9.9,9.4
-45579.97856,3.6,10.6,9.9
-45580.80926,4.6,4.8,9.6
-45580.01957,5.4,5.9,10.5
-45582.67442,5.5,5.4,9.6
-45582.70654,6.0,5.7,9.6
-45579.95719,6.3,8.3,9.6
-45579.98508,6.8,6.4,10.5
-45583.09127,6.9,4.9,9.6
-45580.48694,7.8,5.1,9.9
-45580.22571,8.5,8.7,9.4
-45580.54098,9.0,8.4,9.4
-45580.86014,7.8,5.3,9.6
-45580.04475,8.6,8.4,9.6
-45580.33879,3.4,8.0,9.7
-45579.94432,4.2,4.9,9.7
-45581.66137,4.9,5.6,9.2
-45580.52777,5.2,7.2,8.8
-45580.33049,5.8,5.8,8.8
-45583.29266,6.5,4.8,9.7
-45582.61822,6.6,5.7,9.2
-45580.05817,8.6,9.2,10.1
-45580.85962,9.0,9.0,8.8
-45580.2368,9.1,10.3,9.7
-45580.57352,3.3,9.6,8.8
-45580.09703,3.8,8.9,10.1
-45580.56928,5.4,13.0,8.8
-45582.77832,5.9,5.5,9.7
-45579.98152,8.8,7.7,10.1
-45580.88149,9.2,8.6,9.2
-45579.93241,5.7,8.8,10.1
-45581.68214,7.4,5.2,9.7
-45580.53461,7.5,6.1,8.8
-45579.9934,7.5,8.7,9.2
-45579.96684,8.0,8.4,9.2
-45580.7177,5.9,13.1,8.7
-45581.02774,7.2,7.4,8.7
-45580.08553,7.8,8.6,9.1
-45580.39926,7.9,5.3,9.8
-45580.28785,8.7,8.4,9.8
-45580.07829,3.5,8.8,10.2
-45580.1601,5.0,5.9,10.2
-45581.98804,5.4,5.4,9.8
-45582.30211,6.1,5.7,9.8
-45580.01113,6.2,8.3,9.8
-45582.66068,6.3,5.6,9.1
-45580.61559,6.5,13.2,8.7
-45582.69601,6.8,4.9,9.8
-45579.92849,9.0,7.5,10.2
-45579.99761,4.4,5.7,9.1
-45580.73298,4.7,4.8,9.8
-45582.57519,5.1,5.4,9.1
-45580.24708,5.5,5.9,8.7
-45580.05457,5.6,6.6,10.2
-45580.24436,7.4,12.8,8.7
-45581.85273,7.5,5.2,9.5
-45579.98035,3.5,8.0,9.5
-45580.27625,4.3,4.9,9.5
-45580.98478,5.1,6.1,9.1
-45583.11893,5.8,5.5,9.5
-45580.07423,5.9,5.8,10.6
-45579.99699,6.1,8.4,10.2
-45583.79951,6.4,4.8,9.5
-45579.9243,6.5,6.5,10.6
-45583.45546,6.9,5.1,8.7
-45579.95877,7.4,12.2,9.1
-45580.14718,9.0,10.3,9.5
-45580.11428,3.3,8.6,10.2
-45580.48138,5.0,5.2,10.2
-45580.97158,5.4,6.1,9.8
-45583.27674,5.5,5.2,8.7
-45580.19405,6.2,6.8,9.8
-45579.94803,6.3,8.5,8.7
-45579.93758,7.6,8.8,9.1
-45580.41412,9.2,9.6,9.8
-45581.29808,4.6,5.0,8.7
-45579.93114,5.3,9.1,9.1
-45580.10135,5.8,12.9,9.8
-45580.88342,5.9,12.5,9.1
-45580.41665,6.5,11.8,9.1
-45580.16799,6.6,12.7,9.8
-45580.06563,6.7,9.2,9.1
-45581.0679,6.8,6.2,9.8
-45580.99456,7.8,5.5,8.7
-45580.00628,9.0,6.6,9.8
-45580.01455,9.0,8.0,10.2
-45580.95657,3.4,9.0,9.1
-45581.93898,5.8,6.0,9.5
-45580.3187,5.9,5.3,10.6
-45581.12787,6.4,6.3,9.5
-45580.45186,6.5,5.0,10.6
-45580.17088,7.9,5.8,9.8
-45580.68369,9.0,8.8,9.5
-45579.91006,5.0,12.4,9.5
-45580.18745,5.4,12.8,9.5
-45580.3215,5.9,12.9,9.6
-45580.11853,6.1,9.2,9.5
-45580.54078,6.2,12.6,9.5
-45580.32789,6.7,12.7,9.6
-45581.04956,6.9,6.2,9.6
-45579.95316,7.0,9.0,9.6
-45580.88146,7.5,5.9,9.5
-45580.43475,7.8,5.8,9.6
-45579.91204,9.1,6.6,9.6
-45580.03845,4.5,9.2,9.2
-45580.30763,5.4,5.2,10.5
-45581.28154,5.5,6.1,9.6
-45580.08436,5.5,12.8,9.7
-45580.03039,6.3,6.8,9.6
-45580.53466,6.8,5.1,10.5
-45579.98788,8.1,9.4,9.6
-45580.54401,3.9,9.1,9.2
-45580.04409,5.0,12.8,9.2
-45580.1336,5.6,9.0,9.2
-45580.03187,6.0,9.2,9.7
-45580.83103,6.1,12.7,9.2
-45580.32743,6.3,12.6,9.7
-45580.41842,6.8,11.9,9.2
-45580.96964,7.4,5.9,9.7
-45582.21041,7.5,5.4,8.8
-45579.98391,8.0,5.7,8.8
-45580.15535,3.6,8.7,10.1
-45580.46863,4.3,5.1,8.8
-45580.41539,5.4,12.4,9.2
-45581.8276,5.9,6.0,9.7
-45580.07498,6.2,9.3,9.2
-45581.15095,6.5,6.3,9.7
-45579.95794,8.6,9.9,10.1
-45579.92296,4.9,9.1,9.4
-45583.20079,5.8,5.3,8.8
-45579.99065,5.9,8.6,10.1
-45583.76658,6.4,5.0,8.8
-45579.91319,7.3,8.9,9.2
-45580.57447,8.7,9.4,9.2
-45580.56528,9.1,8.8,9.7
-45580.72584,3.5,9.2,9.4
-45580.65279,6.4,12.4,9.4
-45580.06964,6.5,12.8,9.9
-45580.27177,7.1,12.7,9.4
-45580.41092,7.2,5.6,10.3
-45581.32718,7.9,4.9,9.0
-45579.96306,9.1,8.2,10.3
-45581.65263,4.7,5.2,9.0
-45580.47411,5.1,5.0,10.3
-45580.56253,5.5,6.3,9.9
-45580.36234,5.8,11.9,9.4
-45580.20197,6.6,9.0,9.4
-45581.15377,6.9,6.0,9.9
-45580.00367,3.5,6.9,10.0
-45580.25889,3.9,8.5,9.0
-45580.20519,5.0,6.3,9.4
-45583.60826,5.4,5.0,9.0
-45579.954,5.6,8.4,9.0
-45583.91881,5.9,5.1,8.9
-45579.92298,6.0,7.8,10.3
-45583.74817,6.5,5.2,8.9
-45583.58378,6.8,5.3,9.0
-45579.97633,8.1,8.8,9.9
-45580.20647,8.3,8.9,9.4
-45580.03024,8.5,9.7,10.0
-45580.43934,8.6,8.8,9.3
-45580.2338,8.8,9.6,9.9
-45580.20917,9.0,9.4,10.0
-45580.21486,3.4,8.4,8.9
-45580.13798,4.1,8.7,8.9
-45580.15039,4.2,5.3,8.9
-45580.08944,4.4,9.0,9.3
-45580.00405,5.5,11.8,9.3
-45580.07687,5.7,9.2,9.3
-45580.80945,5.8,6.2,10.0
-45579.95009,6.1,9.0,10.0
-45580.19166,6.3,9.1,9.3
-45581.08041,6.4,6.1,10.0
-45580.50478,6.9,12.5,9.3
-45582.85342,7.4,4.8,8.9
-45580.03335,9.1,9.9,8.9
-45580.00021,3.6,10.5,9.6
-45580.56806,3.8,9.3,9.3
-45579.91611,4.2,9.8,9.6
-45580.45497,4.6,5.7,9.6
-45583.55886,6.0,4.8,9.6
-45579.9942,6.1,6.5,10.5
-45582.50231,6.9,5.6,9.6
-45580.3341,8.8,10.0,9.6
-45579.9463,3.6,7.3,10.1
-45582.58735,5.2,5.5,9.2
-45582.49448,6.5,5.7,9.7
-45584.03689,6.6,4.8,9.2
-45582.37621,7.0,5.4,9.7
-45580.30936,7.3,12.5,8.8
-45580.07797,8.5,9.2,8.8
-45582.21644,4.9,4.9,9.2
-45580.69118,5.3,5.8,10.1
-45580.26861,6.7,6.5,10.1
-45580.98137,7.1,5.9,8.8
-45581.72923,7.7,5.2,9.2
-45580.20569,8.1,5.0,9.7
-45580.47235,8.9,8.5,9.2
-45580.15569,3.2,10.4,9.7
-45580.83293,3.3,8.9,8.8
-45580.02638,3.8,9.6,10.1
-45580.42473,5.6,12.2,8.8
-45580.68766,6.1,13.2,8.8
-45580.00401,6.2,12.1,8.8
-45580.05337,7.6,6.1,10.1
-45580.18622,8.3,5.1,9.2
-45579.98247,3.5,9.7,10.2
-45580.52236,3.6,8.8,8.7
-45580.0283,3.7,10.5,9.8
-45579.93209,4.0,9.4,10.2
-45580.19128,5.3,12.3,8.7
-45580.65019,5.6,5.9,10.2
-45579.92028,5.9,8.9,8.7
-45580.33968,6.2,6.4,10.2
-45580.6186,7.0,13.0,8.7
-45583.07414,7.2,5.3,9.1
-45580.23008,7.3,6.0,10.2
-45580.10394,8.4,8.4,9.1
-45580.89875,9.1,8.7,9.1
-45579.91447,3.3,7.2,10.2
-45580.07776,3.3,10.4,9.5
-45580.7744,4.4,4.8,9.1
-45580.43585,4.7,5.7,9.8
-45583.4436,5.7,5.4,9.1
-45583.0716,6.1,4.8,9.8
-45584.18815,6.3,4.9,9.1
-45582.14729,6.8,5.6,9.8
-45579.98761,6.9,8.3,9.1
-45580.61767,8.0,5.0,9.5
-45580.44957,8.8,9.3,8.7
-45580.28528,8.9,10.0,9.8
-45580.25041,9.2,10.2,9.8
-45580.81018,3.2,9.5,8.9
-45580.19674,3.3,9.8,10.0
-45580.095,4.3,5.6,9.5
-45580.84989,6.0,13.0,8.9
-45580.74507,6.3,12.3,8.9
-45582.85595,6.4,5.7,9.5
-45579.92838,7.0,5.9,10.6
-45582.65526,7.1,5.4,9.5
-45579.93354,7.4,8.4,9.3
-45581.98543,7.6,5.0,9.3
-45580.05089,8.0,5.2,10.0
-45580.28366,8.2,5.3,9.3
-45580.04619,8.3,8.6,10.0
-45580.01803,3.6,8.2,9.3
-45581.46128,4.8,5.5,9.3
-45579.94944,5.2,6.4,10.4
-45580.26527,5.7,12.0,8.9
-45580.35833,6.6,5.9,10.4
-45579.96725,6.9,8.9,8.9
-45579.9901,8.1,8.7,9.3
-45583.16554,5.3,4.9,9.3
-45581.684,5.8,5.6,10.0
-45583.39798,6.2,5.5,9.4
-45580.02795,6.4,5.6,10.7
-45583.4846,6.7,5.4,9.3
-45581.64329,7.1,4.8,10.0
-45580.08441,8.4,9.0,8.9
-45580.84645,8.9,9.1,9.0
-45581.52192,5.5,5.7,9.9
-45583.55913,5.6,4.8,9.4
-45580.08253,5.7,6.5,10.3
-45580.00468,6.0,4.9,10.8
-45582.36308,6.0,5.4,9.9
-45580.47243,6.1,5.9,9.0
-45580.97233,9.2,9.3,9.0
-45580.59375,3.3,8.3,9.4
-45580.21231,3.6,9.9,9.9
-45580.65678,4.5,5.4,9.4
-45581.56309,5.0,5.7,9.4
-45580.72374,6.3,5.8,10.3
-45580.70812,6.6,12.2,9.0
-45582.62731,7.3,5.1,9.4
-45580.21789,8.6,8.7,9.9
-45580.10101,8.8,10.2,9.9
-45580.61397,3.7,9.4,9.0
-45580.03989,4.3,8.9,9.0
-45580.54565,5.8,12.6,9.4
-45579.91322,5.9,9.3,9.9
-45580.16556,6.4,8.8,9.0
-45579.99105,6.5,9.0,9.9
-45580.07158,6.7,12.4,9.9
-45579.91202,7.1,11.8,9.4
-45580.43133,7.1,13.2,9.0
-45580.71086,7.2,4.9,10.3
-45580.07061,7.2,6.2,10.3
-45580.67185,7.9,5.6,9.0
-45580.28666,3.6,9.2,9.9
-45580.40286,4.0,9.0,9.4
-45580.03443,4.2,9.1,9.9
-45581.12515,5.7,5.0,10.3
-45583.93344,6.1,5.2,9.0
-45580.03483,6.2,8.6,9.0
-45581.17408,6.3,5.3,10.3
-45580.53751,6.6,12.8,9.4
-45580.35197,7.3,6.4,9.4
-45580.01001,8.3,9.6,9.4
-45580.28966,8.8,8.9,9.9
-45579.98732,9.1,6.5,9.9
-45580.54163,9.2,9.8,9.0
-45580.02214,3.2,8.5,10.3
-45580.04539,4.5,8.7,9.0
-45580.95695,5.3,6.2,9.3
-45580.90451,5.6,6.3,9.4
-45581.28334,6.0,6.1,9.9
-45581.91343,6.2,6.0,9.4
-45580.3203,7.1,6.3,10.0
-45580.06055,3.5,7.6,10.0
-45580.33494,4.8,6.0,9.3
-45580.0002,4.9,5.3,10.4
-45580.36162,5.2,5.1,10.4
-45579.93105,6.4,7.8,10.4
-45580.85476,6.6,5.2,10.4
-45581.27669,6.7,6.1,9.3
-45580.03616,6.7,8.7,8.9
-45583.68226,7.0,5.0,8.9
-45580.11553,8.5,8.8,10.0
-45580.20314,8.6,9.7,9.3
-45579.99777,3.2,10.0,8.9
-45580.24853,3.3,9.3,10.0
-45579.98734,6.1,12.8,10.0
-45580.02893,6.2,12.5,10.0
-45580.65651,6.3,12.9,9.3
-45581.77569,7.4,5.7,8.9
-45579.93793,7.7,4.8,10.4
-45579.95067,8.9,6.7,10.0
-45580.54698,5.1,7.8,8.7
-45580.43756,5.5,12.7,9.3
-45580.67866,5.7,6.1,9.1
-45580.7465,6.0,12.4,9.3
-45581.09493,6.1,6.3,9.8
-45579.99722,7.6,13.0,9.1
-45580.44732,8.1,5.4,8.9
-45580.48408,9.2,8.9,9.8
-45580.01309,3.3,7.9,10.2
-45580.34545,3.7,9.0,9.8
-45580.19948,3.8,8.6,8.7
-45580.30338,4.1,9.2,9.1
-45579.97826,4.3,9.3,9.8
-45580.38763,5.3,12.9,9.1
-45581.22966,5.6,5.2,10.2
-45583.56309,6.0,5.0,8.7
-45581.62734,6.2,5.1,10.2
-45579.93831,6.8,8.5,10.2
-45579.93559,7.1,12.8,9.8
-45581.90353,7.2,5.8,9.1
-45580.35965,8.9,9.5,9.8
-45580.76057,3.3,9.1,9.5
-45579.94099,4.7,9.2,9.5
-45580.33488,5.6,12.4,9.5
-45579.97612,5.8,9.1,9.8
-45579.99591,6.4,9.2,9.8
-45580.88752,6.5,12.7,9.1
-45580.08714,6.6,11.8,9.8
-45579.95248,6.8,9.3,9.5
-45580.15924,7.0,5.2,10.6
-45580.55777,7.0,12.4,9.1
-45581.09001,7.1,6.1,9.5
-45580.56662,7.3,5.5,10.2
-45580.03575,7.3,12.3,9.5
-45579.97791,8.5,8.2,10.2
-45580.33928,8.5,9.4,9.5
-45580.58177,9.0,9.7,9.5
-45580.51791,3.6,9.0,9.6
-45580.12355,4.2,9.3,9.6
-45580.08291,5.3,12.5,9.6
-45579.9661,5.4,9.0,9.5
-45580.07208,5.9,9.1,9.6
-45580.74035,6.1,5.0,10.5
-45580.38653,6.2,11.9,9.5
-45580.06053,6.5,9.2,9.6
-45580.1665,6.7,11.8,9.6
-45580.15802,7.0,12.8,9.6
-45579.92251,5.5,9.0,9.7
-45581.19029,6.0,6.3,9.6
-45580.4338,6.1,11.8,9.2
-45580.23107,6.3,11.9,9.7
-45580.66593,6.8,12.6,9.2
-45580.41864,7.6,5.4,10.1
-45580.95443,8.0,4.8,8.8
-45580.12703,8.8,8.3,10.1
-45580.45784,8.8,9.5,9.6
-45580.59688,3.2,9.1,9.7
-45580.57509,5.6,12.8,9.2
-45580.22227,5.7,12.4,9.7
-45580.50705,7.7,5.9,9.2
-45580.33251,4.9,6.2,9.2
-45581.33514,5.2,6.0,9.2
-45581.08181,5.3,5.3,10.1
-45580.01196,6.5,8.4,10.1
-45581.80813,6.7,5.0,10.1
-45583.31203,7.1,5.2,8.8
-45580.009,7.2,12.3,9.7
-45580.14014,8.4,9.4,9.7
-45580.47624,9.1,9.7,9.7
-45580.62198,3.5,8.7,8.8
-45580.03597,3.6,7.8,10.1
-45579.98286,4.0,8.4,8.8
-45580.00648,4.2,8.5,10.1
-45580.39664,4.8,5.1,10.1
-45581.70997,4.9,5.1,9.5
-45582.37917,5.2,5.3,9.5
-45580.11483,6.1,11.5,9.5
-45580.00413,6.4,8.4,9.5
-45583.65357,6.6,5.0,9.5
-45580.15422,6.6,6.3,9.2
-45579.94529,6.7,6.3,10.6
-45581.17993,7.0,6.1,9.7
-45580.19924,7.3,13.1,9.2
-45581.18688,7.7,5.4,9.5
-45580.04076,8.3,4.9,9.5
-45580.31878,8.9,8.3,9.5
-45580.39597,9.2,8.1,9.5
-45580.31052,3.3,7.9,9.8
-45580.03291,3.7,9.0,10.2
-45580.39326,3.8,8.6,9.1
-45580.01897,4.0,10.1,9.8
-45580.49375,5.3,12.9,8.7
-45580.02988,5.8,11.7,9.8
-45580.88375,6.5,12.7,8.7
-45580.49438,7.0,12.4,8.7
-45581.16446,7.2,5.8,8.7
-45581.4685,7.3,5.5,9.8
-45580.02814,8.8,9.8,9.1
-45580.32721,4.5,5.0,9.8
-45582.46994,5.6,5.2,9.8
-45580.11379,5.7,8.7,9.1
-45584.17544,6.0,5.0,9.1
-45580.42616,6.1,6.3,10.2
-45582.99291,6.2,5.1,9.8
-45579.92124,6.8,8.5,9.8
-45580.00473,7.6,13.0,8.7
-45579.99791,8.9,9.5,10.2
-45580.11485,9.2,8.9,10.2
-45580.79403,3.5,8.7,9.2
-45580.07172,4.0,8.4,9.2
-45581.07433,4.8,5.1,9.7
-45580.01914,4.9,6.2,8.8
-45580.05481,5.2,8.6,9.2
-45582.13926,5.3,5.3,9.7
-45580.01271,6.5,8.4,9.7
-45583.07505,6.7,5.0,9.7
-45580.5181,7.0,6.1,10.1
-45583.30499,7.1,5.2,9.2
-45580.3426,7.3,13.1,8.8
-45579.9753,8.4,9.4,10.1
-45580.10146,9.1,9.7,10.1
-45580.99574,5.2,6.0,8.8
-45579.91697,6.3,11.9,10.1
-45580.80368,6.8,12.6,8.8
-45580.91682,8.0,4.8,9.2
-45580.0485,8.2,4.9,9.7
-45580.23329,3.2,7.9,9.6
-45580.19712,3.2,9.1,10.1
-45579.98501,3.3,10.2,9.2
-45580.3602,4.4,5.0,9.6
-45580.03187,5.6,6.1,10.5
-45580.7776,5.6,12.8,8.8
-45583.14512,5.7,5.2,9.6
-45580.03347,6.0,11.5,9.7
-45579.92301,6.1,7.6,10.5
-45580.06755,6.2,6.2,10.5
-45580.03172,6.2,11.4,9.2
-45583.52597,6.3,5.1,9.6
-45582.12788,7.2,5.5,9.6
-45581.10495,7.6,5.4,9.7
-45580.54499,7.7,5.9,8.8
-45580.31017,8.8,8.3,9.7
-45580.4333,3.2,8.5,9.9
-45580.05133,4.4,5.2,9.9
-45582.38845,5.7,5.0,9.9
-45580.15607,5.9,11.7,9.6
-45580.42172,6.0,6.1,10.3
-45580.06889,6.0,8.7,9.9
-45583.83729,6.1,5.2,9.4
-45579.95802,6.2,6.0,9.0
-45580.20774,6.2,8.6,9.4
-45580.01533,6.3,5.0,10.8
-45582.5162,6.3,5.3,9.9
-45579.93615,7.3,5.8,10.5
-45579.99059,7.7,13.2,9.0
-45579.96676,8.8,8.9,10.3
-45580.65025,9.2,9.8,9.4
-45580.02746,3.7,10.1,9.4
-45580.03371,4.9,12.9,9.0
-45580.00155,5.6,6.3,9.0
-45580.88148,5.8,12.6,9.0
-45580.88214,6.6,12.8,9.0
-45581.71996,7.2,4.9,9.9
-45580.63955,7.9,5.6,9.4
-45579.91523,3.3,9.3,10.4
-45579.95244,3.6,9.2,10.3
-45580.3339,4.0,9.0,9.0
-45580.9327,6.3,12.9,8.9
-45579.99575,6.5,11.6,9.9
-45580.1712,7.3,6.4,9.0
-45580.46341,3.2,10.0,9.3
-45580.22071,3.7,8.4,10.0
-45579.95184,4.8,8.6,9.3
-45580.67866,4.9,5.3,10.0
-45580.68861,5.5,12.7,8.9
-45580.85773,6.0,12.4,8.9
-45580.00751,7.1,6.3,10.4
-45581.79497,7.4,5.7,9.3
-45580.54913,7.7,4.8,10.0
-45580.43725,8.1,5.4,9.3
-45580.19765,8.9,8.1,10.0
-45580.30197,9.2,8.3,10.0
-45580.46662,4.8,6.0,8.9
-45581.26641,5.2,5.1,10.0
-45580.53241,5.3,6.2,8.9
-45580.00074,5.8,8.5,10.0
-45580.16536,6.6,5.1,10.7
-45582.12152,6.6,5.2,10.0
-45580.09587,6.7,8.7,9.3
-45583.48801,7.0,5.0,9.3
-45580.48058,7.0,6.5,9.3
-45579.92054,3.5,6.5,10.0
-45581.61466,4.8,5.5,8.9
-45579.99639,5.2,6.4,10.0
-45583.42227,5.3,4.9,8.9
-45580.55903,5.8,5.6,10.4
-45581.31266,6.6,5.9,10.0
-45580.60392,7.1,4.8,10.4
-45579.92597,7.8,9.3,9.3
-45580.88273,3.2,9.5,9.3
-45579.93151,4.6,8.8,9.3
-45580.38843,4.9,5.8,10.0
-45580.59893,6.0,13.0,9.3
-45580.02162,6.1,12.2,10.0
-45579.93472,6.2,13.1,10.0
-45583.08836,6.7,5.4,8.9
-45579.93198,8.1,8.7,8.9
-45580.31048,8.2,5.3,8.9
-45580.35614,8.4,9.0,9.3
-45579.96685,8.9,7.4,10.0
-45580.57244,3.7,9.4,9.4
-45580.10723,4.1,8.8,9.9
-45580.02693,5.2,12.1,9.4
-45580.43686,5.7,12.0,9.3
-45579.91486,5.8,9.5,9.4
-45580.76424,6.3,12.3,9.3
-45580.27418,6.4,8.8,9.4
-45580.54702,6.6,12.2,9.4
-45580.09262,6.9,8.9,9.3
-45579.93884,7.0,12.0,9.9
-45580.19618,7.1,13.2,9.4
-45580.46195,7.2,6.2,9.9
-45583.08428,7.3,5.1,9.0
-45582.29584,7.6,5.0,8.9
-45579.95121,7.9,8.5,9.0
-45579.94543,8.6,8.7,10.3
-45580.1213,9.1,7.6,9.9
-45580.01596,9.2,6.8,10.0
-45580.09042,4.3,8.9,9.4
-45580.54144,5.5,5.7,10.3
-45583.79893,5.6,4.8,9.0
-45581.06235,6.0,5.4,10.3
-45579.97746,6.7,13.0,9.9
-45580.09245,3.2,7.0,9.9
-45580.12004,3.3,8.3,9.0
-45580.86145,4.5,5.4,9.0
-45581.67539,5.0,5.7,9.0
-45580.39304,5.7,6.5,9.9
-45582.77499,6.2,5.5,9.0
-45581.86822,6.3,5.8,9.9
-45580.13996,6.8,6.7,9.4
-45580.69804,8.9,9.1,9.4
-45580.8411,9.2,9.3,9.4
-45579.91145,3.2,10.4,10.1
-45580.02062,5.4,8.8,9.2
-45580.53388,5.6,12.2,9.2
-45580.23984,6.0,12.0,9.7
-45582.26454,6.1,5.9,9.4
-45580.72592,6.2,12.1,9.2
-45581.85845,7.7,5.2,8.8
-45580.15288,8.3,5.1,8.8
-45580.35514,8.9,8.5,8.8
-45580.97763,3.3,8.9,9.2
-45580.32053,3.8,9.6,9.7
-45582.46736,5.2,5.5,8.8
-45580.13462,5.7,13.0,9.7
-45580.61197,6.1,13.2,9.2
-45580.06258,7.6,6.1,9.7
-45579.97756,7.9,9.1,9.2
-45579.9774,4.1,8.2,10.1
-45582.38318,4.9,4.9,8.8
-45581.56949,5.3,5.8,9.7
-45581.36024,6.5,5.7,10.1
-45583.42073,6.6,4.8,8.8
-45580.44638,6.7,6.5,9.7
-45581.24428,7.0,5.4,10.1
-45580.16161,7.0,12.2,9.6
-45581.74552,7.1,5.9,9.2
-45579.93291,7.2,12.9,9.7
-45580.08921,7.3,5.3,10.5
-45580.20193,7.3,12.5,9.2
-45580.46228,8.5,9.2,9.2
-45580.54147,3.4,9.7,9.6
-45580.18625,4.1,9.4,9.6
-45581.68957,5.2,5.8,9.5
-45579.99691,5.3,13.1,9.6
-45580.35413,5.6,5.4,10.5
-45582.05428,5.7,5.9,9.6
-45580.77867,6.2,4.9,10.5
-45580.96691,6.3,6.4,9.6
-45580.2122,6.7,13.2,9.6
-45581.17902,7.2,6.0,9.6
-45580.01701,7.3,12.9,9.5
-45580.34263,3.9,9.6,9.5
-45580.64339,4.4,4.8,8.7
-45579.98449,4.7,5.7,10.2
-45579.95871,5.3,5.5,10.6
-45580.274,5.6,13.0,9.5
-45580.43031,6.1,12.0,9.5
-45580.90272,6.2,6.4,9.8
-45580.4648,6.6,6.5,9.5
-45580.41139,6.7,4.8,10.6
-45579.91081,8.9,10.0,10.2
-45580.05515,3.3,7.2,9.8
-45580.36559,3.5,9.7,9.8
-45580.75995,3.6,8.8,9.1
-45581.58678,5.6,5.9,9.8
-45582.44748,5.7,5.4,8.7
-45581.72221,6.1,4.8,10.2
-45583.3516,6.3,4.9,8.7
-45580.99885,6.8,5.6,10.2
-45580.51867,7.0,13.0,9.1
-45580.82092,7.3,6.0,9.8
-45580.71601,8.8,9.3,9.1
-45580.16085,4.0,9.4,9.8
-45580.34689,5.3,12.3,9.1
-45580.87238,5.8,12.7,9.0
-45580.21089,5.9,8.9,9.1
-45579.92303,6.5,9.4,9.1
-45580.05239,6.6,13.2,9.8
-45580.57928,6.7,12.0,9.1
-45579.98936,7.1,12.2,9.8
-45582.87664,7.2,5.3,8.7
-45580.54699,9.1,8.7,8.7
-45579.94106,3.6,9.3,10.3
-45580.20201,3.7,10.0,9.4
-45580.34951,4.0,9.1,9.0
-45580.02117,4.9,12.8,9.0
-45582.34672,5.7,5.1,9.9
-45583.72306,6.1,5.3,9.4
-45580.2557,6.2,8.7,9.4
-45580.02173,6.5,11.7,9.9
-45580.83773,6.6,12.9,9.0
-45581.7365,7.2,4.8,9.9
-45580.47201,7.9,5.7,9.4
-45580.5785,9.2,9.9,9.4
-45580.42556,3.2,8.4,9.9
-45580.22391,3.7,8.5,10.0
-45580.04416,4.4,5.3,9.9
-45580.70775,4.9,5.2,10.0
-45580.26262,5.6,6.2,9.0
-45580.51217,6.0,6.0,10.3
-45580.07399,6.0,8.6,9.9
-45580.00135,6.3,5.1,10.8
-45582.60199,6.3,5.2,9.9
-45580.04745,6.7,6.0,8.9
-45580.02975,7.1,6.2,10.4
-45580.38465,7.2,13.2,8.9
-45579.9704,8.8,8.8,10.3
-45580.22919,4.8,6.1,8.9
-45579.91787,4.8,8.7,9.3
-45581.29819,5.2,5.0,10.0
-45580.21824,5.3,6.3,8.9
-45579.99671,5.8,8.4,10.0
-45580.98102,6.3,12.8,8.9
-45580.18793,6.6,5.0,10.7
-45582.04717,6.6,5.3,10.0
-45580.03398,6.7,8.6,9.3
-45583.44255,7.0,5.1,9.3
-45580.32051,3.2,10.1,9.3
-45580.25355,3.3,7.8,9.8
-45579.92609,3.3,9.2,10.4
-45580.42324,3.8,8.7,9.1
-45580.31386,4.5,5.1,9.8
-45580.67691,5.5,12.6,8.9
-45580.93822,6.0,12.5,8.9
-45582.02005,7.4,5.6,9.3
-45580.53822,7.7,4.9,10.0
-45580.36373,8.1,5.5,9.3
-45580.16522,8.9,8.0,10.0
-45580.27884,9.2,8.2,10.0
-45582.39625,5.6,5.3,9.8
-45580.07188,5.7,8.6,9.1
-45584.12322,6.0,5.1,9.1
-45580.53326,6.1,6.2,10.2
-45583.0435,6.2,5.0,9.8
-45579.98937,7.6,13.1,8.7
-45580.00993,8.9,9.4,10.2
-45580.12005,9.2,8.8,10.2
-45580.02468,3.7,9.1,10.2
-45580.06269,4.0,10.0,9.8
-45580.49253,5.3,12.8,8.7
-45579.99303,5.8,11.6,9.8
-45580.53643,7.0,12.5,8.7
-45580.8608,7.2,5.9,8.7
-45581.74464,4.9,5.0,9.5
-45582.44945,5.2,5.2,9.5
-45580.12271,6.4,8.5,9.5
-45580.80481,6.5,12.6,8.7
-45583.60671,6.6,5.1,9.5
-45579.95642,6.7,6.2,10.6
-45581.54835,7.3,5.4,9.8
-45579.94336,8.5,8.3,9.8
-45580.22127,9.2,8.0,9.5
-45580.1019,5.9,11.6,9.6
-45580.03196,6.1,11.4,9.5
-45583.57291,6.3,5.0,9.6
-45582.23145,7.2,5.4,9.6
-45579.919,7.3,5.9,10.5
-45581.11278,7.7,5.5,9.5
-45580.03496,8.3,4.8,9.5
-45580.17832,8.9,8.2,9.5
-45580.10071,3.2,7.8,9.6
-45580.34672,4.4,5.1,9.6
-45580.05998,5.6,6.0,10.5
-45583.06475,5.7,5.3,9.6
-45579.92242,6.1,7.7,10.5
-45580.04307,6.2,6.3,10.5
-45580.8323,6.8,12.7,8.8
-45580.93622,8.0,4.9,9.2
-45580.04993,8.2,4.8,9.7
-45580.20879,3.2,9.0,10.1
-45582.20553,5.3,5.2,9.7
-45579.9525,5.5,11.7,9.7
-45580.75205,5.6,12.9,8.8
-45579.97956,6.0,11.4,9.7
-45580.11901,6.2,11.5,9.2
-45580.09191,6.5,8.5,9.7
-45583.0299,6.7,5.1,9.7
-45581.03914,7.6,5.5,9.7
-45580.76218,7.7,5.8,8.8
-45580.20503,8.8,8.2,9.7
-45580.70702,3.5,8.6,9.2
-45579.9549,3.6,7.9,9.7
-45580.14822,4.0,8.5,9.2
-45581.09867,4.8,5.0,9.7
-45580.66835,5.2,6.1,8.8
-45580.00514,5.2,8.7,9.2
-45580.79568,6.2,4.8,10.5
-45580.63566,7.0,6.0,10.1
-45583.19845,7.1,5.3,9.2
-45580.36368,7.3,13.0,8.8
-45579.96196,8.4,9.5,10.1
-45580.11409,9.1,9.6,10.1
-45580.56482,3.4,9.6,9.6
-45580.17503,4.1,9.5,9.6
-45580.00845,5.3,13.0,9.6
-45580.30229,5.6,5.5,10.5
-45582.2764,5.7,5.8,9.6
-45580.72069,6.3,6.5,9.6
-45580.18427,7.0,12.3,9.6
-45580.86224,7.2,6.1,9.6
-45580.11903,7.3,5.2,10.5
-45580.01395,4.1,8.3,10.1
-45582.71063,5.2,5.4,8.8
-45581.4792,6.5,5.6,10.1
-45583.66774,6.6,4.9,8.8
-45580.71471,6.7,6.4,9.7
-45581.16648,7.0,5.5,10.1
-45582.0673,7.1,5.8,9.2
-45579.95324,7.2,12.8,9.7
-45580.18787,7.3,12.4,9.2
-45579.9338,7.9,9.0,9.2
-45580.42132,8.5,9.3,9.2
-45580.96267,3.3,8.8,9.2
-45582.35284,4.9,4.8,8.8
-45581.391,5.3,5.9,9.7
-45580.00238,5.4,8.9,9.2
-45580.57481,5.6,12.3,9.2
-45580.26921,6.0,12.1,9.7
-45580.64005,6.2,12.0,9.2
-45579.92878,6.8,9.4,9.2
-45581.76677,7.7,5.3,8.8
-45580.17301,8.3,5.0,8.8
-45580.21835,8.9,8.4,8.8
-45580.80692,3.6,8.9,9.1
-45580.31112,3.8,9.7,9.7
-45580.11218,5.7,13.1,9.7
-45580.17862,6.3,13.2,9.7
-45580.49279,7.0,13.1,9.1
-45580.34311,7.6,6.0,9.7
-45580.37441,3.5,9.6,9.8
-45580.15385,4.0,9.5,9.8
-45579.96243,4.2,9.4,9.1
-45580.30155,5.3,12.2,9.1
-45580.60133,7.3,6.1,9.8
-45580.66835,4.4,4.9,8.7
-45580.00834,4.7,5.6,10.2
-45581.75451,5.6,5.8,9.8
-45581.82491,5.7,5.5,8.7
-45580.19366,5.9,8.8,9.1
-45580.71058,6.2,6.5,9.8
-45580.63159,6.7,12.1,9.1
-45579.99669,7.1,12.3,9.8
-45583.052,7.2,5.2,8.7
-45580.41087,9.1,8.6,8.7
-45580.06164,3.3,7.3,9.8
-45580.28768,3.9,9.7,9.5
-45581.40689,5.2,5.9,9.5
-45580.25344,5.6,13.1,9.5
-45581.69682,6.1,4.9,10.2
-45580.47359,6.1,12.1,9.5
-45580.37063,6.2,13.2,9.5
-45582.95017,6.3,4.8,8.7
-45580.90444,6.8,5.7,10.2
-45580.03021,7.3,12.8,9.5
-45580.13249,7.7,6.0,9.5
-45580.74352,8.8,9.2,9.1
-45580.91576,3.2,9.4,9.3
-45579.92553,4.6,8.9,9.3
-45579.98945,5.3,5.4,10.6
-45580.56404,6.0,13.1,9.3
-45580.02646,6.1,12.3,10.0
-45579.95499,6.2,13.0,10.0
-45580.71882,6.6,6.4,9.5
-45580.40043,6.7,4.9,10.6
-45579.93232,7.7,6.2,10.0
-45579.98245,8.1,8.6,8.9
-45579.98676,8.9,7.5,10.0
-45580.04471,3.6,8.3,8.9
-45581.79104,4.8,5.4,8.9
-45580.49258,5.7,12.1,9.3
-45580.72696,6.3,12.2,9.3
-45581.46319,6.6,5.8,10.0
-45580.03129,6.9,8.8,9.3
-45580.63548,7.0,6.4,9.3
-45582.26363,7.6,5.1,8.9
-45579.96078,7.8,9.2,9.3
-45580.39329,8.2,5.2,8.9
-45580.03254,9.2,6.9,10.0
-45579.93274,4.4,5.8,9.9
-45580.3113,4.9,5.9,10.0
-45583.37024,5.3,4.8,8.9
-45579.96278,5.4,8.3,9.0
-45580.61449,5.5,5.6,10.3
-45583.87136,5.6,4.9,9.0
-45580.48539,5.8,5.7,10.4
-45580.97819,6.0,5.5,10.3
-45583.27848,6.2,5.4,9.0
-45582.60892,6.7,5.5,8.9
-45580.5901,7.1,4.9,10.4
-45580.38236,8.4,9.1,9.3
-45580.09378,3.2,7.1,9.9
-45580.6972,4.5,5.5,9.0
-45581.93935,5.0,5.6,9.0
-45579.98301,5.2,12.0,9.4
-45580.57693,5.7,6.4,9.9
-45579.98348,5.8,9.4,9.4
-45582.59434,6.1,5.8,9.4
-45581.69447,6.3,5.9,9.9
-45580.26141,6.4,8.9,9.4
-45580.57339,6.6,12.3,9.4
-45580.2765,6.8,6.6,9.4
-45583.12667,7.3,5.0,9.0
-45580.70369,8.9,9.0,9.4
-45580.85312,9.2,9.2,9.4
-45580.55253,3.7,9.5,9.4
-45580.10048,4.1,8.9,9.9
-45580.00439,4.3,8.8,9.4
-45579.95989,6.7,13.1,9.9
-45579.95282,7.0,12.1,9.9
-45580.23088,7.2,6.3,9.9
-45579.94575,8.6,8.6,10.3
-45580.1573,9.1,7.7,9.9
-45580.19043,3.6,8.3,9.3
-45579.93538,4.0,8.1,10.0
-45581.55932,4.8,5.4,9.3
-45579.92858,5.2,6.5,10.4
-45580.43312,6.6,5.8,10.4
-45583.2856,6.7,5.5,9.3
-45580.12395,8.4,9.1,8.9
-45579.9256,8.5,10.2,10.0
-45580.86786,3.2,9.4,8.9
-45583.16413,5.3,4.8,9.3
-45581.55527,5.8,5.7,10.0
-45580.77248,6.0,13.1,8.9
-45579.98977,6.4,5.7,10.7
-45581.62554,7.1,4.9,10.0
-45580.0385,8.0,5.3,10.0
-45580.17351,3.3,9.9,10.0
-45580.23058,3.6,9.8,9.9
-45580.4811,5.7,12.1,8.9
-45580.57635,6.3,12.2,8.9
-45580.17398,6.4,8.9,9.0
-45580.80307,6.6,12.3,9.0
-45579.98014,6.9,8.8,8.9
-45582.6646,7.3,5.0,9.4
-45579.96043,7.4,8.5,9.3
-45581.95163,7.6,5.1,9.3
-45579.98552,8.1,8.6,9.3
-45580.32254,8.2,5.2,9.3
-45580.04239,8.3,8.7,10.0
-45580.22335,8.6,8.6,9.9
-45580.5177,3.7,9.5,9.0
-45580.07495,4.3,8.8,9.0
-45581.65116,5.5,5.6,9.9
-45583.56012,5.6,4.9,9.4
-45580.12901,5.7,6.4,10.3
-45580.00604,6.0,4.8,10.8
-45582.25026,6.0,5.5,9.9
-45580.98431,6.1,5.8,9.0
-45583.58724,6.2,5.4,9.4
-45580.03912,7.2,6.3,10.3
-45580.85214,8.9,9.0,9.0
-45580.99602,9.2,9.2,9.0
-45580.09182,3.2,10.5,9.7
-45580.43233,3.3,8.2,9.4
-45580.58842,4.5,5.5,9.4
-45581.74268,5.0,5.6,9.4
-45580.57732,5.6,12.3,8.8
-45579.91232,6.0,12.1,10.1
-45580.62863,6.3,5.9,10.3
-45581.66095,7.7,5.3,9.2
-45580.19531,8.1,5.1,9.7
-45580.19971,8.3,5.0,9.2
-45580.0643,8.8,10.3,9.9
-45580.34426,8.9,8.4,9.2
-45580.77113,3.3,8.8,8.8
-45579.94117,3.6,7.2,10.1
-45580.01168,3.8,9.7,10.1
-45579.9434,6.3,11.3,9.7
-45582.6719,6.5,5.6,9.7
-45584.08331,6.6,4.9,9.2
-45580.26753,7.3,12.4,8.8
-45580.1028,7.6,6.0,10.1
-45579.96176,8.5,9.3,8.8
-45582.21211,4.9,4.8,9.2
-45582.73626,5.2,5.4,9.2
-45580.58996,5.3,5.9,10.1
-45579.91002,6.5,7.0,10.1
-45580.36495,6.7,6.4,10.1
-45582.26384,7.0,5.5,9.7
-45581.32093,7.1,5.8,8.8
-45579.9673,8.4,10.0,9.7
-45580.08066,3.6,10.4,9.6
-45580.53707,4.6,5.6,9.6
-45583.54738,6.0,4.9,9.6
-45580.01918,6.1,6.4,10.5
-45582.32783,6.9,5.7,9.6
-45580.26449,8.8,10.1,9.6
-45579.96791,3.3,10.5,9.5
-45580.02562,4.3,5.7,9.5
-45579.95384,6.2,11.3,9.5
-45583.08286,6.4,5.6,9.5
-45579.94885,7.0,5.8,10.6
-45582.52837,7.1,5.5,9.5
-45580.59885,8.0,5.1,9.5
-45579.92442,3.3,7.3,10.2
-45580.79885,4.4,4.9,9.1
-45580.50337,4.7,5.6,9.8
-45580.753,5.6,5.8,10.2
-45583.16031,5.7,5.5,9.1
-45583.054,6.1,4.9,9.8
-45580.26263,6.2,6.5,10.2
-45584.08845,6.3,4.8,9.1
-45581.99604,6.8,5.7,9.8
-45579.9287,6.9,8.2,9.1
-45580.50114,8.8,9.2,8.7
-45580.2505,8.9,10.1,9.8
-45580.19886,9.2,10.3,9.8
-45579.99629,3.5,9.6,10.2
-45580.59656,3.6,8.9,8.7
-45579.91766,4.0,9.5,10.2
-45580.55404,7.0,13.1,8.7
-45583.18423,7.2,5.2,9.1
-45580.16198,7.3,6.1,10.2
-45580.1676,8.4,8.5,9.1
-45580.80464,9.1,8.6,9.1
-45580.76663,3.3,9.0,9.5
-45580.07591,3.7,10.4,9.8
-45579.96772,5.3,12.2,8.7
-45580.34581,5.6,12.5,9.5
-45579.95484,5.9,8.8,8.7
-45579.99761,6.8,9.2,9.5
-45580.33659,3.7,9.1,9.8
-45580.26286,4.1,9.3,9.1
-45579.98835,4.3,9.2,9.8
-45580.39267,5.3,12.8,9.1
-45579.9433,5.4,9.1,9.5
-45580.32621,6.2,11.8,9.5
-45580.12504,7.0,5.3,10.6
-45581.39605,7.1,6.0,9.5
-45579.91512,7.1,12.9,9.8
-45581.64029,7.2,5.9,9.1
-45580.02047,7.3,12.2,9.5
-45580.31703,8.5,9.5,9.5
-45580.61208,9.0,9.6,9.5
-45581.05749,5.7,6.0,9.1
-45579.9984,5.8,9.0,9.8
-45581.29916,6.1,6.2,9.8
-45579.96445,6.4,9.3,9.8
-45580.91291,6.5,12.6,9.1
-45580.11505,6.6,11.9,9.8
-45580.5703,7.0,12.5,9.1
-45580.62096,7.3,5.4,10.2
-45580.01196,7.6,13.1,9.1
-45579.98904,8.5,8.3,10.2
-45580.49135,9.2,8.8,9.8
-45579.99276,3.3,7.8,10.2
-45580.21913,3.8,8.7,8.7
-45580.11378,4.9,6.3,9.2
-45581.17058,5.6,5.3,10.2
-45583.51745,6.0,5.1,8.7
-45581.67543,6.2,5.0,10.2
-45581.76287,6.7,5.1,10.1
-45579.94262,6.8,8.4,10.2
-45583.13468,7.1,5.3,8.8
-45580.13544,8.4,9.5,9.7
-45580.36458,8.9,9.4,9.8
-45580.48596,9.1,9.6,9.7
-45580.45589,3.5,8.6,8.8
-45580.06165,3.6,7.9,10.1
-45580.08751,4.0,8.5,8.8
-45580.00001,4.2,8.4,10.1
-45580.41116,4.8,5.0,10.1
-45581.1023,5.2,6.1,9.2
-45581.13281,5.3,5.2,10.1
-45580.19355,6.3,11.8,9.7
-45580.01018,6.5,8.5,10.1
-45580.46541,6.6,6.2,9.2
-45580.64866,6.8,12.7,9.2
-45581.42781,7.0,6.0,9.7
-45579.99461,7.2,12.2,9.7
-45580.20367,7.3,13.0,9.2
-45580.3766,7.6,5.5,10.1
-45580.11134,8.8,8.2,10.1
-45580.60466,3.2,9.0,9.7
-45580.55638,5.6,12.9,9.2
-45580.22029,5.7,12.5,9.7
-45580.53746,6.1,11.9,9.2
-45580.75504,7.7,5.8,9.2
-45580.97261,8.0,4.9,8.8
-45580.51121,3.6,9.1,9.6
-45580.13455,4.2,9.2,9.6
-45580.08254,5.3,12.4,9.6
-45581.08142,5.7,5.1,10.3
-45580.10623,5.9,9.0,9.6
-45581.4542,6.0,6.2,9.6
-45579.91158,6.0,8.6,10.3
-45580.70245,6.1,5.1,10.5
-45580.10827,6.2,8.7,9.0
-45581.24164,6.3,5.2,10.3
-45580.02461,6.5,9.3,9.6
-45580.20645,6.7,11.9,9.6
-45580.13869,7.0,12.9,9.6
-45580.29888,8.8,8.8,9.9
-45580.46073,8.8,9.4,9.6
-45580.36638,9.2,9.9,9.0
-45580.01018,3.2,8.4,10.3
-45580.09169,4.5,8.6,9.0
-45579.99148,5.0,8.5,9.0
-45580.03371,5.4,6.8,9.4
-45581.11849,5.6,6.2,9.4
-45579.93464,5.9,9.2,9.9
-45581.46683,6.0,6.0,9.9
-45583.67055,6.1,5.3,9.0
-45581.5603,6.2,6.1,9.4
-45580.06839,6.7,12.5,9.9
-45580.07914,7.1,11.9,9.4
-45580.72669,7.2,4.8,10.3
-45580.41648,7.9,5.7,9.0
-45580.27872,3.6,9.3,9.9
-45580.40211,4.0,9.1,9.4
-45580.04317,4.2,9.0,9.9
-45580.52951,5.8,12.7,9.4
-45579.96931,6.1,12.9,10.0
-45579.96475,6.5,9.1,9.9
-45580.51182,6.6,12.9,9.4
-45580.20339,7.3,6.5,9.4
-45579.94364,9.1,6.4,9.9
-45580.25791,3.3,9.2,10.0
-45580.74828,6.0,12.5,9.3
-45580.03274,6.2,12.4,10.0
-45580.69855,6.3,12.8,9.3
-45582.03637,7.4,5.6,8.9
-45579.93779,7.7,4.9,10.4
-45579.93242,8.0,5.8,10.0
-45580.26818,8.1,5.5,8.9
-45579.92978,8.9,6.6,10.0
-45580.08927,3.5,7.7,10.0
-45580.02348,4.9,5.2,10.4
-45580.76158,5.3,6.3,9.3
-45580.44098,5.5,12.6,9.3
-45581.68728,6.7,6.0,9.3
-45579.92335,6.8,9.0,10.0
-45583.63322,7.0,5.1,8.9
-45580.46954,7.1,6.2,10.0
-45580.20506,7.2,13.2,9.3
-45580.11007,8.5,8.9,10.0
-45580.34759,8.6,9.6,9.3
-45580.10262,3.8,8.8,10.1
-45580.14426,4.8,6.1,9.3
-45580.38903,5.2,5.0,10.4
-45580.51945,5.4,13.1,8.8
-45579.93504,6.4,7.9,10.4
-45580.79686,6.6,5.3,10.4
-45579.97313,6.7,8.6,8.9
-45580.59459,6.8,13.2,8.8
-45579.95541,8.8,7.6,10.1
-45580.94374,9.2,8.7,9.2
-45580.43673,3.3,9.7,8.8
-45579.91644,5.7,8.9,10.1
-45581.62791,7.4,5.3,9.7
-45580.82511,7.5,6.0,8.8
-45580.0463,7.5,8.6,9.2
-45580.04068,8.0,8.5,9.2
-45580.42423,3.4,8.1,9.7
-45579.94054,4.2,4.8,9.7
-45581.39237,4.9,5.7,9.2
-45580.58796,5.2,7.3,8.8
-45583.27772,6.5,4.9,9.7
-45582.98902,6.6,5.6,9.2
-45580.0479,8.6,9.3,10.1
-45580.86065,9.0,9.1,8.8
-45580.29681,9.1,10.2,9.7
-45579.92272,3.4,6.7,10.1
-45582.90629,5.9,5.4,9.7
-45580.14118,3.5,8.1,9.5
-45580.27463,4.3,4.8,9.5
-45580.79872,4.6,4.9,9.6
-45580.05525,5.4,5.8,10.5
-45582.54898,5.5,5.5,9.6
-45583.26692,5.8,5.4,9.5
-45580.0317,5.9,5.9,10.6
-45582.90306,6.0,5.6,9.6
-45583.7975,6.4,4.9,9.5
-45579.93972,6.5,6.4,10.6
-45579.9616,6.8,6.5,10.5
-45583.10277,6.9,4.8,9.6
-45580.90025,7.8,5.2,9.6
-45580.17331,8.6,8.5,9.6
-45580.25591,9.0,10.2,9.5
-45580.21504,5.0,5.8,10.2
-45582.46321,6.1,5.6,9.8
-45579.93762,6.2,8.2,9.8
-45582.13297,6.3,5.7,9.1
-45582.71308,6.8,4.8,9.8
-45581.7882,7.5,5.3,9.5
-45580.26443,4.4,5.6,9.1
-45580.72019,4.7,4.9,9.8
-45582.41731,5.1,5.5,9.1
-45581.88571,5.4,5.5,9.8
-45580.6022,5.5,5.8,8.7
-45579.9851,5.6,6.7,10.2
-45579.93752,6.1,7.0,10.2
-45580.25083,7.4,12.9,8.7
-45580.80499,5.9,13.0,8.7
-45581.04821,7.2,7.5,8.7
-45580.05114,7.8,8.7,9.1
-45580.42069,7.9,5.2,9.8
-45580.3261,8.7,8.5,9.8
-45580.07141,3.5,8.9,10.2
-45580.0281,3.6,9.6,8.7
-45582.29344,5.3,5.7,9.3
-45582.22481,5.8,4.8,10.0
-45580.01583,5.8,5.5,10.7
-45580.2551,6.4,4.8,10.7
-45581.95143,6.4,5.5,10.0
-45581.21175,7.1,5.6,10.0
-45580.46153,7.2,12.7,8.9
-45579.91659,9.0,7.4,10.2
-45580.91297,9.1,9.3,8.9
-45579.92389,3.3,10.6,10.0
-45580.26649,3.5,8.3,10.0
-45579.91851,4.1,5.5,9.3
-45580.13045,6.0,8.9,8.9
-45580.53896,6.5,5.8,8.9
-45579.97644,6.6,6.7,10.4
-45580.85379,7.5,5.1,10.0
-45580.12072,9.0,10.0,10.0
-45579.92987,3.8,9.9,9.3
-45580.68107,6.9,13.0,8.9
-45580.5434,7.4,6.2,8.9
-45580.6027,8.8,8.7,9.3
-45579.94253,3.4,9.5,10.3
-45580.63301,5.8,13.2,9.0
-45580.75854,6.4,13.1,9.0
-45580.6438,9.0,8.5,9.4
-45580.56621,3.5,9.8,9.4
-45579.9454,3.6,10.7,9.9
-45580.14484,5.4,6.4,9.0
-45580.50313,7.8,5.0,9.9
-45580.14546,8.5,8.6,9.4
-45580.15983,3.8,8.2,9.9
-45580.27649,4.6,5.5,9.9
-45580.59456,4.7,5.8,9.0
-45582.22651,5.0,4.9,9.4
-45579.96472,5.1,6.4,10.3
-45580.11276,6.3,6.6,10.3
-45581.08423,6.8,5.9,9.0
-45581.96941,6.9,5.4,9.9
-45580.15865,3.9,8.4,9.0
-45581.58554,4.7,5.3,9.0
-45580.44769,5.1,5.1,10.3
-45582.13381,5.5,4.9,9.9
-45580.75031,5.5,6.2,9.9
-45582.86006,5.6,5.6,9.4
-45580.99245,6.9,6.1,9.9
-45580.00724,4.6,6.0,9.9
-45580.34605,5.0,6.2,9.4
-45583.56234,5.4,5.1,9.0
-45579.99756,5.6,8.5,9.0
-45579.93727,6.0,7.9,10.3
-45583.77442,6.8,5.2,9.0
-45579.96484,8.1,8.9,9.9
-45580.10039,8.3,8.8,9.4
-45580.22172,8.8,9.7,9.9
-45580.71388,3.5,9.3,9.4
-45580.65277,6.4,12.5,9.4
-45580.0468,6.5,12.9,9.9
-45579.92949,6.6,11.7,9.0
-45580.27709,7.1,12.6,9.4
-45580.35214,7.2,5.7,10.3
-45581.31049,7.9,4.8,9.0
-45579.97624,9.1,8.3,10.3
-45580.21049,5.5,11.9,9.3
-45580.01916,5.7,9.3,9.3
-45580.296,5.8,11.8,9.4
-45579.91967,6.1,9.1,10.0
-45580.23399,6.3,9.0,9.3
-45580.15435,6.6,9.1,9.4
-45580.49498,6.9,12.4,9.3
-45582.88792,7.4,4.9,8.9
-45579.92445,9.2,6.5,10.0
-45579.99678,3.5,6.8,10.0
-45580.58063,3.8,9.2,9.3
-45580.13651,4.4,9.1,9.3
-45580.04459,8.5,9.6,10.0
-45580.20128,9.0,9.5,10.0
-45580.66461,5.8,6.3,10.0
-45583.96908,5.9,5.0,8.9
-45583.43444,6.5,5.3,8.9
-45580.00965,7.0,6.8,9.3
-45580.49895,8.6,8.9,9.3
-45580.43263,3.4,8.5,8.9
-45580.14846,4.1,8.6,8.9
-45580.22323,4.2,5.2,8.9
-45579.91881,5.0,12.5,9.5
-45580.17433,5.4,12.9,9.5
-45580.36347,5.9,5.2,10.6
-45580.08119,6.1,9.3,9.5
-45580.52501,6.2,12.7,9.5
-45581.24206,6.4,6.0,10.0
-45581.17195,7.5,5.8,9.5
-45580.30381,9.1,9.8,8.9
-45579.93418,5.3,9.0,9.1
-45581.64615,5.8,6.1,9.5
-45580.12623,5.8,12.8,9.8
-45580.86299,5.9,12.4,9.1
-45581.4194,6.4,6.2,9.5
-45580.42125,6.5,5.1,10.6
-45580.49969,6.5,11.9,9.1
-45579.97424,6.6,6.8,9.5
-45580.18001,6.6,12.6,9.8
-45579.98937,6.7,9.3,9.1
-45581.19905,7.8,5.4,8.7
-45580.00161,9.0,6.7,9.8
-45580.03273,9.0,8.1,10.2
-45580.68211,9.0,8.9,9.5
-45580.95066,3.4,9.1,9.1
-45581.20161,5.1,6.0,9.1
-45579.98508,6.1,8.5,10.2
-45583.50133,6.9,5.0,8.7
-45579.93276,7.2,6.6,9.1
-45580.08822,7.4,12.3,9.1
-45580.08651,7.9,5.9,9.8
-45580.11652,3.3,8.7,10.2
-45580.44658,5.0,5.3,10.2
-45581.17204,5.4,6.0,9.8
-45583.02319,5.5,5.3,8.7
-45580.04032,6.2,6.9,9.8
-45579.93649,6.3,8.4,8.7
-45580.40758,9.2,9.7,9.8
-45580.15971,3.6,8.6,10.1
-45580.49424,4.3,5.0,8.8
-45581.25597,4.6,5.1,8.7
-45581.5998,5.9,6.1,9.7
-45581.39098,6.5,6.2,9.7
-45580.84561,6.8,6.3,9.8
-45579.97536,8.6,9.8,10.1
-45580.06153,5.5,12.9,9.7
-45583.53456,5.8,5.2,8.8
-45579.97341,5.9,8.7,10.1
-45583.7202,6.4,5.1,8.8
-45579.95333,7.3,8.8,9.2
-45580.51097,8.7,9.5,9.2
-45580.55923,9.1,8.9,9.7
-45580.52211,3.9,9.0,9.2
-45579.95521,4.5,9.3,9.2
-45580.04915,5.0,12.9,9.2
-45580.09611,5.6,9.1,9.2
-45580.30833,6.3,12.7,9.7
-45580.24757,6.8,11.8,9.2
-45581.14686,7.4,5.8,9.7
-45582.00168,7.5,5.5,8.8
-45580.26908,5.4,5.3,10.5
-45580.42354,5.4,12.5,9.2
-45581.59282,5.5,6.0,9.6
-45579.99613,6.0,9.3,9.7
-45580.86309,6.1,12.6,9.2
-45580.14169,6.2,9.2,9.2
-45580.75889,6.9,6.3,9.6
-45580.19588,8.0,5.6,8.8
-45579.9208,3.2,6.1,9.6
-45580.34682,5.9,12.8,9.6
-45580.34189,6.7,12.6,9.6
-45580.56788,6.8,5.0,10.5
-45579.92102,7.0,9.1,9.6
-45580.22054,7.8,5.9,9.6
-45579.94326,8.1,9.5,9.6
-45580.49575,3.3,8.7,9.8
-45581.34767,4.6,5.1,9.1
-45579.91071,4.7,6.2,10.2
-45581.25265,5.0,5.3,9.8
-45580.79726,5.1,6.0,8.7
-45583.46337,5.5,5.3,9.1
-45580.10724,6.1,8.5,9.8
-45580.28417,6.8,6.3,10.2
-45583.83255,6.9,5.0,9.1
-45579.95794,8.3,9.9,9.8
-45579.91159,3.7,10.8,9.8
-45580.10997,4.4,8.5,9.1
-45580.10129,5.1,8.6,9.1
-45580.40241,5.4,6.0,10.2
-45580.45557,5.9,12.4,8.7
-45580.00206,6.2,6.9,10.2
-45581.35243,7.8,5.4,9.1
-45580.00535,8.4,4.9,9.1
-45580.03436,8.6,8.3,9.1
-45580.36048,9.0,8.1,9.8
-45580.01775,9.2,9.7,10.2
-45580.78419,3.4,9.1,8.7
-45580.22787,3.5,10.2,9.8
-45580.14466,5.8,8.7,9.5
-45579.97888,6.4,11.4,9.8
-45580.47761,3.7,8.6,9.5
-45579.96646,6.8,11.5,9.5
-45580.35057,8.7,9.8,9.5
-45580.30688,3.4,10.2,9.6
-45579.99465,6.5,11.4,9.6
-45579.96694,7.0,11.7,9.6
-45580.40632,9.1,8.1,9.6
-45580.70696,3.2,8.7,9.6
-45580.24331,3.9,9.0,8.8
-45581.91984,5.1,5.3,9.6
-45580.53638,5.4,12.5,8.8
-45580.11373,6.0,8.5,9.6
-45579.92625,6.1,6.8,10.5
-45580.94491,6.1,12.6,8.8
-45579.93423,6.2,9.2,8.8
-45580.43753,7.4,5.8,10.1
-45580.45569,8.0,5.6,9.2
-45579.92654,8.2,5.7,9.7
-45580.49353,3.6,8.6,9.7
-45580.05846,3.8,10.3,9.7
-45580.50028,4.3,5.0,9.2
-45580.17026,5.0,12.9,8.8
-45580.79608,5.9,6.1,10.1
-45580.69151,6.5,6.2,10.1
-45579.99062,6.7,6.8,10.1
-45579.96032,7.1,7.4,8.8
-45582.02268,7.5,5.5,9.2
-45580.24613,8.6,9.8,9.7
-45580.00148,3.4,7.4,10.1
-45579.9538,4.9,8.4,9.2
-45583.87908,5.8,5.2,9.2
-45580.13324,5.9,8.7,9.7
-45584.12736,6.4,5.1,9.2
-45579.97442,6.6,8.5,9.2
-45580.25749,6.6,11.7,9.4
-45580.09083,8.7,9.5,8.8
-45580.18494,9.1,8.9,10.1
-45580.23356,3.4,10.0,9.9
-45580.85819,3.5,9.3,9.0
-45580.01857,3.9,8.4,9.4
-45581.21894,4.7,5.3,9.4
-45579.94051,5.7,6.8,10.3
-45580.08874,5.8,11.8,9.0
-45579.94564,5.9,11.5,9.9
-45580.97642,6.4,12.5,9.0
-45580.07844,6.6,9.1,9.0
-45580.26301,6.9,6.1,10.3
-45580.52505,7.1,12.6,9.0
-45581.20237,7.2,5.7,9.9
-45580.99874,7.9,4.8,9.4
-45580.38766,9.1,8.3,9.9
-45580.56457,5.0,6.2,9.0
-45581.31661,5.1,5.1,9.9
-45583.14656,5.4,5.1,9.4
-45580.16354,5.5,6.2,10.3
-45583.51557,6.8,5.2,9.4
-45579.94858,6.9,8.7,9.9
-45580.15265,8.3,8.8,9.0
-45580.70911,3.4,8.5,9.3
-45580.09817,4.1,8.6,9.3
-45580.18348,4.2,5.2,9.3
-45579.97135,5.3,8.4,9.3
-45584.01125,5.9,5.0,9.3
-45580.32142,6.4,6.0,10.4
-45580.04895,6.4,8.6,10.0
-45583.77891,6.5,5.3,9.3
-45580.36737,8.6,8.9,8.9
-45579.92963,8.7,10.4,10.0
-45580.63733,9.1,9.8,9.3
-45579.98076,3.9,10.1,10.0
-45580.00253,4.3,8.7,10.0
-45579.95432,5.5,11.9,8.9
-45580.10647,5.8,6.3,10.4
-45580.12328,6.3,9.0,8.9
-45580.346,7.7,5.6,10.0
-45580.53137,3.8,9.2,8.9
-45579.968,6.1,11.7,10.0
-45580.24555,6.3,11.6,9.3
-45580.67342,6.9,12.4,8.9
-45582.58319,7.4,4.9,9.3
-45580.09951,3.9,9.4,10.0
-45579.95021,5.1,12.1,9.3
-45580.27101,6.0,8.9,9.3
-45580.0153,6.2,8.8,10.0
-45579.94582,6.8,12.2,10.0
-45580.59291,7.4,6.2,9.3
-45580.12053,7.5,5.1,10.4
-45580.51815,8.8,8.7,8.9
-45580.09971,9.2,7.6,10.0
-45579.91066,4.5,8.9,10.0
-45582.01627,5.3,5.7,8.9
-45580.95932,5.8,4.8,10.4
-45580.71932,6.4,5.5,10.4
-45579.92358,6.6,8.1,10.4
-45580.4429,6.9,13.0,9.3
-45580.29999,7.1,5.6,10.4
-45580.85417,9.1,9.3,9.3
-45579.92885,3.8,8.2,10.3
-45582.67816,5.0,4.9,9.0
-45579.9119,5.6,7.0,9.4
-45580.05348,5.9,6.5,9.3
-45580.45856,6.3,6.6,9.9
-45582.44792,6.5,5.8,9.3
-45580.17747,6.6,6.7,10.0
-45582.1468,6.8,5.9,9.4
-45580.25891,7.2,12.7,9.3
-45580.16296,8.7,9.1,10.0
-45580.31034,3.4,9.5,9.9
-45580.53775,4.7,5.8,9.4
-45580.58098,5.4,6.4,9.4
-45580.9715,5.5,4.9,10.3
-45582.61093,5.6,5.6,9.0
-45579.93313,5.7,8.3,10.3
-45579.95701,6.3,8.0,10.3
-45580.80764,6.9,5.4,10.3
-45580.07132,8.0,9.1,9.4
-45580.00119,8.2,9.0,9.9
-45580.25918,3.5,9.8,9.0
-45580.04211,4.1,9.6,9.9
-45580.09087,5.7,6.7,9.6
-45580.39545,5.8,13.2,9.4
-45580.0619,5.9,12.0,9.9
-45579.91695,6.4,9.6,9.4
-45580.48283,6.4,13.1,9.4
-45580.10869,6.5,12.3,9.9
-45579.98151,6.7,8.9,9.9
-45579.95203,7.8,5.0,10.3
-45580.27522,8.5,8.6,9.0
-45580.4946,9.0,8.5,9.0
-45580.0517,9.1,6.8,9.9
-45580.64281,3.4,8.9,9.6
-45581.36495,5.1,5.8,9.6
-45580.3428,6.2,5.7,10.5
-45580.3502,6.5,12.1,9.6
-45579.937,7.4,12.5,9.6
-45580.07928,8.2,9.2,9.6
-45579.98879,3.4,6.7,9.7
-45580.1428,3.4,8.1,10.1
-45581.35234,4.9,5.7,8.8
-45581.83116,5.8,5.9,9.2
-45581.64391,5.9,5.4,10.1
-45580.35097,5.9,12.2,9.6
-45579.96731,6.7,8.3,10.1
-45579.96608,7.1,6.7,9.2
-45579.97702,9.1,10.2,10.1
-45580.75723,3.3,9.7,9.2
-45580.36951,3.8,8.8,9.7
-45579.95528,5.0,12.3,9.2
-45581.98992,6.5,4.9,10.1
-45581.31396,6.6,5.6,8.8
-45580.83909,7.5,6.0,9.2
-45580.28212,8.6,9.3,9.7
-45580.88036,9.0,9.1,9.2
-45579.91985,4.4,9.5,9.7
-45580.37012,5.4,13.1,9.2
-45580.12416,5.5,12.3,9.7
-45579.98321,6.3,9.4,9.7
-45580.50098,6.8,13.2,9.2
-45580.74679,7.4,5.3,10.1
-45579.96502,8.2,8.4,10.1
-45580.68061,9.2,8.7,8.8
-45580.43227,3.5,8.9,9.8
-45580.58722,3.6,9.6,9.1
-45580.01225,5.7,8.9,9.7
-45580.15101,5.8,12.2,9.8
-45580.72714,5.9,13.0,9.1
-45579.91152,6.1,9.5,9.2
-45580.19859,6.4,12.1,9.8
-45580.09628,6.9,12.0,9.7
-45580.02244,7.0,8.9,9.1
-45579.94624,7.9,5.2,10.2
-45580.03633,8.7,8.5,10.2
-45579.91005,9.0,7.4,9.8
-45580.13026,4.7,4.9,10.2
-45580.85316,5.0,5.8,9.8
-45582.15997,5.1,5.5,8.7
-45580.83013,5.4,5.5,10.2
-45581.20442,6.1,5.6,10.2
-45579.99521,6.2,8.2,10.2
-45581.4532,6.8,4.8,10.2
-45579.95362,6.9,6.5,9.1
-45580.17263,7.4,12.9,9.1
-45580.05798,8.3,9.2,9.8
-45579.95865,3.9,8.0,10.2
-45580.40224,3.9,8.8,9.5
-45580.19115,5.4,12.3,9.5
-45582.04287,5.5,5.8,9.1
-45580.06638,5.6,8.9,9.5
-45580.05421,6.2,9.4,9.5
-45580.13489,6.7,5.6,10.6
-45580.27431,6.8,12.0,9.5
-45580.47365,8.7,9.3,9.5
-45580.1183,3.5,8.3,9.0
-45580.32162,4.3,5.4,9.0
-45580.01424,5.2,6.6,9.5
-45580.54212,5.9,6.5,9.9
-45581.80371,6.5,5.8,9.9
-45580.0251,6.6,6.7,9.4
-45580.05901,3.4,7.0,9.9
-45580.44056,3.9,9.4,9.4
-45580.37798,5.3,5.7,10.3
-45583.90618,5.8,4.8,9.0
-45582.80442,6.4,5.5,9.0
-45579.91174,6.9,13.0,9.9
-45582.5859,7.1,5.6,9.0
-45580.18673,7.4,6.2,9.9
-45580.55125,8.7,9.1,9.4
-45580.33126,9.1,9.3,9.9
-45579.93498,4.5,8.9,9.4
-45580.18897,5.4,12.1,9.4
-45580.02522,6.0,8.9,9.9
-45580.26381,6.2,8.8,9.4
-45582.54113,7.5,5.1,9.0
-45579.97155,8.8,8.7,10.3
-45580.0117,4.1,9.6,9.3
-45580.54111,5.9,12.0,9.3
-45580.7214,6.5,12.3,9.3
-45580.20679,6.7,8.9,9.3
-45580.43206,6.8,12.2,9.4
-45581.64229,7.8,5.0,8.9
-45579.93367,3.3,6.5,10.0
-45580.78261,3.4,9.5,9.3
-45583.7122,5.5,4.9,8.9
-45580.45646,5.6,5.6,10.4
-45579.92835,6.4,13.1,10.0
-45580.97824,4.6,5.5,8.9
-45580.15242,4.7,5.8,10.0
-45580.18906,5.0,4.9,10.4
-45580.34282,5.1,6.4,9.3
-45580.25364,6.1,6.7,10.0
-45579.93231,6.1,8.1,10.4
-45581.1644,6.8,5.9,10.0
-45583.13152,6.9,5.4,8.9
-45580.18209,8.2,9.0,9.3
-45580.18718,5.1,13.1,9.1
-45580.20836,5.4,6.4,10.0
-45580.54244,5.5,12.3,9.1
-45580.1555,5.7,8.9,9.1
-45579.91267,6.1,9.5,9.8
-45579.93911,6.3,9.4,9.1
-45580.0013,6.8,13.2,9.8
-45580.40636,6.9,12.0,9.1
-45582.53133,7.4,5.3,8.7
-45580.40193,3.3,9.7,9.8
-45580.50108,3.8,8.8,9.1
-45582.16469,5.9,5.4,8.7
-45580.49388,7.5,6.0,9.8
-45580.12116,9.2,8.7,10.2
-45580.09211,4.2,4.8,8.7
-45580.16717,4.9,5.7,10.2
-45579.95257,5.3,6.6,9.1
-45581.77314,5.8,5.9,9.8
-45580.88874,6.4,6.4,9.8
-45583.39021,6.5,4.9,8.7
-45581.12482,6.6,5.6,10.2
-45580.50529,8.6,9.3,9.1
-45580.41989,9.0,9.1,9.8
-45580.48475,3.7,9.6,9.5
-45582.04007,5.4,5.8,9.5
-45580.06735,5.5,5.5,10.6
-45580.35864,5.8,13.0,9.5
-45580.1893,6.0,5.6,10.6
-45580.4753,6.8,6.5,9.5
-45580.29942,6.9,4.8,10.6
-45579.93608,7.1,8.9,9.5
-45579.98969,8.0,9.3,9.5
-45580.5839,3.2,9.7,9.6
-45579.94157,5.1,12.3,9.6
-45580.11369,5.5,13.1,9.6
-45580.45369,5.8,5.4,10.5
-45582.19694,5.9,5.9,9.6
-45580.76279,6.4,4.9,10.5
-45580.8975,6.5,6.4,9.6
-45580.13709,6.9,13.2,9.6
-45579.94882,7.0,6.7,9.6
-45580.76536,7.4,6.0,9.6
-45580.6404,9.1,9.1,9.6
-45581.7289,4.7,4.9,8.8
-45580.68658,5.1,5.5,10.1
-45581.86356,5.5,5.8,9.7
-45579.92894,5.6,6.7,9.2
-45579.95074,6.0,9.5,9.6
-45580.24414,6.9,6.5,9.7
-45579.92188,7.5,5.3,10.5
-45580.864,3.5,8.9,9.2
-45580.4225,3.6,9.6,9.7
-45581.37431,5.0,5.8,9.2
-45582.58145,5.4,5.5,8.8
-45580.01006,6.0,8.3,10.1
-45580.97897,6.1,5.6,8.8
-45581.40905,6.3,5.7,10.1
-45583.48907,6.8,4.8,8.8
-45579.98875,7.5,12.5,9.2
-45579.96323,8.1,9.3,9.7
-45580.27641,8.3,9.2,9.2
-45580.67437,5.8,12.2,9.2
-45580.19987,5.9,13.0,9.7
-45579.92836,7.0,8.9,9.7
-45580.13147,3.4,7.9,9.6
-45580.15429,3.4,9.1,10.1
-45580.0184,4.2,5.0,9.6
-45579.9713,5.2,8.8,9.2
-45580.07963,5.7,11.7,9.6
-45580.07082,5.8,6.1,10.5
-45583.3425,5.9,5.2,9.6
-45580.06465,6.4,6.2,10.5
-45580.00713,6.4,11.4,9.2
-45580.71234,6.4,12.1,9.2
-45583.45167,6.5,5.1,9.6
-45579.91423,6.6,6.8,10.5
-45581.68065,7.4,5.5,9.6
-45581.18294,7.9,5.2,8.8
-45580.13838,8.1,5.6,9.6
-45580.286,8.7,8.5,8.8
-45580.09287,9.1,7.9,10.1
-45580.15763,9.1,10.4,9.6
-45580.01556,4.9,12.7,8.8
-45580.8971,5.8,12.8,8.8
-45580.49153,7.3,7.3,8.8
-45579.98128,9.1,7.2,10.1
-45580.93166,3.3,8.7,9.2
-45580.62587,4.6,5.1,9.7
-45582.33919,5.0,5.3,9.2
-45580.63353,5.4,6.0,8.8
-45580.08617,6.0,6.8,10.1
-45580.89735,6.6,12.6,8.8
-45580.14149,7.5,13.1,8.8
-45580.67821,7.8,5.4,9.7
-45579.99372,8.6,8.3,9.7
-45579.96099,8.8,10.6,9.7
-45580.4543,9.2,9.7,8.8
-45580.30595,5.1,6.0,10.1
-45581.04473,5.3,7.5,8.7
-45580.04347,5.4,8.6,9.2
-45582.51972,5.5,5.3,9.7
-45582.71286,5.8,5.2,9.8
-45580.12714,5.9,8.7,9.1
-45579.9652,6.1,8.5,9.2
-45580.08002,6.3,8.4,9.7
-45582.96244,6.4,5.1,9.8
-45580.04178,6.6,8.5,9.8
-45582.80714,6.9,5.0,9.7
-45579.96578,8.7,9.5,10.2
-45580.13855,9.0,10.4,9.8
-45580.73957,9.1,8.9,8.7
-45580.20024,3.5,7.9,9.8
-45580.54847,3.6,8.6,9.1
-45580.06183,4.1,5.1,9.1
-45580.00793,4.3,5.0,9.8
-45579.99878,3.9,9.0,10.2
-45580.19859,5.1,12.5,8.7
-45580.67322,5.5,12.9,8.7
-45580.90095,6.3,12.7,8.7
-45581.29047,7.4,5.8,8.7
-45581.07237,7.5,5.5,9.8
-45580.14376,8.0,5.6,9.8
-45581.164,4.7,5.1,9.5
-45582.81201,5.4,5.3,9.5
-45579.92822,5.5,6.0,10.6
-45579.95841,5.6,11.7,9.8
-45580.05188,6.2,8.4,9.5
-45583.43802,6.8,5.0,9.5
-45579.92514,6.9,6.3,10.6
-45581.6064,5.4,5.1,10.0
-45579.93719,5.4,5.2,10.7
-45580.09164,6.8,5.1,10.7
-45580.01001,6.9,8.7,9.3
-45580.70723,7.9,5.4,9.5
-45580.02922,8.7,8.3,9.5
-45579.92493,9.2,10.6,10.0
-45580.15177,3.9,8.4,10.0
-45579.96017,4.6,8.6,9.3
-45580.35718,4.7,5.3,10.0
-45579.92503,5.0,6.2,10.4
-45582.61296,5.1,5.1,9.3
-45580.485,5.3,12.7,8.9
-45580.16663,5.5,6.2,8.9
-45579.94876,5.6,8.5,10.0
-45579.91407,6.1,7.4,10.4
-45581.92996,6.8,5.2,10.0
-45580.25566,6.9,6.1,8.9
-45582.2317,7.2,5.7,9.3
-45580.21929,7.9,4.8,10.0
-45580.11661,8.7,8.1,10.0
-45579.98185,8.8,9.7,8.9
-45580.39453,3.4,10.0,9.3
-45579.92563,3.8,9.2,10.3
-45580.09437,5.9,11.5,9.3
-45580.90753,6.5,12.9,8.9
-45579.93819,6.6,11.7,10.0
-45580.44334,9.1,8.3,9.3
-45580.73568,5.6,12.6,9.0
-45580.30632,6.1,11.7,9.4
-45580.01919,6.3,11.6,9.9
-45580.77478,6.8,12.8,9.0
-45580.40828,3.4,8.5,9.9
-45580.10788,4.1,8.6,9.9
-45579.95666,4.3,8.7,9.4
-45580.13088,6.1,9.1,9.0
-45580.06091,6.4,6.0,9.0
-45581.30921,7.4,4.9,9.9
-45581.13447,7.7,5.6,9.4
-45580.28976,9.1,9.8,9.9
-45582.59119,5.9,5.0,9.9
-45579.92688,5.9,5.3,10.8
-45580.19197,6.4,8.6,9.4
-45579.9914,6.5,5.0,10.8
-45582.44606,6.5,5.3,9.9
-45579.93847,8.6,8.9,10.3
-45580.76054,9.0,9.5,9.0
-45580.27723,5.3,12.7,9.3
-45579.93831,5.8,11.8,10.0
-45580.02215,6.4,12.5,10.0
-45579.91641,6.6,9.1,10.0
-45579.92911,7.0,9.3,9.3
-45581.99638,7.2,5.7,8.9
-45580.04291,9.1,8.3,8.9
-45580.1055,3.3,7.6,10.0
-45580.20971,3.5,9.3,10.0
-45580.62797,6.5,12.9,9.3
-45580.73885,6.8,5.2,10.4
-45580.03616,8.3,8.8,10.0
-45580.47264,8.8,9.7,9.3
-45580.00538,9.0,7.0,10.0
-45580.1172,5.0,6.2,10.0
-45580.56005,5.4,5.1,10.4
-45581.09829,5.5,6.2,9.3
-45579.94249,5.7,6.8,9.3
-45579.93505,6.2,7.8,10.4
-45581.311,6.9,6.1,9.3
-45579.97565,6.9,8.7,8.9
-45580.01774,8.1,8.9,9.3
-45579.99406,3.4,8.5,10.3
-45580.0033,3.6,7.7,9.9
-45579.91469,4.1,8.6,10.3
-45580.11711,4.3,8.7,9.0
-45582.93661,5.1,5.1,8.9
-45580.85903,5.8,6.3,9.4
-45581.9134,6.4,6.0,9.4
-45581.126,6.5,5.3,10.3
-45580.27454,8.5,9.6,9.4
-45580.20445,8.6,8.9,9.9
-45579.93614,4.4,9.1,9.9
-45581.2577,5.9,5.0,10.3
-45580.07266,6.1,11.7,9.0
-45580.00471,6.4,8.6,9.0
-45580.05601,7.1,8.5,9.0
-45580.69329,9.0,9.5,9.4
-45580.21968,3.8,9.2,9.9
-45580.18736,6.1,9.1,9.4
-45580.45604,6.8,12.8,9.4
-45580.00312,6.9,12.4,9.9
-45580.45882,7.4,4.9,10.3
-45579.99523,7.5,6.4,9.4
-45581.29207,7.7,5.6,9.0
-45580.66906,3.3,8.7,8.8
-45579.96029,3.8,7.8,10.1
-45579.94836,4.4,8.5,10.1
-45580.11547,4.6,5.1,10.1
-45582.46088,5.0,5.3,8.8
-45580.80317,5.1,6.0,9.7
-45581.5096,5.4,6.0,9.2
-45581.34886,5.5,5.3,10.1
-45579.92586,5.5,11.9,9.9
-45580.43118,5.6,12.6,9.4
-45580.01092,6.0,6.8,9.7
-45579.93099,6.1,8.5,8.8
-45580.03394,6.3,8.4,10.1
-45580.00609,6.3,9.0,9.9
-45580.53297,6.8,6.3,9.2
-45581.59253,6.9,5.0,10.1
-45580.04125,7.5,13.1,9.2
-45580.00978,8.2,9.4,9.7
-45580.7725,9.2,9.7,9.2
-45580.52862,3.4,9.1,9.7
-45579.93514,4.9,12.7,9.2
-45580.69139,5.8,12.8,9.2
-45580.15305,7.8,5.4,10.1
-45579.91623,7.9,5.9,9.2
-45580.07916,8.6,8.3,10.1
-45580.2925,5.9,12.4,9.7
-45580.20278,6.5,11.9,9.7
-45580.78862,6.6,12.6,9.2
-45579.93687,6.7,9.3,9.7
-45579.99105,7.1,9.1,9.2
-45580.65361,3.5,9.1,9.5
-45580.40948,3.8,9.0,9.6
-45579.99762,4.4,9.3,9.6
-45580.20879,5.5,12.5,9.6
-45580.00402,5.7,9.1,9.6
-45580.4424,5.8,12.4,9.5
-45580.41207,6.0,12.6,9.6
-45580.09841,6.3,9.2,9.6
-45580.37428,6.4,11.9,9.5
-45580.02472,6.6,9.3,9.5
-45580.07325,6.9,11.8,9.6
-45579.96147,7.3,6.6,9.5
-45580.32686,8.6,9.5,9.6
-45580.6765,5.0,6.0,9.5
-45579.92181,5.6,9.1,9.8
-45580.01536,6.0,9.3,9.1
-45580.02227,6.8,11.8,9.8
-45580.32992,7.5,5.5,10.2
-45579.94071,8.3,8.2,10.2
-45580.17095,8.3,9.4,9.5
-45580.15546,5.1,12.5,9.1
-45579.99638,5.4,12.5,9.8
-45580.55516,5.5,12.9,9.1
-45580.21722,6.1,12.6,9.8
-45580.00277,6.2,9.2,9.8
-45580.92843,6.3,12.7,9.1
-45580.24215,3.9,9.0,9.8
-45581.40603,5.8,5.2,10.2
-45579.94737,5.9,8.7,8.7
-45581.60432,6.4,5.1,10.2
-45579.96582,6.6,8.5,10.2
-45581.56121,7.4,5.8,9.1
-45580.27742,8.7,9.5,9.8
-45580.96956,9.1,8.9,9.1
-45579.99661,3.5,7.9,10.2
-45580.32002,3.6,8.6,8.7
-45581.70156,5.0,5.5,9.5
-45580.30403,5.9,6.1,9.1
-45582.87638,6.2,5.7,9.5
-45580.0311,3.5,10.4,9.5
-45580.43318,4.5,5.6,9.5
-45580.77144,5.8,5.9,10.2
-45583.50849,5.9,5.4,9.1
-45584.14481,6.5,4.9,9.1
-45582.33993,6.6,5.6,9.8
-45579.95585,8.6,9.3,8.7
-45580.0594,9.0,9.1,10.2
-45580.27227,4.2,4.8,9.1
-45580.77373,4.9,5.7,9.8
-45580.2373,5.1,13.1,8.7
-45580.3675,5.5,12.3,8.7
-45580.32708,6.4,6.4,10.2
-45582.6122,7.4,5.3,9.1
-45580.04691,8.2,8.4,9.1
-45580.1985,8.7,10.0,9.8
-45580.49986,9.2,8.7,9.8
-45580.01217,3.3,9.7,10.2
-45580.17304,3.4,10.4,9.7
-45580.79952,3.5,8.9,8.8
-45580.06976,3.6,9.6,10.1
-45580.21349,3.8,8.8,8.7
-45580.0353,6.4,12.1,8.8
-45580.08437,7.5,6.0,10.2
-45579.93981,7.8,6.1,10.1
-45581.14098,7.9,5.2,9.2
-45580.31719,8.7,8.5,9.2
-45580.26116,9.1,7.9,9.7
-45581.60675,4.7,4.9,9.2
-45581.5444,5.1,5.5,9.7
-45580.90023,5.5,5.8,10.1
-45580.42228,5.8,12.2,8.8
-45580.12459,4.4,5.6,9.7
-45581.37611,5.0,5.8,8.8
-45582.94076,5.4,5.5,9.2
-45579.93526,6.0,8.3,9.7
-45582.97839,6.1,5.6,9.2
-45582.56374,6.3,5.7,9.7
-45583.87206,6.8,4.8,9.2
-45580.16181,6.9,6.5,10.1
-45580.06038,7.5,12.5,8.8
-45580.31822,3.9,9.4,9.0
-45580.8638,4.8,5.7,9.6
-45582.73613,6.7,5.6,9.6
-45579.9984,7.4,6.2,10.3
-45580.13689,8.6,10.0,9.6
-45580.13867,3.8,9.9,9.9
-45580.21909,5.4,12.1,9.0
-45580.15076,6.2,8.8,9.0
-45580.65363,6.8,12.2,9.0
-45582.08871,7.5,5.1,9.4
-45580.30689,8.8,8.7,9.9
-45580.35437,3.5,8.3,9.4
-45580.24492,4.3,5.4,9.4
-45580.13031,5.9,6.5,10.3
-45580.6912,6.5,5.8,10.3
-45582.52838,7.1,5.6,9.4
-45580.02542,8.6,10.2,9.9
-45580.64283,8.7,9.1,9.0
-45580.39868,9.0,10.0,9.4
-45579.9747,9.1,9.3,10.3
-45581.24719,5.3,5.7,9.9
-45583.55922,5.5,4.9,9.3
-45581.49608,5.6,5.6,10.0
-45583.79452,5.8,4.8,9.4
-45579.93695,6.1,8.1,10.0
-45580.03615,6.2,5.6,10.7
-45583.37767,6.4,5.5,9.4
-45583.27576,6.9,5.4,9.3
-45580.91248,4.6,5.5,9.3
-45580.94865,5.0,4.9,10.0
-45579.99189,5.4,6.4,10.4
-45579.9999,6.1,6.7,10.4
-45579.91397,6.2,7.3,10.4
-45580.29085,6.8,5.9,10.4
-45580.75404,3.4,9.5,8.9
-45580.16159,3.5,9.8,10.0
-45580.32131,5.9,12.0,8.9
-45580.73407,6.5,12.3,8.9
-45580.04925,6.7,8.9,8.9
-45579.95879,7.2,8.4,9.3
-45581.39506,7.8,5.0,9.3
-45579.93369,8.4,5.3,9.3
-45580.12184,8.5,8.6,10.0
-45580.75111,8.9,9.4,9.2
-45580.28806,9.0,8.5,10.0
-45580.01099,3.2,7.5,9.7
-45583.25698,5.6,5.3,8.8
-45579.95587,5.7,8.6,10.1
-45581.91806,6.0,5.1,10.1
-45580.28474,6.1,6.2,9.2
-45583.76401,6.2,5.0,8.8
-45579.94167,3.6,10.2,10.1
-45580.10742,3.8,8.7,10.1
-45581.01591,4.5,5.1,8.8
-45581.68957,5.7,6.0,9.7
-45580.20625,5.8,9.0,9.2
-45581.20153,6.3,6.3,9.7
-45580.30017,6.5,12.6,9.7
-45580.50433,6.6,11.9,9.2
-45580.11914,7.0,12.5,9.7
-45582.64851,7.3,5.4,8.8
-45580.01011,8.8,9.9,10.1
-45580.97531,9.2,8.8,9.2
-45580.1347,4.1,9.3,9.7
-45580.17481,4.3,9.2,9.2
-45580.20867,5.2,12.4,9.2
-45579.9655,5.3,12.8,9.7
-45580.06239,6.4,9.3,9.2
-45580.71279,3.7,9.1,9.2
-45579.91356,4.9,5.0,10.5
-45580.1441,5.2,5.2,10.5
-45580.93311,5.3,6.1,9.6
-45579.94834,6.5,6.8,9.6
-45580.6368,6.6,5.1,10.5
-45581.31951,6.7,6.2,9.6
-45580.39691,7.1,12.9,9.2
-45581.33567,7.2,5.9,9.7
-45579.99509,7.2,13.0,9.6
-45580.32461,4.0,9.3,9.5
-45580.04591,5.2,12.8,9.5
-45581.7745,5.6,6.0,9.5
-45580.24417,5.7,5.3,10.6
-45580.25223,5.7,12.9,9.6
-45580.2779,6.0,11.9,9.6
-45581.12953,6.2,6.3,9.5
-45580.48504,6.3,5.0,10.6
-45580.52947,6.4,12.6,9.5
-45580.23109,6.9,12.7,9.6
-45580.20737,7.1,12.5,9.5
-45579.97056,7.2,5.4,10.6
-45581.332,7.3,5.9,9.5
-45580.8544,7.6,5.8,9.6
-45581.0294,3.2,9.0,9.1
-45580.03029,5.5,9.1,9.1
-45580.02352,5.6,12.9,9.8
-45580.75902,5.7,12.5,9.1
-45580.15585,6.1,11.9,9.8
-45580.36452,6.3,11.8,9.1
-45580.10424,6.8,12.7,9.8
-45579.99521,6.9,9.2,9.1
-45581.60754,7.6,5.5,8.7
-45580.46358,7.7,5.8,9.8
-45580.26824,8.2,4.8,8.7
-45580.06147,9.2,7.3,9.8
-45580.08273,3.5,8.6,10.2
-45579.99691,4.0,8.5,10.2
-45581.99985,4.8,5.0,8.7
-45580.66395,5.2,6.1,9.8
-45580.15471,6.4,6.8,9.8
-45581.22199,6.6,6.2,9.8
-45583.5193,6.7,5.1,8.7
-45581.3655,7.0,6.0,9.1
-45580.91929,7.1,5.3,10.2
-45580.27486,7.2,12.2,9.1
-45579.91912,8.4,9.5,9.1
-45580.78729,9.1,9.6,9.1
-45580.08895,4.0,9.1,10.0
-45580.25416,4.2,9.0,9.3
-45583.10666,5.3,5.2,8.7
-45579.9346,6.6,12.9,10.0
-45579.97132,7.8,8.8,9.1
-45580.30471,3.2,8.4,8.9
-45580.71873,3.6,9.3,9.3
-45580.6517,4.4,5.3,8.9
-45580.67247,5.6,6.2,10.0
-45579.94687,5.8,12.7,10.0
-45580.13011,5.9,9.2,9.3
-45581.66133,6.0,6.0,9.3
-45581.10022,6.2,6.1,10.0
-45583.74727,6.3,5.2,8.9
-45580.18992,6.5,9.1,9.3
-45580.64655,6.7,12.5,9.3
-45583.30738,7.2,4.8,8.9
-45580.04189,3.3,6.9,10.0
-45579.9506,3.6,6.8,9.9
-45579.91109,4.5,6.0,10.0
-45580.07239,4.8,6.1,9.9
-45583.84746,5.7,5.1,8.9
-45579.99385,6.0,8.6,8.9
-45580.86973,6.1,5.3,10.4
-45583.6541,6.6,5.3,9.0
-45579.9466,8.3,9.7,10.0
-45580.15469,8.6,9.6,9.9
-45580.66331,8.8,8.8,9.3
-45583.20539,5.2,5.0,9.0
-45580.29423,5.3,6.3,9.9
-45580.8728,7.0,5.1,10.3
-45579.96323,7.3,12.0,9.4
-45580.39323,8.5,8.9,9.4
-45580.39605,3.7,8.5,9.0
-45579.97575,4.7,9.1,9.4
-45582.28365,4.9,5.2,9.0
-45579.9466,5.0,12.6,9.4
-45579.94728,5.5,12.6,9.9
-45580.25234,5.6,11.9,9.4
-45580.11395,6.0,12.5,9.9
-45580.55849,6.1,12.9,9.4
-45580.66957,6.2,12.4,9.4
-45580.09103,6.3,12.8,9.9
-45581.33144,6.7,6.0,9.9
-45580.11999,6.8,9.0,9.4
-45580.96057,7.1,6.2,9.4
-45580.21851,7.4,5.6,10.3
-45581.96143,7.7,4.9,9.0
-45580.03656,8.0,5.8,9.4
-45580.04263,8.3,5.4,9.0
-45580.83702,3.3,9.2,9.4
-45580.56967,3.3,9.9,9.4
-45579.91502,3.8,10.6,9.9
-45580.85725,6.1,12.3,9.0
-45580.85777,7.6,5.1,9.9
-45580.64177,8.0,5.3,9.4
-45579.91428,8.1,8.6,9.9
-45580.04093,8.3,8.7,9.4
-45579.96867,8.8,7.8,9.9
-45579.9913,3.2,9.4,10.3
-45580.32857,3.6,8.3,9.9
-45580.64054,4.8,5.4,9.9
-45580.98259,4.9,5.9,9.0
-45581.79141,5.3,4.8,9.9
-45582.80067,5.8,5.7,9.4
-45580.83576,6.2,13.0,9.0
-45580.04161,6.5,6.7,10.3
-45581.29061,6.6,5.8,9.0
-45579.94446,6.7,4.8,10.8
-45582.08742,6.7,5.5,9.9
-45580.05939,7.0,6.4,10.3
-45583.15216,7.1,4.9,9.4
-45580.27989,3.3,8.2,10.0
-45580.03955,4.5,5.5,10.0
-45580.67581,5.0,5.6,10.0
-45580.40189,5.3,13.2,8.9
-45582.82277,5.5,5.6,9.3
-45581.96948,5.6,4.9,10.0
-45579.98165,5.6,5.4,10.7
-45583.39332,6.0,5.5,9.3
-45580.47877,6.1,5.8,10.4
-45580.25961,6.2,4.9,10.7
-45582.08441,6.2,5.4,10.0
-45579.97995,6.8,6.6,10.4
-45580.20466,7.4,12.6,8.9
-45579.93143,9.2,9.2,10.4
-45580.45756,3.6,9.8,9.3
-45580.07382,4.1,8.9,8.9
-45580.71561,6.7,13.1,8.9
-45580.23304,7.2,6.3,8.9
-45581.24672,7.3,5.0,10.0
-45580.26453,8.6,8.6,9.3
-45580.20479,3.3,8.0,9.5
-45580.69959,4.5,4.9,9.5
-45579.97208,4.8,13.0,8.9
-45582.89866,5.6,5.5,9.5
-45580.02652,5.7,5.8,10.6
-45579.9262,6.3,6.5,10.6
-45580.2328,7.0,12.1,8.9
-45580.09776,4.0,9.8,9.5
-45580.80841,5.3,5.9,8.7
-45580.12394,5.8,6.6,10.2
-45583.82831,6.2,4.8,9.5
-45582.37712,7.3,5.2,9.5
-45580.02167,8.5,8.5,9.5
-45580.66829,9.0,8.6,9.5
-45580.14265,3.7,8.1,9.8
-45580.0027,4.1,8.3,9.1
-45581.16612,4.9,4.8,9.8
-45582.71817,6.5,5.6,9.1
-45582.91711,6.6,4.9,9.8
-45583.0205,7.0,5.5,9.1
-45580.56112,7.1,5.8,10.2
-45580.46907,7.2,12.8,8.7
-45579.95295,8.5,9.3,10.2
-45579.96677,9.0,10.8,9.8
-45580.11485,3.3,8.8,10.2
-45581.60769,5.2,5.4,9.8
-45580.66457,5.7,13.1,8.7
-45579.99378,6.4,8.3,9.8
-45580.4839,7.6,6.0,8.7
-45580.25134,9.2,7.8,9.8
-45580.62864,6.3,13.2,8.7
-45580.77696,7.7,5.3,9.8
-45580.69847,8.1,5.1,9.1
-45580.42691,8.9,8.4,9.8
-45580.05814,4.1,9.8,9.7
-45580.06113,4.9,13.2,8.8
-45579.95286,5.9,8.8,10.1
-45580.40523,7.1,12.3,8.8
-45582.1423,7.2,5.2,9.7
-45579.99514,7.3,8.7,9.2
-45580.07444,7.6,8.6,9.1
-45579.94541,8.4,8.5,9.7
-45580.57054,9.1,8.6,9.7
-45580.3982,3.5,9.6,8.8
-45580.13985,3.6,8.9,10.1
-45579.92998,4.2,9.4,10.1
-45580.38724,5.2,13.0,8.8
-45583.37126,6.3,4.8,9.7
-45582.6349,6.8,5.7,9.2
-45580.66976,7.3,6.1,8.8
-45580.09765,8.8,9.2,10.1
-45579.91699,5.5,6.7,10.1
-45580.7675,5.6,5.8,8.8
-45582.5886,5.7,5.5,9.7
-45580.4511,6.0,6.4,10.1
-45584.18675,6.1,4.9,9.2
-45579.91781,7.7,12.9,8.8
-45580.4106,3.2,8.0,9.7
-45580.26711,4.4,4.9,9.7
-45581.08543,4.7,5.6,9.2
-45582.29515,5.3,5.4,9.6
-45581.34144,7.6,5.3,9.6
-45580.12847,8.2,5.0,9.6
-45580.35821,8.8,8.4,9.6
-45580.48541,3.3,8.8,9.8
-45580.10311,3.6,8.1,9.6
-45580.01817,3.8,9.7,9.1
-45581.30706,4.8,4.8,9.6
-45579.91158,5.1,8.9,9.1
-45579.93251,5.2,5.9,10.5
-45580.61235,5.7,13.1,9.1
-45580.66633,6.3,13.2,9.1
-45580.00709,6.6,6.4,10.5
-45583.36111,6.7,4.9,9.6
-45580.63479,7.6,6.0,9.1
-45579.98989,9.2,7.8,10.2
-45580.00704,3.7,8.1,10.2
-45579.91747,4.3,8.2,10.2
-45580.4213,4.9,4.8,10.2
-45581.67286,5.3,5.9,9.1
-45580.08968,5.6,12.3,9.8
-45580.27904,5.8,6.6,9.8
-45580.69658,6.0,12.1,9.1
-45580.18818,6.2,12.0,9.8
-45581.45305,7.1,5.8,9.8
-45580.37205,7.2,12.8,9.1
-45580.15983,7.7,5.3,10.2
-45580.54336,8.1,5.1,8.7
-45580.06076,8.9,8.4,10.2
-45580.5451,3.7,8.9,9.5
-45580.06935,4.3,9.4,9.5
-45580.65698,5.2,5.4,10.2
-45580.03366,5.2,12.2,9.5
-45579.92301,5.8,8.0,10.2
-45580.16992,5.8,8.8,9.5
-45579.99538,6.4,8.3,10.2
-45579.98942,6.4,9.5,9.5
-45580.5767,6.5,5.6,8.7
-45581.59388,6.6,4.9,10.2
-45580.41001,6.6,12.1,9.5
-45582.22353,7.0,5.5,8.7
-45580.12879,7.1,13.1,9.5
-45580.17838,8.5,9.3,9.8
-45580.08539,5.4,6.7,9.5
-45579.98027,5.5,8.9,9.6
-45580.31566,5.9,6.6,9.6
-45580.48178,6.0,4.9,10.6
-45580.84762,6.1,6.4,9.5
-45580.3493,6.3,12.0,9.6
-45580.40089,6.4,5.6,10.5
-45580.02073,6.9,5.7,10.6
-45582.00484,7.0,5.8,9.6
-45580.16353,7.1,5.5,10.5
-45580.07014,7.2,12.4,9.6
-45580.20784,8.4,9.3,9.6
-45580.60023,8.9,9.2,9.5
-45580.7792,9.2,9.0,9.5
-45580.0629,3.2,6.6,9.7
-45580.70927,3.2,8.8,9.6
-45581.40499,5.7,5.5,10.1
-45580.29504,5.7,12.3,9.6
-45583.63549,6.1,4.9,8.8
-45582.0844,6.3,4.8,10.1
-45581.15616,6.8,5.7,8.8
-45580.13399,3.2,8.0,10.1
-45580.97271,4.7,5.6,8.8
-45582.28141,5.6,5.8,9.2
-45580.93118,6.0,6.4,9.7
-45580.40941,8.8,9.2,9.7
-45580.23258,4.0,9.5,9.2
-45579.99981,4.9,13.2,9.2
-45580.00429,5.3,12.2,9.7
-45580.11655,5.9,8.8,9.7
-45579.92098,6.5,9.5,9.7
-45580.20585,6.7,12.1,9.7
-45580.01675,7.0,13.1,9.7
-45580.37198,7.1,12.3,9.2
-45581.09059,7.2,5.2,10.1
-45580.03514,8.4,8.5,10.1
-45580.20539,9.1,8.6,10.1
-45580.70535,3.5,9.6,9.2
-45580.46974,3.6,8.9,9.7
-45580.05991,4.2,9.4,9.7
-45580.22293,5.2,13.0,9.2
-45580.76102,5.3,4.8,10.3
-45581.93874,5.8,5.7,9.0
-45579.95144,6.5,8.1,10.3
-45581.04061,7.3,6.1,9.2
-45579.95523,3.6,8.3,10.3
-45580.0239,4.8,5.4,10.3
-45580.76711,4.9,5.9,9.4
-45579.95212,5.9,8.2,10.3
-45580.26094,6.5,6.7,9.9
-45582.54934,6.6,5.8,9.4
-45580.87809,6.7,5.5,10.3
-45580.28861,7.0,6.4,9.9
-45583.55235,7.1,4.9,9.0
-45580.09778,8.4,9.1,9.9
-45580.34827,3.3,9.9,9.0
-45580.26069,5.2,6.5,9.4
-45580.02447,5.7,12.1,9.9
-45580.64342,6.1,12.3,9.4
-45579.94178,6.9,8.8,9.9
-45580.87035,8.0,5.3,9.0
-45580.16927,8.3,8.7,9.0
-45580.34945,3.2,9.4,9.9
-45580.0057,6.0,13.1,9.9
-45580.528,6.2,13.0,9.4
-45580.119,6.3,12.2,9.9
-45580.1692,7.6,5.1,10.3
-45580.14933,3.7,9.5,10.0
-45580.28125,4.1,8.9,9.3
-45579.99237,4.3,8.8,10.0
-45580.21954,5.3,13.2,9.3
-45579.98059,6.4,8.9,10.0
-45580.50516,6.7,13.1,9.3
-45580.7263,7.2,6.3,9.3
-45580.00674,5.0,5.6,10.4
-45582.03333,6.3,5.9,9.3
-45579.99607,6.6,12.3,10.0
-45580.16177,6.8,6.6,10.0
-45580.32852,7.0,12.1,9.3
-45580.35855,7.3,5.0,10.4
-45580.33923,8.6,8.6,8.9
-45582.40438,5.5,5.6,8.9
-45580.79934,5.6,4.9,10.4
-45580.53176,5.7,6.4,9.3
-45582.38636,6.0,5.5,8.9
-45581.564,6.1,5.8,10.0
-45580.06241,7.4,12.6,9.3
-45580.22325,8.9,9.0,10.0
-45580.26468,9.2,9.2,10.0
-45580.69968,3.2,8.4,9.3
-45580.57162,4.4,5.3,9.3
-45579.91479,4.5,8.6,10.0
-45580.09842,5.6,6.2,10.4
-45580.81032,6.2,5.4,10.4
-45580.2571,6.2,6.1,10.4
-45579.94502,8.9,10.5,10.0
-45580.74017,3.6,9.3,8.9
-45579.96973,5.5,8.5,9.3
-45583.77747,5.7,5.1,9.3
-45580.14784,6.0,8.6,9.3
-45580.23658,6.1,5.0,10.7
-45582.16117,6.1,5.3,10.0
-45580.04235,6.2,8.7,10.0
-45583.97553,6.3,5.2,9.3
-45580.32663,6.5,11.7,9.3
-45579.91803,7.3,6.5,10.4
-45580.61352,8.8,8.8,8.9
-45580.17936,9.2,9.9,10.0
-45580.06807,3.7,10.0,10.0
-45579.92361,4.2,9.0,8.9
-45580.09547,5.6,11.9,9.0
-45579.94882,5.9,9.2,8.9
-45580.94281,6.2,12.4,9.0
-45580.04696,6.5,9.1,8.9
-45580.85333,6.7,12.5,8.9
-45580.07776,6.8,9.0,9.0
-45583.09569,7.2,4.8,9.3
-45580.05455,7.9,5.7,10.0
-45580.02316,8.3,5.4,9.4
-45580.21393,3.2,10.1,9.9
-45580.98252,3.3,9.2,9.0
-45580.08714,5.0,12.6,9.0
-45580.03934,6.8,11.6,9.4
-45580.9802,7.4,5.6,9.9
-45581.5603,7.7,4.9,9.4
-45579.97533,8.1,5.5,9.9
-45580.45037,9.2,8.2,9.4
-45579.91747,4.8,6.1,10.3
-45582.73942,5.2,5.0,9.4
-45580.88836,6.1,12.9,9.0
-45583.60812,6.6,5.3,9.4
-45580.01124,6.7,8.6,9.9
-45582.0155,7.0,5.1,9.9
-45580.70184,7.1,6.2,9.0
-45580.29686,8.5,8.9,9.0
-45579.96425,9.1,10.7,9.9
-45580.21685,3.2,10.3,9.6
-45580.34881,3.7,8.5,9.4
-45581.83863,4.9,5.2,9.4
-45580.05225,5.3,6.3,10.3
-45579.94006,5.9,6.9,10.3
-45580.43958,6.7,6.0,10.3
-45580.31289,8.1,4.9,9.6
-45580.64203,3.4,8.6,9.6
-45580.08612,6.3,11.5,9.6
-45579.91032,6.6,7.7,10.5
-45582.72227,7.0,5.3,9.6
-45579.98311,7.1,6.0,10.5
-45580.04961,8.4,9.8,9.6
-45579.96028,3.4,10.8,9.7
-45580.25572,3.6,10.2,9.7
-45580.60456,3.7,9.1,8.8
-45579.97911,4.1,9.3,10.1
-45580.29535,5.2,12.4,8.8
-45583.54652,5.6,5.3,9.2
-45579.94267,5.8,9.0,8.8
-45579.99079,5.8,11.6,9.2
-45579.91449,6.7,11.4,9.7
-45579.94155,6.8,8.4,9.2
-45580.58107,7.1,12.9,8.8
-45580.5588,7.2,5.9,10.1
-45582.66308,7.3,5.4,9.2
-45579.98248,8.5,8.3,9.2
-45580.02505,3.2,7.5,10.1
-45580.37762,3.8,8.7,9.7
-45580.9965,4.5,5.1,9.2
-45580.02147,4.7,8.5,9.2
-45580.816,5.7,6.0,10.1
-45579.99285,5.7,8.6,9.7
-45583.21357,6.0,5.1,9.7
-45584.20374,6.2,5.0,9.2
-45580.60343,6.3,6.3,10.1
-45580.34234,8.8,9.9,9.7
-45580.62225,8.9,9.4,8.8
-45580.77417,9.2,8.8,8.8
-45580.4637,3.5,8.6,9.8
-45580.12778,4.0,8.5,9.8
-45580.08065,4.2,8.4,9.1
-45581.99306,4.8,5.0,9.1
-45580.18388,5.2,6.1,10.2
-45583.25273,5.3,5.2,9.1
-45580.05251,6.4,6.8,10.2
-45579.9303,6.5,8.5,9.1
-45580.46898,6.6,6.2,10.2
-45580.08057,7.0,6.0,8.7
-45580.13139,8.5,9.8,9.8
-45580.55192,3.2,9.0,8.7
-45579.95893,4.9,6.3,10.2
-45580.03402,6.2,11.5,9.8
-45583.99086,6.7,5.1,9.1
-45580.05504,7.0,8.6,9.1
-45582.017,7.1,5.3,9.8
-45579.95121,7.2,12.2,8.7
-45580.0119,7.7,5.8,10.2
-45580.36087,9.1,9.6,8.7
-45580.19703,3.3,10.3,9.8
-45580.63207,5.7,12.5,8.7
-45581.80718,7.6,5.5,9.1
-45580.28695,8.0,4.9,9.8
-45580.43649,8.2,4.8,9.1
-45579.91851,9.2,7.3,10.2
-45580.34364,3.9,8.7,9.5
-45579.96922,6.0,6.2,10.6
-45583.73497,6.1,5.1,9.5
-45580.0003,6.6,11.4,9.5
-45580.45727,8.9,9.9,9.5
-45579.96383,9.2,10.5,9.5
-45580.31669,3.3,8.4,10.0
-45580.07864,3.7,10.2,9.5
-45579.98807,4.4,8.6,9.3
-45579.97567,5.1,8.5,9.3
-45580.32423,6.1,6.0,10.4
-45580.07609,4.5,5.3,10.0
-45581.89864,5.6,5.1,10.0
-45580.03773,5.6,5.2,10.7
-45583.79362,6.0,5.3,9.3
-45580.05434,6.1,8.6,10.0
-45580.21971,6.2,5.1,10.7
-45582.25673,6.2,5.2,10.0
-45580.23262,6.3,8.7,9.3
-45580.18667,3.6,10.0,9.3
-45579.91771,4.0,10.2,10.0
-45580.09656,4.1,9.1,8.9
-45579.93049,4.8,12.8,8.9
-45579.96648,6.4,11.7,10.0
-45580.83941,6.7,12.9,8.9
-45579.94242,7.0,11.9,8.9
-45581.28809,7.3,4.8,10.0
-45580.73154,7.8,5.7,9.3
-45579.94906,8.5,8.1,10.0
-45580.35461,3.3,10.1,9.4
-45580.54584,5.4,12.6,9.0
-45580.95178,5.9,12.7,8.9
-45580.97995,6.1,12.5,9.0
-45581.66026,7.5,5.6,9.4
-45580.89683,7.6,4.9,9.9
-45580.51645,8.0,5.5,9.4
-45580.12758,8.8,8.0,9.9
-45580.01554,3.2,9.2,10.3
-45580.5622,4.9,6.1,9.0
-45580.94874,6.2,12.8,9.0
-45579.93923,6.7,5.0,10.8
-45583.08521,7.1,5.1,9.4
-45580.15088,8.7,9.6,9.0
-45580.54601,5.2,6.3,9.0
-45581.74795,5.3,5.0,9.9
-45580.025,5.9,8.4,9.9
-45580.08118,6.6,8.6,9.4
-45582.29411,6.7,5.3,9.9
-45580.14937,7.0,6.2,10.3
-45580.27956,7.3,13.2,9.0
-45580.3467,3.6,8.5,9.9
-45580.70126,4.8,5.2,9.9
-45582.4556,5.3,5.2,9.6
-45579.97625,5.5,11.7,9.6
-45579.99881,6.0,11.4,9.6
-45580.09103,6.5,8.5,9.6
-45580.2586,6.6,6.0,9.0
-45581.20465,7.6,5.5,9.6
-45580.1336,8.2,4.8,9.6
-45580.11052,8.8,8.2,9.6
-45580.11896,3.6,9.1,10.1
-45579.95296,4.1,10.0,9.7
-45579.95428,4.2,9.2,10.1
-45581.28388,4.8,5.0,9.6
-45579.92302,5.2,6.1,10.5
-45580.39844,5.2,12.8,8.8
-45580.05894,5.9,11.6,9.7
-45579.92464,6.4,6.8,10.5
-45580.94172,6.4,12.6,8.8
-45580.05115,6.6,6.2,10.5
-45583.28658,6.7,5.1,9.6
-45580.51678,7.1,12.5,8.8
-45581.99743,7.2,5.4,9.7
-45581.27563,7.3,5.9,8.8
-45579.92281,4.0,9.3,8.8
-45580.05711,5.6,8.6,9.2
-45582.81237,5.7,5.3,9.7
-45584.13633,6.1,5.1,9.2
-45583.31944,6.3,5.0,9.7
-45580.07813,8.8,9.4,10.1
-45580.24454,3.2,7.8,9.7
-45580.32166,3.9,8.7,9.2
-45580.24619,4.4,5.1,9.7
-45580.21161,5.3,6.1,8.7
-45580.10308,5.6,6.0,8.8
-45580.70212,6.0,6.2,10.1
-45579.94519,7.7,13.1,8.8
-45580.21939,8.9,9.9,9.2
-45580.77895,3.4,8.6,9.1
-45579.91568,3.7,7.9,9.8
-45580.16407,4.1,8.5,9.1
-45581.13392,4.9,5.0,9.8
-45580.02902,5.3,8.7,9.1
-45582.83883,6.6,5.1,9.8
-45583.41727,7.0,5.3,9.1
-45580.37912,7.1,6.0,10.2
-45580.44946,7.2,13.0,8.7
-45579.9247,8.5,9.5,10.2
-45580.00261,9.0,9.6,10.2
-45580.09957,3.3,9.0,10.2
-45581.72922,5.2,5.2,9.8
-45580.79508,5.7,12.9,8.7
-45579.98138,6.1,11.4,9.8
-45580.05079,6.3,11.5,9.1
-45580.10348,6.4,8.5,9.8
-45580.72641,6.9,12.7,8.7
-45580.96849,7.6,5.8,8.7
-45580.3617,9.2,8.0,9.8
-45580.66852,4.5,5.1,9.5
-45579.95876,6.3,6.3,10.6
-45580.6872,7.7,5.5,9.8
-45580.71638,8.1,4.9,9.1
-45580.35581,8.9,8.2,9.8
-45583.14977,5.6,5.3,9.5
-45579.96937,5.7,6.0,10.6
-45580.10933,5.8,11.6,9.5
-45583.80168,6.2,5.0,9.5
-45582.2159,7.3,5.4,9.5
-45580.99388,3.2,8.8,9.1
-45580.19218,3.9,9.7,9.8
-45580.04894,5.5,8.9,9.1
-45579.98529,5.6,13.1,9.8
-45580.70456,5.7,12.3,9.1
-45580.08904,6.2,13.2,9.8
-45580.61072,6.3,12.0,9.1
-45581.99525,7.6,5.3,8.7
-45580.18908,7.7,6.0,9.8
-45580.10368,8.8,8.4,8.7
-45581.97555,4.8,4.8,8.7
-45581.05032,5.2,5.9,9.8
-45580.20055,6.1,12.1,9.8
-45580.80018,6.6,6.4,9.8
-45582.02731,7.0,5.8,9.1
-45579.97763,7.4,7.9,8.7
-45580.32115,8.2,5.0,8.7
-45580.1086,9.2,7.5,9.8
-45580.59736,3.5,9.6,9.5
-45579.98726,4.0,8.3,10.2
-45580.29899,4.0,9.5,9.5
-45580.01985,5.2,13.0,9.5
-45582.66493,5.3,5.4,8.7
-45582.30424,5.6,5.8,9.5
-45580.59745,6.2,6.5,9.5
-45581.19842,6.4,5.6,10.2
-45583.43639,6.7,4.9,8.7
-45580.79856,7.1,5.5,10.2
-45580.17892,7.1,12.3,9.5
-45580.02598,7.2,5.2,10.6
-45580.34298,7.2,12.4,9.1
-45580.7631,7.3,6.1,9.5
-45580.28264,8.4,9.3,9.1
-45580.3695,3.8,9.7,9.6
-45579.92216,4.9,4.8,10.5
-45580.08018,5.2,5.4,10.5
-45581.53425,5.3,5.9,9.6
-45580.15628,5.7,5.5,10.6
-45580.20692,5.7,13.1,9.6
-45580.35463,6.0,12.1,9.6
-45580.5197,6.3,4.8,10.6
-45580.27463,6.3,13.2,9.6
-45580.69975,6.6,4.9,10.5
-45580.70544,6.7,6.4,9.6
-45580.0292,7.2,12.8,9.6
-45580.33231,7.6,6.0,9.6
-45580.79478,8.9,9.2,9.2
-45579.93845,3.2,7.3,9.7
-45581.06744,4.5,4.9,8.8
-45580.02179,4.6,5.6,10.1
-45579.98912,5.4,6.7,9.2
-45582.4316,5.6,5.5,8.8
-45582.09182,5.7,5.8,9.7
-45582.00468,6.0,4.9,10.1
-45583.3197,6.2,4.8,8.8
-45580.7493,6.3,6.5,9.7
-45581.08256,6.9,5.7,10.1
-45580.11538,7.0,12.3,9.7
-45579.95861,8.8,10.1,10.1
-45580.49544,9.0,8.6,8.8
-45580.99392,9.2,9.0,9.2
-45579.97735,4.3,9.4,9.2
-45580.16069,5.2,12.2,9.2
-45579.9308,5.3,13.0,9.7
-45580.1984,5.8,8.8,9.2
-45579.91226,6.4,9.5,9.2
-45580.65337,6.6,12.1,9.2
-45582.97738,7.3,5.2,8.8
-45580.11318,8.5,8.5,8.8
-45580.47803,3.4,9.6,9.7
-45580.69771,3.7,8.9,9.2
-45580.1208,4.1,9.5,9.7
-45580.30987,4.8,5.9,9.9
-45582.89833,6.6,5.5,9.0
-45580.9413,7.0,4.9,10.3
-45580.35454,7.1,13.1,9.2
-45580.8221,7.2,6.1,9.7
-45580.41884,8.5,9.1,9.4
-45579.95051,3.4,6.4,9.9
-45580.06099,3.7,8.3,9.0
-45582.09158,4.9,5.4,9.0
-45583.17997,5.2,4.8,9.0
-45580.7619,5.9,5.7,10.3
-45581.66605,6.7,5.8,9.9
-45580.01159,7.9,9.2,9.4
-45580.34438,5.6,12.1,9.4
-45580.11106,6.0,12.3,9.9
-45579.92248,6.1,9.6,9.4
-45580.62816,6.2,12.2,9.4
-45580.10588,6.8,8.8,9.4
-45580.55069,7.1,6.4,9.4
-45579.95348,7.5,8.5,9.0
-45581.9223,7.7,5.1,9.0
-45580.08881,8.0,8.6,9.0
-45580.17708,8.3,5.2,9.0
-45580.80797,3.3,9.4,9.4
-45580.4844,6.1,13.1,9.4
-45580.04767,6.3,13.0,9.9
-45579.94433,7.6,6.2,9.9
-45580.41277,9.2,8.4,9.0
-45580.67294,3.6,9.5,9.3
-45580.10182,4.0,8.9,10.0
-45580.11714,4.2,8.8,9.3
-45580.01566,5.9,9.4,9.3
-45580.62138,6.7,12.3,9.3
-45580.11925,7.3,6.3,10.0
-45580.0896,9.0,7.7,10.0
-45580.35185,4.4,5.5,8.9
-45580.07872,5.3,12.0,9.3
-45580.38724,5.6,6.4,10.0
-45582.44808,6.0,5.8,9.3
-45580.26057,6.5,8.9,9.3
-45583.35935,7.2,5.0,8.9
-45580.05649,3.3,7.1,10.0
-45579.96007,4.5,5.8,10.0
-45582.10842,5.1,5.6,8.9
-45580.7241,6.1,5.5,10.4
-45581.42503,6.2,5.9,10.0
-45582.90986,6.3,5.4,8.9
-45580.28012,6.9,6.6,9.3
-45580.69793,8.8,9.0,9.3
-45580.28305,3.2,9.9,9.9
-45580.92124,3.3,9.4,9.0
-45580.32197,5.4,5.6,10.4
-45580.52551,5.6,12.1,9.0
-45583.85885,5.7,4.9,8.9
-45580.75622,6.2,12.2,9.0
-45580.08933,6.8,8.8,9.0
-45579.92776,7.6,6.2,10.3
-45581.51106,7.7,5.1,9.4
-45580.00545,8.1,5.3,9.9
-45580.01883,8.2,8.7,9.9
-45580.07642,8.3,5.2,9.4
-45580.71904,9.2,8.4,9.4
-45579.92841,4.8,5.9,10.3
-45581.69385,4.9,5.4,9.4
-45582.76372,5.2,4.8,9.4
-45581.92047,5.9,5.7,9.9
-45580.76073,6.1,13.1,9.0
-45583.29213,6.6,5.5,9.4
-45582.08726,7.0,4.9,9.9
-45580.16777,7.1,6.4,9.0
-45579.91833,8.4,10.2,9.9
-45580.37793,8.5,9.1,9.0
-45580.33198,3.2,8.2,9.3
-45580.10868,3.7,8.3,9.4
-45580.433,4.4,5.5,9.3
-45582.0973,5.1,5.6,9.3
-45579.98123,5.3,6.5,10.3
-45580.03638,5.6,6.4,10.4
-45580.4065,6.2,5.9,10.4
-45580.61894,6.7,5.8,10.3
-45580.00783,8.9,10.3,10.0
-45580.57624,3.6,9.5,8.9
-45581.25141,5.4,5.6,10.0
-45583.842,5.7,4.9,9.3
-45580.49318,6.0,5.8,8.9
-45580.25914,6.1,4.8,10.7
-45581.95929,6.1,5.5,10.0
-45583.65414,6.3,5.4,9.3
-45579.9422,6.8,5.6,10.7
-45579.95719,7.3,6.3,10.4
-45580.70979,8.8,9.0,8.9
-45580.11814,9.2,10.1,10.0
-45580.01832,4.2,8.8,8.9
-45580.10842,3.7,9.8,10.0
-45580.8615,4.7,5.6,9.5
-45579.9405,6.0,6.4,10.6
-45580.12427,6.5,8.9,8.9
-45580.6951,6.7,12.3,8.9
-45582.60372,6.8,5.7,9.5
-45583.07495,7.2,5.0,9.3
-45580.19502,8.7,8.6,10.0
-45580.29873,8.9,10.1,9.5
-45579.92032,4.0,8.3,9.8
-45583.80769,6.1,4.9,9.5
-45580.67244,7.0,5.8,8.7
-45580.18622,9.2,10.3,9.5
-45579.92076,4.3,5.7,9.8
-45581.99064,4.8,4.8,9.1
-45580.32957,5.2,5.9,10.2
-45582.99333,5.3,5.4,9.1
-45579.93239,6.4,7.0,10.2
-45580.2791,6.6,6.4,10.2
-45580.07555,8.5,10.0,9.8
-45580.45018,3.2,8.8,8.7
-45579.94319,6.2,11.3,9.8
-45582.45347,6.4,5.6,9.8
-45584.03553,6.7,4.9,9.1
-45581.83567,7.1,5.5,9.8
-45580.33116,7.2,12.4,8.7
-45579.96299,7.7,6.0,10.2
-45580.09245,3.3,10.5,9.8
-45580.13476,3.6,10.4,9.7
-45579.91489,4.2,9.9,9.7
-45579.92909,5.2,12.2,8.8
-45580.36666,5.7,12.3,8.7
-45580.01819,5.8,8.8,8.8
-45580.19356,6.6,12.1,8.8
-45582.8646,7.3,5.2,9.2
-45582.05338,7.6,5.3,9.1
-45580.26383,8.0,5.1,9.8
-45580.46263,8.2,5.0,9.1
-45580.1602,8.5,8.5,9.2
-45580.3009,8.8,8.4,9.1
-45579.93889,9.2,7.5,10.2
-45580.10734,3.4,9.6,10.1
-45580.56908,3.7,8.9,8.8
-45579.95333,4.1,9.5,10.1
-45580.50351,7.1,13.1,8.8
-45580.35848,7.2,6.1,10.1
-45580.73841,9.0,8.6,9.2
-45580.00583,3.2,7.3,10.1
-45583.16995,5.6,5.5,9.2
-45583.29511,6.0,4.9,9.7
-45584.14092,6.2,4.8,9.2
-45580.37081,6.3,6.5,10.1
-45582.11978,6.9,5.7,9.7
-45580.75033,8.9,9.2,8.8
-45580.04396,3.2,10.5,9.6
-45581.02097,4.5,4.9,9.2
-45580.4376,4.6,5.6,9.7
-45581.0756,5.7,5.8,10.1
-45580.29025,8.1,5.1,9.6
-45580.26923,8.8,10.1,9.7
-45580.86555,9.2,9.0,8.8
-45579.95289,5.8,6.6,10.5
-45583.72125,6.1,5.1,8.8
-45579.94501,6.3,11.3,9.6
-45582.88721,6.5,5.6,9.6
-45582.4998,7.0,5.5,9.6
-45580.03984,7.1,5.8,10.5
-45580.08127,3.2,7.8,10.1
-45580.24946,3.9,8.7,8.8
-45581.56832,5.7,5.3,10.1
-45581.40347,6.0,6.2,9.7
-45582.02013,6.3,5.0,10.1
-45579.93287,6.9,8.4,10.1
-45580.39787,8.8,9.4,9.7
-45580.02375,5.3,12.4,9.7
-45581.47736,5.6,6.0,9.2
-45580.06846,5.9,9.0,9.7
-45580.85924,6.4,12.6,9.2
-45579.99108,6.5,9.3,9.7
-45580.14446,6.7,11.9,9.7
-45580.40486,7.1,12.5,9.2
-45580.98327,7.2,5.4,10.1
-45580.01673,8.4,8.3,10.1
-45580.45132,3.6,9.1,9.7
-45580.40179,4.0,9.3,9.2
-45580.08467,4.2,9.2,9.7
-45580.24253,5.2,12.8,9.2
-45580.05045,7.0,12.9,9.7
-45580.04381,7.2,12.2,9.6
-45581.47827,7.3,5.9,9.2
-45580.19133,8.4,9.5,9.6
-45579.93368,5.5,9.1,9.6
-45580.31228,5.7,12.5,9.6
-45580.25814,6.3,11.8,9.6
-45579.91901,6.9,9.2,9.6
-45581.54016,7.0,6.0,9.6
-45580.24709,7.1,5.3,10.5
-45580.57679,9.1,9.6,9.6
-45580.70582,3.2,9.0,9.6
-45580.52853,3.7,9.1,9.5
-45580.12561,4.3,9.2,9.5
-45580.06257,5.2,12.4,9.5
-45580.13705,5.8,9.0,9.5
-45580.42852,6.0,5.1,10.6
-45581.42286,6.1,6.2,9.5
-45580.07493,6.4,9.3,9.5
-45580.32181,6.6,11.9,9.5
-45580.16068,7.1,12.9,9.5
-45581.06379,7.6,5.8,9.1
-45580.58145,8.9,9.4,9.5
-45580.78171,9.2,8.8,9.5
-45580.46732,3.3,9.0,9.8
-45580.09569,5.6,12.5,9.8
-45580.68775,5.7,12.9,9.1
-45580.49772,6.0,11.9,9.1
-45579.91976,6.8,9.2,9.8
-45580.03238,9.2,8.0,10.2
-45580.37302,3.4,8.6,8.7
-45579.97168,3.7,7.9,10.2
-45580.39228,4.9,5.0,10.2
-45581.18212,5.3,6.1,9.1
-45580.13558,6.2,11.8,9.8
-45580.2141,6.7,6.2,9.1
-45580.65377,6.9,12.7,9.1
-45581.12581,7.1,6.0,9.8
-45580.35631,7.2,13.0,9.1
-45580.10557,7.7,5.5,10.2
-45580.58045,8.1,4.9,8.7
-45580.03688,8.9,8.2,10.2
-45580.06034,9.2,6.6,9.8
-45580.3653,4.1,9.1,9.3
-45579.94459,4.3,8.4,10.2
-45580.75026,5.2,5.2,10.2
-45579.98251,6.4,8.5,10.2
-45581.51114,6.6,5.1,10.2
-45580.5662,6.7,12.9,9.3
-45583.00864,7.0,5.3,8.7
-45580.1668,8.5,9.5,9.8
-45580.38282,9.0,9.6,9.8
-45580.16636,3.7,9.3,10.0
-45579.97342,4.3,9.0,10.0
-45580.67049,5.9,12.7,9.3
-45579.91957,6.4,9.1,10.0
-45580.39713,7.2,6.5,9.3
-45579.97954,4.4,8.6,8.9
-45580.04588,5.5,6.8,9.3
-45580.99836,5.7,6.2,9.3
-45581.24961,6.1,6.0,10.0
-45581.20801,6.3,6.1,9.3
-45579.99212,6.6,12.5,10.0
-45580.18391,7.0,11.9,9.3
-45580.38973,7.3,4.8,10.4
-45580.71286,7.8,5.7,8.9
-45580.24633,9.2,9.4,10.0
-45580.15782,3.4,7.7,9.9
-45580.30554,4.9,6.1,9.4
-45580.71876,5.3,5.0,10.3
-45580.73359,5.6,5.1,10.4
-45583.43189,6.0,5.3,8.9
-45580.94253,6.2,5.2,10.4
-45580.06823,6.3,8.7,8.9
-45579.93096,6.5,7.9,10.3
-45580.01638,6.6,8.6,9.0
-45580.10999,8.4,8.9,9.9
-45580.45843,8.7,9.6,9.4
-45580.24536,8.9,8.8,10.0
-45579.97213,3.6,8.5,10.3
-45580.06605,4.8,5.2,10.3
-45579.95369,4.9,8.7,9.0
-45580.53536,5.2,6.3,9.4
-45580.29264,5.4,12.6,9.4
-45579.99113,5.7,11.9,9.9
-45579.94212,5.9,8.4,10.3
-45581.90665,6.6,6.0,9.4
-45581.02217,6.7,5.3,10.3
-45579.92039,6.9,9.0,9.9
-45580.71093,7.0,6.2,9.9
-45583.50401,7.1,5.1,9.0
-45580.06826,7.3,13.2,9.4
-45580.36817,3.2,9.2,9.9
-45580.05014,6.0,12.9,9.9
-45580.65632,6.1,12.5,9.4
-45580.60026,6.2,12.8,9.4
-45580.13374,6.3,12.4,9.9
-45581.85205,7.5,5.6,9.0
-45580.20484,7.6,4.9,10.3
-45580.60533,8.0,5.5,9.0
-45579.91261,8.8,8.0,10.3
-45581.20585,4.7,4.9,9.5
-45582.58445,5.4,5.5,9.5
-45579.96051,5.5,5.8,10.6
-45582.53593,5.8,5.4,9.8
-45583.09132,6.1,5.6,9.5
-45583.47215,6.8,4.8,9.5
-45580.80179,7.9,5.2,9.5
-45580.2811,8.7,8.5,9.5
-45580.3519,3.5,8.1,9.8
-45580.0686,4.1,4.9,9.1
-45580.01171,4.3,4.8,9.8
-45581.1268,4.8,5.7,9.1
-45581.0135,5.3,7.3,8.7
-45583.04347,6.4,4.9,9.8
-45582.79174,6.7,5.6,9.1
-45580.0952,7.4,8.6,9.1
-45580.10687,8.1,8.5,9.1
-45579.99394,8.7,9.3,10.2
-45580.23393,9.0,10.2,9.8
-45580.79385,9.1,9.1,8.7
-45580.20874,3.2,9.7,8.7
-45580.17927,3.4,8.9,10.1
-45580.04244,3.7,9.6,8.8
-45580.009,3.9,8.8,10.2
-45580.5678,5.5,13.1,8.7
-45580.80935,5.8,13.0,8.8
-45580.51405,6.9,13.2,8.7
-45580.50688,7.3,7.5,8.8
-45580.77586,7.4,6.0,8.7
-45581.19111,7.5,5.3,9.8
-45579.9327,8.9,7.6,10.2
-45579.99646,9.1,7.4,10.1
-45580.5361,4.5,5.6,9.2
-45580.65815,4.6,4.9,9.7
-45582.1093,5.0,5.5,9.2
-45581.27764,5.4,5.8,8.8
-45582.31168,5.5,5.5,9.7
-45580.05454,5.7,6.7,10.1
-45579.9229,6.0,7.0,10.1
-45579.91095,6.5,12.1,10.1
-45580.14399,7.5,12.9,8.8
-45580.75322,7.8,5.2,9.7
-45580.03005,7.9,8.7,9.2
-45580.22035,8.6,8.5,9.7
-45580.47225,5.1,5.8,10.1
-45582.68827,6.0,5.6,9.7
-45582.55242,6.2,5.7,9.2
-45582.84751,6.9,4.8,9.7
-45581.84621,7.4,5.3,9.6
-45579.92466,8.2,9.2,10.1
-45580.38608,3.4,8.1,9.6
-45580.01573,4.2,4.8,9.6
-45580.16123,5.8,5.9,10.5
-45583.15066,5.9,5.4,9.6
-45580.01807,6.4,6.4,10.5
-45583.53039,6.5,4.9,9.6
-45580.48399,7.5,6.2,9.0
-45580.30961,9.1,10.2,9.6
-45580.69857,6.8,13.0,9.0
-45581.25881,7.4,5.1,9.9
-45579.98124,3.2,10.6,9.9
-45580.38645,3.4,8.3,9.9
-45579.93843,3.9,9.9,9.4
-45579.92465,4.7,13.1,9.0
-45580.17671,6.1,8.9,9.0
-45581.00728,6.4,5.8,9.0
-45579.99983,6.7,6.7,10.3
-45580.68183,8.9,8.7,9.4
-45580.23963,9.1,10.0,9.9
-45580.08995,3.9,8.2,10.0
-45580.2603,4.6,5.8,8.9
-45582.66642,5.1,4.9,9.3
-45582.01668,5.2,5.7,9.4
-45581.67208,5.4,4.9,10.0
-45583.0099,5.7,5.6,9.3
-45582.64787,5.9,4.8,9.9
-45579.99276,6.1,5.7,10.7
-45580.00022,6.5,4.8,10.8
-45582.2356,6.5,5.5,9.9
-45580.12297,6.8,4.9,10.7
-45581.77896,6.8,5.4,10.0
-45581.61165,7.0,5.6,9.9
-45580.31139,7.3,12.7,9.0
-45579.95536,7.6,12.6,8.9
-45579.92481,8.6,9.1,10.3
-45580.88001,9.0,9.3,9.0
-45580.29526,4.7,5.5,10.0
-45580.03798,6.2,6.6,10.4
-45580.87103,6.9,5.9,8.9
-45580.62285,3.4,9.8,9.3
-45580.66532,5.9,13.2,8.9
-45580.76895,6.5,13.1,8.9
-45580.20961,7.9,5.0,10.0
-45580.11372,8.4,8.6,9.3
-45579.99635,8.7,7.9,10.0
-45580.73469,9.1,8.5,9.3
-45579.93398,5.3,9.2,9.3
-45580.39063,5.9,11.8,9.3
-45579.96751,6.4,12.9,10.0
-45580.74213,6.5,12.5,9.3
-45580.15218,6.7,9.1,9.3
-45580.42526,7.0,12.6,9.3
-45580.10116,7.3,5.7,10.4
-45581.64341,7.8,4.8,8.9
-45580.83701,3.4,9.3,9.3
-45583.67787,5.5,5.1,8.9
-45579.91331,8.0,8.9,10.0
-45580.17575,3.8,8.4,8.9
-45581.26344,4.6,5.3,8.9
-45580.0494,4.7,6.0,10.0
-45580.15076,5.0,5.1,10.4
-45580.65942,5.1,6.2,9.3
-45579.92076,5.7,8.5,8.9
-45579.93743,6.1,7.9,10.4
-45580.86702,6.8,6.1,10.0
-45583.61786,6.9,5.2,8.9
-45579.92505,7.4,12.1,9.3
-45580.06743,8.2,8.8,9.3
-45580.15954,8.9,9.7,10.0
-45580.46221,3.5,8.5,9.0
-45580.25371,4.0,8.6,9.0
-45580.48934,4.3,5.2,9.0
-45580.50383,5.4,6.2,10.0
-45581.45362,6.5,6.0,9.9
-45579.98067,7.1,6.8,9.4
-45580.2912,9.0,9.8,9.0
-45580.05609,3.4,6.8,9.9
-45584.0432,5.8,5.0,9.0
-45580.88958,5.9,6.3,9.9
-45583.66864,6.4,5.3,9.0
-45579.91129,6.5,8.6,10.3
-45580.0534,8.4,9.6,9.9
-45580.56128,8.7,8.9,9.4
-45580.4578,3.9,9.2,9.4
-45580.06754,4.5,9.1,9.4
-45579.98911,5.2,8.4,9.0
-45579.94231,6.2,11.6,9.0
-45579.94914,6.9,12.8,9.9
-45580.31745,9.1,9.5,9.9
-45580.23572,3.2,8.7,10.1
-45581.68222,4.7,5.1,8.8
-45580.78969,5.1,5.3,10.1
-45580.10013,5.4,11.9,9.4
-45581.47249,5.5,6.0,9.7
-45579.95981,5.6,9.3,9.4
-45580.03006,5.7,12.6,9.9
-45579.96748,6.0,9.1,9.9
-45580.22208,6.2,9.0,9.4
-45579.96822,6.3,6.9,9.7
-45580.47464,6.8,12.4,9.4
-45580.72649,6.9,6.3,9.7
-45582.58499,7.5,4.9,9.0
-45580.03623,7.6,5.6,10.3
-45579.93141,8.1,9.5,9.7
-45580.85914,3.5,9.1,9.2
-45580.92792,5.0,6.0,9.2
-45583.1746,5.4,5.3,8.8
-45579.91639,5.5,8.6,10.1
-45580.0171,6.0,8.5,10.1
-45583.73047,6.8,5.0,8.8
-45579.97676,7.3,6.6,9.2
-45579.93412,7.5,12.3,9.2
-45580.23446,7.8,5.9,9.7
-45580.13042,8.3,9.4,9.2
-45579.91692,5.2,9.0,9.2
-45580.744,5.8,12.4,9.2
-45580.25039,5.9,12.8,9.7
-45580.53466,6.4,11.9,9.2
-45580.05495,6.6,9.3,9.2
-45580.24217,6.7,12.6,9.7
-45579.9953,9.1,6.7,9.7
-45580.14261,9.1,8.1,10.1
-45579.97199,3.4,10.2,10.1
-45579.95037,5.1,12.5,9.6
-45580.15051,5.5,12.9,9.6
-45580.56175,5.8,5.2,10.5
-45581.68442,5.9,6.1,9.6
-45580.69725,6.4,5.1,10.5
-45581.4423,6.5,6.2,9.6
-45579.95273,6.7,6.8,9.6
-45581.29588,7.4,5.8,9.6
-45580.97869,7.9,5.4,8.8
-45579.96305,8.7,8.3,8.8
-45580.65491,9.1,8.9,9.6
-45580.41446,5.8,12.8,9.5
-45580.03226,6.0,9.3,9.6
-45580.41954,6.3,12.7,9.6
-45580.47816,6.6,12.6,9.5
-45579.92621,7.1,9.1,9.5
-45579.9946,7.9,5.9,9.5
-45581.46313,5.4,6.0,9.5
-45580.14248,5.5,5.3,10.6
-45580.58855,5.5,12.5,9.1
-45580.9196,6.0,12.6,9.1
-45580.10915,6.3,9.2,9.1
-45580.88417,6.8,6.3,9.5
-45580.27417,6.9,5.0,10.6
-45580.65448,9.2,9.7,9.5
-45580.62467,3.8,9.0,9.1
-45580.19467,5.1,12.9,9.1
-45580.10722,5.7,9.1,9.1
-45579.96601,6.1,9.3,9.8
-45580.21117,6.2,12.7,9.8
-45579.99304,6.9,11.8,9.1
-45582.09295,7.4,5.5,8.7
-45580.79756,7.5,5.8,9.8
-45579.94442,8.9,6.5,9.8
-45580.05083,3.7,8.6,10.2
-45580.15248,4.2,5.0,8.7
-45579.92563,5.4,12.9,9.8
-45579.92617,5.8,8.7,10.2
-45583.27017,5.9,5.2,8.7
-45583.51811,6.5,5.1,8.7
-45579.98128,7.2,8.8,9.1
-45580.30082,8.6,9.5,9.1
-45579.91908,8.7,9.8,10.2
-45580.44052,9.0,8.9,9.8
-45581.38663,5.8,6.1,9.8
-45581.29332,6.4,6.2,9.8
-45579.941,6.6,6.8,9.8
-45580.54414,3.6,8.6,9.6
-45579.97209,3.8,10.3,9.6
-45580.16121,5.9,8.7,9.6
-45579.92049,6.4,7.7,10.5
-45579.95931,8.2,5.7,9.6
-45580.26422,8.6,9.8,9.6
-45579.91455,9.1,6.7,10.1
-45580.2932,3.4,10.2,9.7
-45580.83628,3.5,9.1,8.8
-45579.97648,6.5,11.4,9.7
-45579.94276,7.0,11.7,9.7
-45579.99093,7.8,5.9,10.1
-45581.0,7.9,5.4,9.2
-45580.03308,8.7,8.3,9.2
-45580.43226,9.1,8.1,9.7
-45579.92528,3.6,10.8,9.7
-45580.04671,4.5,8.5,9.2
-45581.5689,4.7,5.1,9.2
-45580.05631,5.0,8.6,9.2
-45581.69664,5.1,5.3,9.7
-45580.66206,5.5,6.0,10.1
-45580.68876,5.8,12.4,8.8
-45580.01973,6.3,6.9,10.1
-45580.61455,3.2,8.7,9.7
-45580.89548,5.0,6.0,8.8
-45583.25627,5.4,5.3,9.2
-45580.05522,5.8,8.7,9.8
-45580.11131,6.0,8.5,9.7
-45584.10987,6.5,5.1,9.1
-45583.89632,6.8,5.0,9.2
-45580.36301,6.9,6.3,10.1
-45580.07678,9.0,8.9,10.2
-45579.92084,3.5,7.4,10.2
-45580.37692,3.7,8.6,9.8
-45580.29325,4.2,5.0,9.1
-45580.54824,5.8,6.1,10.2
-45583.96114,5.9,5.2,9.1
-45580.01087,6.6,6.8,10.2
-45579.98516,6.7,8.5,9.1
-45580.2425,8.7,9.8,9.8
-45579.91707,3.3,10.9,9.8
-45579.99919,3.9,10.3,9.8
-45580.27787,5.1,12.9,8.7
-45580.55083,5.5,12.5,8.7
-45579.96224,5.7,11.7,9.1
-45580.80872,6.0,12.6,8.7
-45580.52772,6.4,6.2,10.2
-45582.33876,7.4,5.5,9.1
-45580.1919,8.1,5.6,9.1
-45580.7667,3.3,8.7,9.5
-45580.26399,3.8,9.0,8.7
-45581.8685,5.0,5.3,9.5
-45580.13996,6.1,8.5,9.5
-45579.91321,6.8,11.5,9.8
-45580.18554,7.5,5.8,10.2
-45580.24844,3.5,10.2,9.5
-45580.58487,5.1,6.2,8.9
-45583.49608,5.5,5.1,9.3
-45579.97634,5.7,8.5,9.3
-45580.02936,6.4,11.4,9.5
-45579.95711,6.8,8.7,10.0
-45583.52681,6.9,5.2,9.3
-45579.93655,8.2,8.8,8.9
-45580.1804,9.0,8.1,9.5
-45580.14431,3.8,8.4,9.3
-45581.07333,4.6,5.3,9.3
-45580.90482,5.0,5.1,10.0
-45580.04076,5.4,6.2,10.4
-45579.92186,6.2,7.5,10.4
-45580.1648,6.8,6.1,10.4
-45580.83477,7.3,5.7,10.0
-45580.11423,3.5,10.0,10.0
-45580.93253,6.5,12.5,8.9
-45579.96754,6.7,9.1,8.9
-45580.65734,7.0,12.6,8.9
-45581.40063,7.8,4.8,9.3
-45580.26929,9.0,8.3,10.0
-45580.89598,3.4,9.3,8.9
-45580.47271,3.9,9.2,9.0
-45580.02489,6.0,11.7,9.9
-45580.23071,6.2,11.6,9.4
-45580.26826,6.7,11.7,9.3
-45579.94974,7.4,6.4,10.3
-45580.08904,3.8,10.1,9.9
-45580.06686,4.2,8.7,9.9
-45580.16735,6.2,9.0,9.0
-45580.75716,6.8,12.4,9.0
-45582.14227,7.5,4.9,9.4
-45580.64599,7.6,5.6,9.9
-45580.61781,3.5,8.5,9.4
-45580.12603,4.0,8.6,9.4
-45580.31825,4.3,5.2,9.4
-45583.78206,5.8,5.0,9.4
-45580.23672,5.9,6.3,10.3
-45583.7137,6.4,5.3,9.4
-45580.50546,6.5,6.0,10.3
-45580.06363,6.5,8.6,9.9
-45579.95124,8.6,10.4,9.9
-45580.59089,8.7,8.9,9.0
-45580.58073,9.0,9.8,9.4
-45579.94825,9.1,9.5,10.3
-45579.97431,3.4,8.3,10.3
-45580.41855,5.8,6.5,9.4
-45582.59064,6.4,5.8,9.4
-45580.96914,6.5,5.5,10.3
-45580.07447,6.7,6.7,9.9
-45580.59074,7.0,5.6,10.3
-45580.0993,7.3,12.7,9.4
-45580.19419,8.6,9.1,9.9
-45580.72992,9.0,9.3,9.4
-45580.20557,3.8,9.4,9.9
-45579.96046,4.4,8.9,9.9
-45582.05944,5.2,5.7,9.0
-45581.31538,5.9,4.8,10.3
-45580.26261,6.1,8.9,9.4
-45579.93033,6.7,8.1,10.3
-45580.40378,6.8,13.0,9.4
-45579.99835,6.9,12.2,9.9
-45579.93135,7.1,8.3,9.0
-45580.41301,7.4,5.1,10.3
-45580.26988,7.5,6.2,9.4
-45580.69162,8.9,8.7,9.0
-45580.27012,3.4,9.8,8.9
-45579.95874,5.5,12.1,9.9
-45579.96437,5.8,12.0,10.0
-45580.06741,6.3,8.8,9.9
-45580.02523,6.4,12.3,10.0
-45579.96655,6.6,8.9,10.0
-45580.1637,8.4,8.6,8.9
-45580.47623,9.1,8.5,8.9
-45580.19407,3.5,9.5,10.0
-45580.03518,4.0,9.6,10.0
-45580.50198,5.9,13.2,9.3
-45580.56088,6.5,13.1,9.3
-45580.62641,6.8,5.4,10.4
-45580.02332,8.3,9.0,10.0
-45579.99282,9.0,6.8,10.0
-45580.28194,4.6,5.8,9.3
-45580.61839,5.4,4.9,10.4
-45580.63857,5.5,6.4,9.3
-45582.169,5.7,5.6,8.9
-45579.93801,6.2,8.0,10.4
-45580.144,8.1,9.1,9.3
-45582.97436,5.1,4.9,8.9
-45580.00484,5.4,12.3,9.8
-45579.95549,5.6,8.9,9.8
-45580.36808,6.2,6.6,10.0
-45579.94186,6.2,9.4,9.8
-45580.07505,6.8,12.0,9.8
-45581.99046,6.9,5.9,9.3
-45580.40913,7.5,5.3,10.2
-45579.96138,8.3,8.4,10.2
-45580.76894,3.2,9.7,9.1
-45580.25647,3.9,8.8,9.8
-45580.11271,5.1,12.3,9.1
-45580.5063,5.5,13.1,9.1
-45581.68894,6.4,4.9,10.2
-45580.98507,6.7,5.6,8.7
-45580.51372,6.9,13.2,9.1
-45581.12549,7.4,6.0,9.1
-45580.28719,8.7,9.3,9.8
-45579.99565,3.5,6.7,9.8
-45580.03209,3.5,8.1,10.2
-45581.26384,5.8,5.4,10.2
-45581.28846,5.9,5.9,9.1
-45579.97208,6.6,8.3,10.2
-45580.96957,9.1,9.1,9.1
-45580.6663,3.5,8.9,9.5
-45580.98242,4.8,5.7,8.7
-45581.25202,5.0,5.8,9.5
-45580.40449,5.8,12.2,9.5
-45580.15304,6.3,5.7,10.6
-45580.47065,6.4,12.1,9.5
-45579.91859,6.6,9.5,9.5
-45580.20078,8.3,9.2,9.5
-45580.43334,3.8,8.8,9.6
-45579.93126,4.4,9.5,9.6
-45579.94169,5.3,6.6,9.6
-45580.11901,5.6,6.7,9.5
-45580.35831,6.6,5.6,10.5
-45580.33952,8.6,9.3,9.6
-45580.03631,3.8,8.0,10.1
-45580.29819,4.5,5.6,8.8
-45580.13016,4.6,4.9,10.1
-45582.08741,5.0,5.5,8.8
-45581.20961,5.1,5.8,9.7
-45582.11648,5.4,5.8,9.2
-45581.19977,5.5,5.5,10.1
-45580.19421,5.5,12.3,9.6
-45580.01514,5.7,6.7,9.7
-45580.07097,5.7,8.9,9.6
-45581.49044,6.0,5.6,10.1
-45580.27183,6.2,5.7,8.8
-45580.00227,6.3,8.2,10.1
-45580.02261,6.3,9.4,9.6
-45580.0821,6.8,6.5,9.2
-45581.64571,6.9,4.8,10.1
-45580.15105,6.9,12.0,9.6
-45580.02968,7.5,12.9,9.2
-45579.96137,8.0,9.3,9.2
-45580.03626,8.2,9.2,9.7
-45580.54845,3.4,8.9,9.7
-45580.51798,3.7,9.6,9.2
-45580.62419,5.8,13.0,9.2
-45580.26755,5.9,12.2,9.7
-45580.26545,6.5,12.1,9.7
-45579.97483,7.1,8.9,9.2
-45580.19583,7.8,5.2,10.1
-45580.09156,8.6,8.5,10.1
-45580.012,4.4,8.9,9.3
-45580.34181,5.5,12.1,9.3
-45579.9824,6.1,8.9,10.0
-45580.26521,6.3,8.8,9.3
-45580.45071,6.9,12.2,9.3
-45582.84976,7.4,5.1,8.9
-45580.00653,3.5,7.0,10.0
-45580.53935,3.8,9.4,9.3
-45583.71845,5.9,4.8,8.9
-45582.40962,6.5,5.5,8.9
-45582.41073,7.0,5.6,8.9
-45580.07988,7.5,6.2,10.0
-45580.53449,8.6,9.1,9.3
-45580.21647,9.0,9.3,10.0
-45580.02728,3.4,8.3,8.9
-45580.04804,4.2,5.4,8.9
-45580.12345,5.2,5.7,10.4
-45579.9191,5.8,5.8,10.7
-45580.38917,5.8,6.5,10.0
-45581.55594,6.4,5.8,10.0
-45579.91997,6.7,6.7,9.3
-45579.91494,7.2,9.2,9.3
-45580.13275,4.6,5.8,9.9
-45581.32755,4.7,5.5,9.0
-45580.07097,5.0,6.4,9.4
-45580.49474,5.1,4.9,10.3
-45583.60978,5.4,4.9,9.0
-45580.35157,5.5,6.4,9.9
-45579.92368,5.6,8.3,9.0
-45580.75608,5.7,5.6,10.3
-45580.27811,6.0,6.7,9.9
-45579.95658,6.0,8.1,10.3
-45580.01097,6.2,6.6,9.4
-45583.31861,6.8,5.4,9.0
-45581.31161,6.9,5.9,9.9
-45580.2534,8.3,9.0,9.4
-45580.00072,3.2,6.5,9.9
-45580.67697,3.5,9.5,9.4
-45579.97381,4.2,9.7,9.9
-45579.97026,5.9,13.2,9.9
-45579.94239,8.1,9.1,9.9
-45580.25524,4.0,9.6,9.4
-45580.42243,5.8,12.0,9.4
-45580.64009,6.4,12.3,9.4
-45580.00226,6.5,13.1,9.9
-45580.22769,6.6,8.9,9.4
-45580.34902,6.9,6.5,9.6
-45579.94929,7.3,8.4,9.0
-45581.31745,7.9,5.0,9.0
-45579.91859,8.4,8.6,10.3
-45579.99732,9.1,8.5,10.3
-45580.4876,3.6,9.6,9.6
-45580.18332,5.4,5.5,10.5
-45582.04902,5.5,5.8,9.6
-45580.29793,5.9,13.0,9.6
-45580.40434,6.1,5.6,10.5
-45580.60714,6.8,4.8,10.5
-45580.00723,8.1,9.3,9.6
-45580.19777,4.8,5.7,10.1
-45580.03241,5.2,6.6,9.2
-45582.04717,5.9,5.9,9.7
-45579.95579,7.0,8.9,9.6
-45579.9375,8.6,10.0,10.1
-45580.44926,4.3,4.8,8.8
-45582.7266,5.8,5.4,8.8
-45583.63588,6.4,4.9,8.8
-45580.91584,6.5,6.4,9.7
-45581.36256,6.7,5.6,10.1
-45580.62333,8.7,9.3,9.2
-45580.54056,9.1,9.1,9.7
-45580.49463,3.2,9.7,9.7
-45580.38387,3.9,8.8,9.2
-45580.06035,5.0,13.1,9.2
-45580.02657,5.5,13.1,9.7
-45580.04946,6.9,13.2,9.7
-45580.73212,7.4,6.0,9.7
-45580.00177,5.3,8.8,9.1
-45580.39012,5.4,12.3,9.2
-45580.1206,5.6,8.9,9.2
-45579.92555,6.0,9.5,9.7
-45579.99632,6.2,9.4,9.2
-45580.69183,6.5,12.1,9.1
-45580.50714,6.8,12.0,9.2
-45582.36941,7.5,5.3,8.8
-45581.43266,7.8,5.2,8.7
-45579.94827,8.1,8.5,10.1
-45580.05812,8.6,8.5,8.7
-45579.99561,9.0,7.9,10.2
-45580.0743,5.8,13.0,9.8
-45580.75377,5.9,12.2,9.1
-45579.96453,7.2,7.8,8.7
-45580.95169,3.4,8.9,9.1
-45580.30526,3.7,9.6,9.8
-45581.63727,5.1,5.8,9.1
-45579.99921,6.1,8.3,10.2
-45581.10895,6.2,5.7,10.2
-45583.23925,6.9,4.8,8.7
-45580.13199,7.4,12.5,9.1
-45580.13091,8.2,9.2,9.1
-45581.31225,4.6,4.9,8.7
-45580.36448,5.0,5.5,10.2
-45581.49668,5.4,5.8,9.8
-45582.19684,5.5,5.5,8.7
-45580.53373,6.0,5.6,8.7
-45580.32246,6.8,6.5,9.8
-45580.64483,3.3,9.7,9.5
-45580.14153,5.4,13.1,9.5
-45580.26989,5.9,5.4,10.6
-45579.99439,6.1,9.5,9.5
-45580.47414,6.5,4.9,10.6
-45580.26749,6.8,13.2,9.5
-45580.06719,7.1,6.7,9.5
-45580.59427,7.5,6.0,9.5
-45580.67044,9.0,9.1,9.5
-45580.10876,5.0,6.0,10.2
-45582.07049,5.4,5.3,9.8
-45580.06386,5.5,8.6,9.1
-45582.22021,5.8,5.9,9.5
-45579.93557,6.0,8.5,9.1
-45580.06874,6.2,8.4,9.8
-45580.82954,6.4,6.4,9.5
-45582.66535,6.8,5.0,9.8
-45580.93543,3.2,8.7,9.1
-45580.6872,4.7,5.1,9.8
-45582.69521,5.1,5.3,9.1
-45580.02797,5.5,6.0,8.7
-45580.05751,6.1,6.8,10.2
-45580.7664,6.7,12.6,8.7
-45580.99684,7.2,7.3,8.7
-45580.21243,7.4,13.1,8.7
-45580.37223,7.9,5.4,9.8
-45580.22325,8.7,8.3,9.8
-45580.0277,8.9,10.6,9.8
-45580.05399,3.5,9.1,10.2
-45580.26981,4.3,5.0,9.5
-45583.47668,5.8,5.2,9.5
-45579.97687,5.9,6.1,10.6
-45580.8899,5.9,12.8,8.7
-45583.72484,6.4,5.1,9.5
-45579.96794,6.5,6.2,10.6
-45579.96952,6.6,8.5,9.5
-45580.1395,7.8,5.9,8.7
-45580.03749,9.0,10.4,9.5
-45580.08512,5.6,11.7,9.5
-45581.62244,7.5,5.5,9.5
-45580.3699,8.0,5.6,9.5
-45580.76406,4.6,5.1,9.6
-45579.99443,5.4,6.0,10.5
-45582.77389,5.5,5.3,9.6
-45579.91259,6.2,6.9,10.5
-45580.07634,6.3,8.4,9.6
-45580.00658,6.8,6.3,10.5
-45583.06462,6.9,5.0,9.6
-45580.80839,7.8,5.4,9.6
-45579.91525,8.6,8.3,9.6
-45580.0904,3.8,9.0,10.1
-45580.08668,5.0,12.5,8.8
-45580.60079,5.4,12.9,8.8
-45580.04021,5.7,11.7,9.7
-45580.98945,6.2,12.7,8.8
-45581.47939,7.4,5.5,9.7
-45581.3013,7.5,5.8,8.8
-45580.07872,8.1,5.6,9.7
-45580.24256,3.4,7.9,9.7
-45580.4442,3.7,8.6,9.2
-45579.94543,4.2,5.0,9.7
-45580.54612,5.2,7.5,8.8
-45579.97662,8.7,9.8,9.2
-45579.96916,3.4,9.3,10.3
-45580.13039,5.8,8.7,9.2
-45580.04689,5.8,11.5,9.4
-45583.08641,5.9,5.2,9.7
-45580.88592,6.4,12.9,9.0
-45583.1968,6.5,5.1,9.7
-45579.96319,6.7,8.5,9.7
-45579.97126,6.7,11.7,9.9
-45580.02258,8.6,9.5,10.1
-45580.39897,9.0,8.3,9.4
-45580.82812,9.0,8.9,8.8
-45580.17503,9.1,10.4,9.7
-45580.38679,3.5,10.0,9.4
-45580.25317,3.8,8.4,9.9
-45580.332,4.6,5.3,9.9
-45580.173,4.7,6.0,9.0
-45582.17404,5.0,5.1,9.4
-45580.33505,5.2,12.7,9.0
-45580.67306,5.4,6.2,9.0
-45579.97383,5.7,8.5,9.9
-45580.35335,6.8,6.1,9.0
-45582.12163,6.9,5.2,9.9
-45581.94842,7.3,5.7,9.4
-45580.52558,7.8,4.8,9.9
-45579.97658,8.6,8.1,9.9
-45580.34098,8.9,9.7,9.0
-45580.01377,5.1,6.2,10.3
-45582.06194,5.5,5.1,9.9
-45580.08449,5.8,5.3,10.7
-45580.23268,6.4,5.0,10.7
-45582.1524,6.4,5.3,10.0
-45580.0118,6.8,8.7,9.4
-45579.96355,7.0,8.5,9.3
-45580.7731,9.1,9.5,8.9
-45580.28322,3.5,8.5,10.0
-45580.11544,4.0,8.6,10.0
-45579.98377,4.1,5.3,9.3
-45580.08356,4.2,8.7,9.3
-45582.1672,5.8,5.0,10.0
-45580.05863,6.0,9.1,8.9
-45580.11375,6.5,8.6,9.3
-45580.89614,7.5,4.9,10.0
-45579.9215,7.8,13.2,8.9
-45580.16891,9.0,9.8,10.0
-45579.94557,3.8,8.4,10.3
-45582.63574,5.0,5.1,9.0
-45580.83804,5.7,12.6,8.9
-45580.32728,6.0,11.7,9.3
-45579.95394,6.2,11.6,10.0
-45580.74758,6.9,12.8,8.9
-45581.49925,7.6,5.6,9.3
-45580.15862,3.2,7.6,9.9
-45580.00071,4.7,6.0,9.4
-45580.02864,4.7,8.6,9.0
-45580.24263,5.1,6.2,9.9
-45581.01027,5.4,6.2,9.4
-45580.90201,5.5,5.1,10.3
-45580.09012,5.6,6.8,9.4
-45579.91686,5.7,8.5,10.3
-45579.93078,6.3,7.8,10.3
-45581.43556,6.8,6.1,9.4
-45580.0698,6.8,8.7,9.0
-45580.92296,6.9,5.2,10.3
-45579.93617,8.0,8.9,9.4
-45580.02301,8.2,8.8,9.9
-45580.56496,8.9,9.7,9.4
-45580.32387,3.4,9.3,9.9
-45580.55591,6.4,12.9,9.4
-45580.05717,9.1,7.0,9.9
-45580.11742,5.2,12.7,9.4
-45580.58774,5.7,12.6,9.3
-45580.02642,5.9,11.8,9.9
-45579.95048,6.2,9.0,10.0
-45580.11139,6.5,12.5,9.9
-45579.94064,6.7,9.1,9.9
-45579.94267,6.8,12.4,10.0
-45579.93904,7.0,12.6,9.9
-45582.00073,7.3,5.7,9.0
-45581.54323,7.6,5.6,8.9
-45579.96114,7.8,4.8,10.3
-45579.91111,8.6,8.1,10.3
-45580.13325,9.0,8.3,9.0
-45580.11768,3.9,9.2,10.0
-45580.19624,6.0,9.1,9.3
-45580.48302,6.9,12.8,9.3
-45580.26756,7.4,6.4,9.3
-45580.15831,7.5,4.9,10.4
-45579.9594,3.7,7.7,10.0
-45580.90949,5.8,5.0,10.4
-45580.86382,6.4,5.3,10.4
-45579.98715,6.5,8.6,8.9
-45579.92184,6.6,7.9,10.4
-45580.03715,8.4,9.6,9.3
-45580.17764,8.7,8.9,10.0
-45580.79955,9.1,9.5,9.3
-45580.42407,3.9,9.0,9.5
-45579.94159,4.1,5.3,8.9
-45580.05866,4.2,8.7,8.9
-45579.98262,4.5,9.3,9.5
-45580.22075,5.4,12.5,9.5
-45580.01555,5.6,9.1,9.5
-45580.54307,5.9,6.3,9.3
-45580.53224,6.1,12.6,9.5
-45580.13332,6.2,9.2,9.5
-45581.67107,6.5,6.0,9.3
-45580.1757,6.8,11.8,9.5
-45580.00806,7.0,9.1,9.1
-45580.45556,8.7,9.5,9.5
-45580.41134,3.5,9.1,9.8
-45580.1648,5.8,12.4,9.8
-45580.15397,6.4,11.9,9.8
-45579.93863,6.6,9.3,9.8
-45580.81356,6.7,12.6,9.1
-45580.24976,7.8,5.9,9.1
-45579.92,7.9,5.4,10.2
-45580.02232,8.7,8.3,10.2
-45580.95334,5.4,5.3,10.2
-45580.82158,5.9,12.8,9.1
-45580.00016,6.2,8.4,10.2
-45580.39364,3.2,8.7,8.7
-45579.91084,3.9,7.8,10.2
-45580.10936,4.7,5.1,10.2
-45580.55161,5.0,6.0,9.8
-45582.60982,5.1,5.3,8.7
-45581.34199,5.5,6.0,9.1
-45580.17521,6.1,6.8,9.8
-45581.39575,6.8,5.0,10.2
-45580.38464,6.9,6.3,9.1
-45580.16699,7.4,13.1,9.1
-45580.04876,8.3,9.4,9.8
-45580.09496,3.4,7.9,10.1
-45580.40159,3.7,8.6,8.8
-45580.92881,5.8,6.1,9.2
-45581.80082,5.9,5.2,10.1
-45580.27878,6.4,6.2,9.2
-45579.97379,6.7,8.5,10.1
-45580.88454,9.0,8.9,9.2
-45579.91021,9.1,10.4,10.1
-45580.34888,3.8,9.0,9.7
-45579.95407,4.4,9.3,9.7
-45580.01005,5.0,12.5,9.2
-45580.41413,5.4,12.9,9.2
-45579.9961,5.8,8.7,8.8
-45581.90406,6.5,5.1,10.1
-45581.28765,7.5,5.8,9.2
-45580.27864,8.6,9.5,9.7
-45579.94642,5.0,5.3,10.5
-45580.12841,5.5,12.5,9.7
-45579.96355,5.7,9.1,9.7
-45579.96494,6.0,6.8,9.6
-45580.30422,6.0,12.6,9.7
-45580.06532,6.1,9.3,9.2
-45580.8429,6.2,12.7,9.2
-45580.05439,6.3,9.2,9.7
-45580.03439,6.9,11.8,9.7
-45580.6465,7.4,5.5,10.1
-45580.62713,3.4,9.1,9.6
-45580.84508,5.1,6.0,9.6
-45580.27382,6.5,11.9,9.6
-45579.91008,7.2,6.6,9.6
-45579.9293,7.4,12.3,9.6
-45580.0595,8.2,9.4,9.6
-45580.12541,3.2,9.7,10.1
-45580.22597,3.9,8.8,8.8
-45580.38638,5.9,12.4,9.6
-45579.95132,6.7,9.3,9.6
-45580.27553,7.4,6.0,10.1
-45579.93266,3.8,10.5,9.7
-45580.48174,4.3,4.8,9.2
-45580.7366,4.8,5.7,9.7
-45580.16777,5.0,13.1,8.8
-45580.42885,5.4,12.3,8.8
-45581.06781,5.9,5.9,10.1
-45580.44171,6.5,6.4,10.1
-45579.92157,6.8,12.0,8.8
-45579.91893,7.1,7.2,8.8
-45582.24954,7.5,5.3,9.2
-45580.02524,8.3,8.4,9.2
-45580.16122,8.6,10.0,9.7
-45579.98746,3.4,7.2,10.1
-45580.15565,3.4,10.4,9.6
-45583.53838,5.8,5.4,9.2
-45584.17807,6.4,4.9,9.2
-45582.51635,6.7,5.6,9.7
-45580.41544,8.7,9.3,8.8
-45580.16304,9.1,7.9,9.6
-45580.16051,9.1,9.1,10.1
-45580.18971,4.4,5.6,9.6
-45581.21246,4.9,5.7,9.5
-45581.75171,5.1,5.5,9.6
-45579.91291,5.6,6.7,10.5
-45582.75348,6.3,5.7,9.6
-45582.98785,6.6,5.6,9.5
-45580.19481,8.7,10.0,9.5
-45582.7093,6.0,5.6,9.1
-45580.77512,9.2,8.7,9.5
-45580.1892,4.5,5.6,9.8
-45581.37873,4.6,4.9,9.1
-45581.13152,5.0,5.5,9.8
-45581.31993,5.1,5.8,8.7
-45583.0554,5.5,5.5,9.1
-45580.00469,6.1,8.3,9.8
-45582.32033,6.2,5.7,9.8
-45580.14014,6.8,6.5,10.2
-45583.79048,6.9,4.8,9.1
-45580.1719,7.4,12.5,8.7
-45579.9145,9.2,10.9,9.8
-45580.72785,3.4,8.9,8.7
-45580.1337,3.5,10.4,9.8
-45579.96227,3.7,9.6,10.2
-45580.58769,5.4,5.8,10.2
-45580.01691,5.9,12.2,8.7
-45581.51012,7.8,5.2,9.1
-45580.00081,8.4,5.1,9.1
-45580.26334,8.6,8.5,9.1
-45580.21798,9.0,7.9,9.8
-45580.87664,5.2,5.7,10.0
-45583.99801,5.9,4.8,9.3
-45583.38273,6.5,5.5,9.3
-45579.96059,6.6,5.7,10.7
-45582.77921,7.0,5.6,9.3
-45580.42566,8.6,9.1,8.9
-45580.40601,3.4,8.3,9.3
-45580.11169,4.2,5.4,9.3
-45580.2646,5.5,12.1,8.9
-45580.03872,5.8,6.5,10.4
-45580.10856,6.3,8.8,8.9
-45580.47527,6.4,5.8,10.4
-45579.93451,7.6,8.5,9.3
-45579.99153,8.7,10.2,10.0
-45580.40703,9.1,10.0,9.3
-45580.37631,3.8,9.4,8.9
-45580.02504,3.9,9.9,10.0
-45580.56057,6.9,12.2,8.9
-45582.53001,7.4,5.1,9.3
-45580.25354,8.9,8.7,10.0
-45580.73843,3.5,9.5,9.0
-45579.91225,7.5,6.2,10.4
-45580.28271,3.4,9.8,9.9
-45580.5238,5.8,12.0,9.0
-45580.85422,6.4,12.3,9.0
-45580.14922,6.6,8.9,9.0
-45580.99143,7.9,5.0,9.4
-45580.11636,8.4,8.6,9.9
-45580.41174,9.1,8.5,9.9
-45581.07324,4.7,5.5,9.4
-45581.3681,5.1,4.9,9.9
-45583.2135,5.4,4.9,9.4
-45580.07144,5.5,6.4,10.3
-45581.89191,5.7,5.6,9.9
-45580.04836,6.0,6.7,10.3
-45580.42855,6.9,5.9,10.3
-45580.83037,5.2,6.1,9.5
-45580.04686,5.3,5.2,10.6
-45580.29297,5.6,12.9,9.5
-45580.37692,6.1,11.9,9.5
-45581.35692,6.6,6.2,9.5
-45580.35187,6.7,5.1,10.6
-45583.28578,6.8,5.4,9.4
-45580.38206,6.8,12.7,9.5
-45580.00496,7.3,13.0,9.5
-45580.68559,7.7,5.8,9.5
-45580.09449,8.3,9.0,9.0
-45580.8154,3.6,9.1,9.1
-45580.16553,4.0,9.3,9.8
-45580.20938,4.2,9.2,9.1
-45580.53907,7.0,12.9,9.1
-45580.99788,7.3,5.9,9.8
-45580.01179,3.9,8.7,10.2
-45580.36431,5.3,12.4,9.1
-45580.18727,5.9,9.0,9.1
-45581.10328,6.2,6.3,9.8
-45580.21505,6.4,12.6,9.8
-45580.01191,6.5,9.3,9.1
-45580.4658,6.7,11.9,9.1
-45579.98667,7.1,12.5,9.8
-45582.62935,7.2,5.4,8.7
-45579.93492,8.9,9.9,10.2
-45580.10844,3.3,7.5,9.8
-45580.62452,4.4,5.1,8.7
-45583.04989,5.2,5.2,8.8
-45581.4096,5.6,6.0,9.8
-45579.91917,5.6,8.6,10.2
-45582.95329,5.7,5.3,8.7
-45581.61224,6.1,5.1,10.2
-45583.54463,6.3,5.0,8.7
-45579.91899,6.4,8.5,8.8
-45579.9871,7.9,8.8,9.2
-45580.66485,8.8,9.4,9.1
-45580.20113,3.4,8.6,10.1
-45580.03186,4.1,8.5,10.1
-45582.38262,4.9,5.0,8.8
-45580.89342,5.3,6.1,9.7
-45580.60708,5.6,12.5,9.2
-45580.2063,6.0,11.9,9.7
-45579.98397,6.5,6.8,9.7
-45583.72231,6.6,5.1,8.8
-45581.27289,6.7,6.2,9.7
-45580.07079,6.8,9.2,9.2
-45581.3131,7.0,5.3,10.1
-45581.48858,7.1,6.0,9.2
-45579.91876,7.2,13.0,9.7
-45580.13866,7.3,12.2,9.2
-45580.12578,8.3,4.8,8.8
-45579.91529,8.4,9.8,10.1
-45580.25644,8.5,9.5,9.2
-45580.72464,9.0,9.6,9.2
-45579.94828,3.2,10.3,10.1
-45580.97981,3.3,9.0,9.2
-45580.01373,5.4,9.1,9.2
-45580.44146,6.2,11.8,9.2
-45580.14883,6.9,12.7,9.7
-45580.7537,7.6,5.8,9.7
-45581.43839,7.7,5.5,8.8
-45580.40339,5.6,5.3,10.5
-45581.81177,5.7,6.0,9.6
-45580.15923,5.7,12.9,9.7
-45580.75043,6.2,5.0,10.5
-45580.19229,4.1,9.3,9.6
-45580.04293,5.3,12.8,9.6
-45583.83229,5.6,5.1,9.0
-45581.22321,6.3,6.3,9.6
-45580.40765,6.5,12.6,9.6
-45580.19777,7.0,12.5,9.6
-45581.47373,7.2,5.9,9.6
-45580.05732,7.3,5.4,10.5
-45580.08766,3.2,6.9,9.9
-45580.37157,3.3,8.4,9.0
-45580.96306,4.5,5.3,9.0
-45580.0496,5.4,8.5,9.0
-45580.93843,5.7,6.2,9.9
-45581.13674,6.0,5.3,10.3
-45580.01587,6.1,8.6,9.0
-45583.93785,6.2,5.2,9.0
-45581.3211,6.3,6.1,9.9
-45579.9304,8.2,9.7,9.9
-45580.70611,8.9,8.8,9.4
-45580.82282,9.2,9.4,9.4
-45580.58897,3.7,9.3,9.4
-45580.08592,5.8,9.2,9.4
-45580.07266,5.9,12.7,9.9
-45581.91488,6.1,6.0,9.4
-45580.18488,6.4,9.1,9.4
-45580.58893,6.6,12.5,9.4
-45579.9199,7.0,11.9,9.9
-45583.10413,7.3,4.8,9.0
-45580.95403,3.2,9.2,9.3
-45580.08668,4.1,9.1,9.9
-45580.1638,4.3,9.0,9.4
-45580.08241,5.1,12.6,9.3
-45579.99376,6.2,12.8,10.0
-45580.07051,6.4,11.7,9.0
-45579.999,6.7,12.9,9.9
-45579.95596,8.9,7.3,10.0
-45580.0191,4.6,9.1,9.3
-45579.9433,5.5,9.3,9.3
-45580.39346,5.7,11.9,9.3
-45580.63231,6.0,12.9,9.3
-45580.02361,6.1,12.5,10.0
-45580.78401,6.3,12.4,9.3
-45580.10242,6.9,9.0,9.3
-45579.9834,7.5,5.6,10.4
-45582.30321,7.6,4.9,8.9
-45580.1974,8.2,5.4,8.9
-45580.04802,9.2,7.1,10.0
-45580.40703,3.6,8.5,8.9
-45581.99166,4.8,5.2,8.9
-45580.16205,5.2,6.3,10.0
-45583.42574,5.3,5.0,8.9
-45581.15718,6.6,6.0,10.0
-45581.07708,7.0,6.2,9.3
-45580.21049,3.7,8.3,10.0
-45580.68976,4.8,5.9,8.9
-45580.63902,4.9,5.4,10.0
-45580.14581,4.9,6.1,10.0
-45581.33952,5.2,4.8,10.0
-45582.80277,5.9,5.7,9.3
-45579.99704,6.4,6.7,10.4
-45579.93392,6.4,8.1,10.0
-45583.46269,6.7,5.3,8.9
-45580.89656,6.7,5.8,8.9
-45580.53255,7.1,5.1,10.4
-45579.98233,7.1,6.4,10.4
-45580.05082,7.2,12.0,9.3
-45580.30336,8.4,8.9,9.3
-45580.11712,8.7,9.6,10.0
-45579.92661,5.8,8.2,10.0
-45580.73778,6.0,12.3,8.9
-45580.86938,6.3,13.0,8.9
-45580.20754,6.6,4.8,10.7
-45581.85275,6.6,5.5,10.0
-45583.50612,7.0,4.9,9.3
-45580.09672,7.6,6.2,8.9
-45580.51101,7.7,5.1,10.0
-45579.91365,8.0,8.6,10.0
-45580.49839,8.1,5.3,9.3
-45580.03456,8.2,8.7,9.3
-45580.08807,8.9,7.8,10.0
-45580.31777,9.2,8.4,10.0
-45580.58803,3.2,9.9,9.3
-45579.9633,3.4,10.7,9.9
-45579.91207,3.6,9.5,10.3
-45580.39952,3.7,9.8,9.4
-45580.26639,4.0,8.9,9.0
-45580.04596,4.9,13.0,9.0
-45580.71997,6.6,13.1,9.0
-45580.18293,7.1,12.1,9.0
-45581.69326,7.2,5.0,9.9
-45580.51472,7.3,6.3,9.0
-45580.37128,8.7,8.6,9.4
-45579.96985,4.5,5.8,9.0
-45580.29846,5.2,13.2,9.0
-45582.58258,5.4,5.6,9.4
-45582.42156,5.7,4.9,9.9
-45583.38546,6.1,5.5,9.4
-45580.02419,6.3,4.9,10.8
-45582.41639,6.3,5.4,9.9
-45579.99751,6.9,6.6,10.3
-45580.06278,7.5,12.6,9.0
-45579.96134,8.8,9.0,10.3
-45580.35949,9.2,10.1,9.4
-45580.38112,3.2,8.2,9.9
-45580.01173,4.4,5.5,9.9
-45581.03118,5.1,5.6,9.9
-45580.69829,6.0,5.8,10.3
-45580.41487,6.2,5.9,9.0
-45580.0378,7.7,8.6,9.2
-45580.04514,8.2,5.0,9.7
-45580.23071,3.2,8.8,10.1
-45580.64193,5.6,13.1,8.8
-45580.03011,6.1,12.1,8.8
-45579.9377,6.2,11.3,9.2
-45580.69102,6.2,13.2,8.8
-45579.92114,6.3,12.0,10.1
-45581.15786,7.6,5.3,9.7
-45580.31101,7.7,6.0,8.8
-45580.91255,8.0,5.1,9.2
-45580.38655,8.8,8.4,9.7
-45580.20948,3.6,8.1,9.7
-45579.98231,4.0,8.3,9.2
-45580.03234,4.1,9.8,9.6
-45581.12343,4.8,4.8,9.7
-45581.27928,5.2,5.9,8.8
-45582.05725,5.3,5.4,9.7
-45580.23175,5.9,6.6,10.1
-45582.9791,6.4,5.6,9.2
-45583.10378,6.7,4.9,9.7
-45580.8711,7.0,5.8,10.1
-45582.8889,7.1,5.5,9.2
-45580.373,7.3,12.8,8.8
-45579.98813,8.4,9.3,10.1
-45580.65115,9.1,8.6,9.6
-45579.95894,9.1,10.8,9.7
-45580.36042,3.2,8.0,9.6
-45580.37042,4.4,4.9,9.6
-45580.1468,5.6,5.8,10.5
-45582.82604,5.7,5.5,9.6
-45579.99591,6.2,6.5,10.5
-45583.61707,6.3,4.8,9.6
-45579.93156,6.7,6.4,10.6
-45582.39066,7.2,5.2,9.6
-45579.91271,7.3,6.1,10.5
-45580.36519,3.3,8.0,9.8
-45580.33795,4.5,4.9,9.8
-45580.79995,4.6,5.6,9.1
-45581.76555,4.9,4.8,9.5
-45582.28818,5.2,5.4,9.5
-45580.09168,5.7,5.8,8.7
-45580.33199,6.1,6.4,10.2
-45583.67906,6.6,4.9,9.5
-45580.00279,7.6,12.9,8.7
-45581.255,7.7,5.3,9.5
-45580.03927,8.3,5.0,9.5
-45580.44151,8.9,8.4,9.5
-45580.10548,9.2,9.0,10.2
-45580.03922,3.7,8.9,10.2
-45582.19175,5.6,5.5,9.8
-45584.15742,6.0,4.9,9.1
-45583.09158,6.2,4.8,9.8
-45582.46522,6.9,5.7,9.1
-45579.91641,8.7,7.7,10.2
-45580.03424,8.9,9.2,10.2
-45580.33617,3.4,9.6,8.7
-45580.11885,4.0,9.8,9.8
-45580.47056,5.3,13.0,8.7
-45580.35307,7.0,12.3,8.7
-45580.24364,7.2,6.1,8.7
-45580.01764,7.2,8.7,9.1
-45580.47065,9.0,8.6,9.8
-45579.97129,3.2,6.6,9.6
-45580.05505,5.3,12.2,9.6
-45579.9721,5.5,6.7,9.6
-45580.92693,6.0,6.4,9.6
-45580.76819,6.1,4.9,10.5
-45579.94463,6.5,9.5,9.6
-45580.22826,6.8,5.7,10.5
-45581.66787,7.3,5.2,9.8
-45580.14479,8.5,8.5,9.8
-45580.46388,8.8,9.2,9.6
-45580.52554,3.6,8.9,9.6
-45580.11709,4.2,9.4,9.6
-45579.91259,5.9,8.0,10.1
-45580.16202,5.9,8.8,9.6
-45581.00498,6.4,5.6,8.8
-45581.84181,6.7,4.9,10.1
-45580.2779,6.7,12.1,9.6
-45580.10294,7.0,13.1,9.6
-45582.57037,7.1,5.5,8.8
-45580.01335,7.2,12.4,9.7
-45580.14873,8.4,9.3,9.7
-45580.11025,3.6,8.1,10.1
-45579.9245,4.2,8.2,10.1
-45580.43567,4.8,4.8,10.1
-45581.54162,5.2,5.9,9.2
-45581.02276,5.3,5.4,10.1
-45580.3443,5.9,6.6,9.7
-45580.00169,6.5,8.3,10.1
-45581.82216,7.0,5.8,9.7
-45580.22197,7.3,12.8,9.2
-45579.94652,5.5,8.9,9.7
-45580.50302,5.6,13.1,9.2
-45580.2156,5.7,12.3,9.7
-45580.71531,6.1,12.1,9.2
-45580.26622,6.3,12.0,9.7
-45580.45396,7.6,5.3,10.1
-45580.92301,8.0,5.1,8.8
-45580.13705,8.8,8.4,10.1
-45580.61389,3.2,8.8,9.7
-45579.96606,3.9,9.7,9.2
-45579.97047,4.3,9.4,9.8
-45580.37544,5.3,13.0,9.1
-45580.61823,6.2,13.2,9.2
-45580.3009,7.7,6.0,9.2
-45580.76926,3.4,9.6,9.1
-45580.35434,3.7,8.9,9.8
-45579.98276,4.8,13.2,9.1
-45580.03857,5.8,8.8,9.8
-45580.15904,6.6,12.1,9.8
-45580.52591,7.0,12.3,9.1
-45581.15458,7.2,6.1,9.1
-45580.71215,7.3,5.2,10.2
-45580.00056,8.5,8.5,10.2
-45580.08693,9.0,8.6,10.2
-45580.0335,3.3,8.0,10.2
-45580.52641,4.6,5.6,8.7
-45581.99399,5.7,5.8,9.1
-45580.89533,6.1,6.4,9.8
-45579.91128,6.4,9.5,9.8
-45579.98015,7.6,12.9,9.1
-45580.47575,9.2,9.0,9.8
-45580.06821,3.3,6.6,9.8
-45581.02669,5.6,5.5,10.2
-45583.38736,6.0,4.9,8.7
-45581.73809,6.2,4.8,10.2
-45579.9322,6.8,8.2,10.2
-45580.87607,6.9,5.7,8.7
-45580.37887,8.9,9.2,9.8
-45580.77179,3.3,8.8,9.5
-45579.96673,5.4,8.9,9.5
-45580.31776,5.6,12.3,9.5
-45580.30522,5.8,6.6,9.5
-45579.93008,6.1,13.1,10.0
-45580.44032,6.2,12.0,9.5
-45580.18398,6.5,5.6,10.6
-45580.05168,7.0,5.5,10.6
-45581.98779,7.1,5.8,9.5
-45580.04772,7.3,12.4,9.5
-45579.96093,7.9,9.0,9.5
-45580.34148,8.5,9.3,9.5
-45580.23208,3.2,9.9,8.9
-45580.23963,3.3,9.4,10.0
-45579.91677,5.6,12.1,10.0
-45580.72729,6.0,12.3,9.3
-45580.02591,6.2,12.2,10.0
-45580.6196,6.3,13.0,9.3
-45579.9502,6.8,8.8,10.0
-45580.16248,7.6,6.2,9.3
-45579.91474,7.7,5.1,10.4
-45580.56596,8.1,5.3,8.9
-45579.99878,8.2,8.7,8.9
-45580.55408,4.8,5.9,9.3
-45579.97666,4.9,5.4,10.4
-45580.44378,5.3,6.5,9.3
-45580.24941,6.4,6.7,10.0
-45582.44243,6.7,5.8,9.3
-45583.6693,7.0,4.9,8.9
-45580.16477,7.1,6.4,10.0
-45580.09847,8.5,9.1,10.0
-45580.09765,4.5,5.8,9.4
-45580.42056,5.2,4.8,10.4
-45582.61575,5.4,5.6,9.0
-45581.15838,5.7,4.9,10.3
-45579.91757,5.8,8.2,10.4
-45581.21339,5.9,5.7,8.9
-45581.09633,6.3,5.4,10.3
-45579.93083,6.4,8.1,10.4
-45580.66116,6.6,5.5,10.4
-45579.92982,7.5,12.6,9.4
-45580.28067,8.8,9.0,9.9
-45579.98071,3.2,8.2,10.3
-45580.24683,5.1,5.6,10.3
-45580.68072,5.6,6.4,9.4
-45581.8184,6.0,5.8,9.9
-45582.79615,6.1,5.5,9.0
-45582.26516,6.2,5.9,9.4
-45579.9901,6.9,6.6,9.9
-45580.4298,8.7,8.6,9.0
-45580.06238,4.2,8.8,9.9
-45580.08268,5.2,13.2,9.4
-45580.01923,6.5,8.9,9.9
-45580.06742,6.7,12.3,9.9
-45580.17482,7.1,12.1,9.4
-45580.68484,7.2,5.0,10.3
-45580.26506,3.6,9.5,9.9
-45580.18839,3.6,10.0,9.9
-45580.37367,4.0,8.9,9.4
-45580.00562,5.8,9.2,9.0
-45580.91243,6.6,12.5,9.0
-45580.44719,6.6,13.1,9.4
-45582.68893,7.3,4.8,9.4
-45580.4819,7.3,6.3,9.4
-45580.27715,7.8,5.7,9.9
-45580.66908,3.7,9.3,9.0
-45579.98133,4.3,9.0,9.0
-45580.12748,6.4,9.1,9.0
-45580.3043,6.4,11.7,9.4
-45579.96804,7.2,6.5,10.3
-45583.4924,5.6,5.1,9.4
-45580.24541,5.7,6.2,10.3
-45579.9968,6.0,5.0,10.8
-45582.46106,6.0,5.3,9.9
-45580.03308,6.1,6.0,9.0
-45580.20223,6.1,8.6,9.4
-45583.8552,6.2,5.2,9.4
-45580.08838,6.3,8.7,9.9
-45580.7802,8.9,8.8,9.0
-45580.93564,9.2,9.4,9.0
-45580.70666,3.3,8.4,9.4
-45580.46924,3.6,8.5,9.3
-45579.91226,4.4,8.6,9.9
-45580.71549,4.5,5.3,9.4
-45579.96848,5.2,6.3,10.4
-45580.44492,6.3,6.1,10.3
-45579.91021,6.4,7.4,10.4
-45579.99141,8.8,10.5,9.9
-45581.69899,4.8,5.2,9.3
-45583.14486,5.3,5.0,9.3
-45580.2864,6.6,6.0,10.4
-45580.00972,6.6,8.6,10.0
-45583.64379,6.7,5.3,9.3
-45580.21793,7.0,6.2,8.9
-45581.56048,7.1,5.1,10.0
-45579.92056,7.1,5.2,10.7
-45580.09484,8.4,8.9,8.9
-45580.92421,3.2,9.2,8.9
-45580.23016,5.1,12.6,8.9
-45580.91187,6.0,12.9,8.9
-45580.87584,6.3,12.4,8.9
-45580.00416,8.0,5.5,10.0
-45580.11326,3.3,10.1,10.0
-45580.05257,4.6,8.5,9.1
-45580.5449,5.6,6.0,10.2
-45579.99196,5.7,11.9,8.9
-45580.43505,6.2,6.3,10.2
-45579.92914,6.9,9.0,8.9
-45580.63141,7.5,5.6,10.0
-45582.00335,7.6,4.9,9.3
-45580.23271,8.2,5.4,9.3
-45579.94397,3.3,7.5,10.2
-45580.26672,3.9,8.7,9.8
-45580.78009,4.4,5.1,9.1
-45579.94387,5.6,8.6,9.8
-45583.66421,5.7,5.3,9.1
-45579.97832,5.9,11.6,9.1
-45582.97253,6.1,5.1,9.8
-45584.21109,6.3,5.0,9.1
-45580.01841,6.9,8.4,9.1
-45580.29817,8.8,9.4,8.7
-45580.31102,8.9,9.9,9.8
-45580.09225,9.2,10.5,9.8
-45579.96508,3.5,10.8,9.8
-45580.64146,3.6,9.1,8.7
-45580.16692,3.7,10.2,9.8
-45579.94547,4.0,9.3,10.2
-45580.35553,5.3,12.4,8.7
-45579.93323,6.6,11.4,9.8
-45580.65628,7.0,12.9,8.7
-45582.93095,7.2,5.4,9.1
-45580.30261,7.3,5.9,10.2
-45580.00869,8.4,8.3,9.1
-45580.65282,3.5,8.6,9.5
-45580.00015,4.0,8.5,9.5
-45580.11841,6.2,11.5,9.5
-45579.92049,7.0,6.0,10.6
-45582.75258,7.1,5.3,9.5
-45580.11835,8.5,9.8,9.5
-45580.18734,3.3,10.3,9.5
-45580.2504,3.6,10.2,9.6
-45579.93168,6.7,11.4,9.6
-45580.63105,8.0,4.9,9.5
-45580.21952,3.2,10.3,9.7
-45580.42057,3.8,8.7,9.6
-45580.69852,5.6,12.5,8.8
-45579.9848,5.7,8.6,9.6
-45583.46866,6.0,5.1,9.6
-45580.0658,6.1,6.2,10.5
-45579.92558,6.2,7.6,10.5
-45581.45965,7.7,5.5,9.2
-45580.21461,8.1,4.9,9.7
-45580.38886,8.8,9.9,9.6
-45579.99322,8.9,8.2,9.2
-45580.01782,6.1,11.4,9.2
-45580.0597,6.3,11.5,9.7
-45580.2184,7.6,5.8,10.1
-45580.18499,8.3,4.8,9.2
-45580.86485,3.3,9.0,8.8
-45579.95581,3.6,7.4,10.1
-45580.01256,4.3,8.4,9.2
-45579.91219,4.8,6.3,10.1
-45582.9418,5.2,5.2,9.2
-45580.38556,5.3,6.1,10.1
-45579.94453,6.4,8.5,9.2
-45580.07756,6.5,6.8,10.1
-45584.02905,6.6,5.1,9.2
-45582.46899,7.0,5.3,9.7
-45580.0376,7.1,8.6,9.2
-45580.42954,9.0,9.6,8.8
-45580.56419,3.4,8.6,9.7
-45579.92568,4.1,8.5,9.7
-45582.20478,4.9,5.0,9.2
-45579.95352,4.9,5.5,10.4
-45580.60961,5.3,6.4,9.3
-45580.35741,6.4,6.6,10.0
-45582.09655,6.7,5.9,9.3
-45580.59908,6.7,6.2,10.1
-45580.69256,7.1,6.0,8.8
-45579.98623,7.1,6.5,10.0
-45580.07361,8.4,9.8,9.7
-45580.23206,3.3,9.5,10.0
-45580.81534,4.8,5.8,9.3
-45580.4095,5.2,4.9,10.4
-45580.43653,5.7,13.2,9.3
-45581.85479,5.9,5.6,8.9
-45579.94987,6.1,13.0,10.0
-45580.58318,6.3,13.1,9.3
-45579.93516,6.4,8.0,10.4
-45580.7324,6.6,5.4,10.4
-45583.59157,7.0,4.8,8.9
-45580.01006,7.6,6.3,9.3
-45580.10451,8.5,9.0,10.0
-45579.92033,9.2,8.5,10.4
-45580.4313,3.2,9.8,8.9
-45580.69106,6.0,12.2,9.3
-45580.03108,6.2,12.3,10.0
-45579.93926,6.8,8.9,10.0
-45580.65211,7.2,5.1,10.3
-45579.92852,7.7,5.0,10.4
-45580.64881,8.1,5.2,8.9
-45580.04836,8.2,8.6,8.9
-45580.45241,8.7,8.7,9.0
-45580.05145,4.2,8.9,9.9
-45580.04386,6.5,8.8,9.9
-45580.05889,6.7,12.2,9.9
-45580.14077,7.1,12.0,9.4
-45580.27217,3.6,9.4,9.9
-45580.31189,4.0,8.8,9.4
-45582.23318,5.4,5.7,9.0
-45581.17976,5.7,4.8,10.3
-45583.28824,6.1,5.4,9.0
-45581.01069,6.3,5.5,10.3
-45580.48163,6.6,13.0,9.4
-45580.65683,7.3,6.2,9.4
-45579.93273,7.5,12.7,9.4
-45580.27253,8.8,9.1,9.9
-45580.10778,9.2,10.0,9.0
-45579.99597,3.2,8.3,10.3
-45580.20129,5.1,5.7,10.3
-45579.94301,5.5,8.8,9.7
-45580.47081,5.6,6.5,9.4
-45581.64687,6.0,5.9,9.9
-45582.59811,6.2,5.8,9.4
-45580.29543,6.3,12.1,9.7
-45580.48242,7.6,5.2,10.1
-45580.1419,8.8,8.5,10.1
-45580.61048,3.2,8.9,9.7
-45580.21326,3.9,9.6,9.2
-45579.94507,5.0,8.8,9.2
-45580.53467,5.6,13.0,9.2
-45580.19926,5.7,12.2,9.7
-45580.16543,6.0,13.2,9.7
-45580.63206,6.1,12.0,9.2
-45580.3581,6.4,5.7,8.8
-45582.88441,7.1,5.4,8.8
-45580.12638,7.7,6.1,9.2
-45580.95795,8.0,5.0,8.8
-45579.97258,4.2,8.3,10.1
-45580.42483,4.8,4.9,10.1
-45581.81122,5.2,5.8,9.2
-45580.95426,5.3,5.5,10.1
-45580.13536,5.9,6.7,9.7
-45579.95044,5.9,8.1,10.1
-45579.98162,6.5,8.2,10.1
-45581.86452,6.7,4.8,10.1
-45581.64017,7.0,5.9,9.7
-45580.00861,7.2,12.5,9.7
-45580.21418,7.3,12.9,9.2
-45580.15817,8.4,9.2,9.7
-45580.08694,3.6,8.0,10.1
-45580.53424,3.6,8.8,9.6
-45580.09461,4.2,9.5,9.6
-45580.07414,5.3,12.3,9.6
-45580.1362,5.9,8.9,9.6
-45579.98644,6.5,9.4,9.6
-45580.24349,6.7,12.0,9.6
-45580.11949,7.0,13.0,9.6
-45579.91596,3.2,6.7,9.6
-45580.7708,3.3,8.9,9.5
-45580.1144,5.5,6.6,9.6
-45580.14106,5.8,6.7,9.5
-45580.64074,6.0,6.5,9.6
-45580.78524,6.1,4.8,10.5
-45580.36464,6.1,13.2,9.5
-45580.13371,6.5,5.7,10.6
-45580.28305,6.8,5.6,10.5
-45580.08882,7.0,5.4,10.6
-45581.72804,7.1,5.9,9.5
-45580.05253,7.3,12.5,9.5
-45579.9828,7.9,9.1,9.5
-45580.34746,8.5,9.2,9.5
-45580.4618,8.8,9.3,9.6
-45580.05301,3.3,8.1,10.2
-45580.33429,4.6,5.7,8.7
-45580.29154,5.6,12.2,9.5
-45581.48443,5.7,5.9,9.1
-45580.69761,6.1,6.5,9.8
-45581.71262,6.2,4.9,10.2
-45580.48423,6.2,12.1,9.5
-45581.50237,6.9,5.6,8.7
-45579.96613,7.6,12.8,9.1
-45580.46563,9.2,9.1,9.8
-45580.078,3.3,6.7,9.8
-45580.66002,3.4,9.7,9.1
-45579.964,4.3,9.5,9.8
-45580.35474,5.3,13.1,9.1
-45581.10304,5.6,5.4,10.2
-45583.0149,6.0,4.8,8.7
-45579.94095,6.8,8.3,10.2
-45581.4104,7.2,6.0,9.1
-45580.37081,8.9,9.3,9.8
-45580.36251,3.7,8.8,9.8
-45580.11355,4.1,9.4,9.1
-45580.01956,5.8,8.9,9.8
-45579.93735,6.4,9.4,9.8
-45580.13884,6.6,12.0,9.8
-45580.59615,6.7,13.2,9.1
-45580.50822,7.0,12.2,9.1
-45580.66941,7.3,5.3,10.2
-45579.99647,8.5,8.4,10.2
-45580.08704,9.0,8.7,10.2
-45580.28597,3.3,10.2,9.5
-45580.66669,3.5,8.7,9.5
-45580.03886,6.2,11.4,9.5
-45579.91962,7.0,6.1,10.6
-45580.63534,8.0,4.8,9.5
-45579.9688,8.5,9.9,9.5
-45579.95758,4.0,9.2,10.2
-45580.22106,5.9,11.7,9.1
-45579.97779,6.6,11.5,9.8
-45582.82874,7.1,5.2,9.5
-45580.37461,7.3,5.8,10.2
-45579.93118,3.5,10.9,9.8
-45580.63007,3.6,9.0,8.7
-45580.12321,3.7,10.3,9.8
-45580.26261,3.9,8.6,9.8
-45580.80043,4.4,5.0,9.1
-45580.41634,5.3,12.5,8.7
-45580.44001,5.6,6.1,10.2
-45580.54302,6.2,6.2,10.2
-45579.93629,6.8,6.8,10.2
-45580.66607,7.0,12.8,8.7
-45582.74925,7.2,5.5,9.1
-45580.32999,8.9,9.8,9.8
-45579.93386,3.3,7.4,10.2
-45579.97092,3.6,7.5,10.1
-45579.97444,4.8,6.2,10.1
-45580.08444,5.1,7.5,8.7
-45582.85299,5.2,5.3,9.2
-45579.97305,5.6,8.7,9.8
-45583.82705,5.7,5.2,9.1
-45583.02317,6.1,5.0,9.8
-45584.15883,6.3,5.1,9.1
-45584.08043,6.6,5.0,9.2
-45580.03344,6.9,8.5,9.1
-45582.54382,7.0,5.2,9.7
-45580.01615,7.1,8.7,9.2
-45580.11316,7.3,12.3,8.8
-45580.10946,8.8,9.5,8.7
-45580.17026,9.0,9.7,8.8
-45580.14531,9.2,10.4,9.8
-45580.56045,3.4,8.7,9.7
-45580.07058,4.3,8.5,9.2
-45582.17232,4.9,5.1,9.2
-45580.48724,5.3,6.0,10.1
-45579.9915,6.5,6.9,10.1
-45580.47639,6.7,6.3,10.1
-45580.39526,7.1,6.1,8.8
-45581.57831,7.7,5.4,9.2
-45580.22079,8.1,4.8,9.7
-45580.02311,8.4,9.9,9.7
-45580.20341,8.9,8.3,9.2
-45580.2825,3.2,10.2,9.7
-45580.63315,5.6,12.4,8.8
-45580.15305,6.1,11.5,9.2
-45580.20042,8.3,4.9,9.2
-45580.87714,3.3,9.1,8.8
-45580.37108,3.8,8.6,9.6
-45580.05393,5.7,8.7,9.6
-45583.51592,6.0,5.0,9.6
-45580.04166,6.1,6.3,10.5
-45579.92435,6.2,7.7,10.5
-45580.00296,6.3,11.4,9.7
-45580.15894,7.6,5.9,10.1
-45580.42291,8.8,9.8,9.6
-45580.16552,3.6,10.3,9.6
-45580.25679,6.1,8.7,9.4
-45583.73933,6.2,5.3,9.4
-45579.99346,6.7,11.5,9.6
-45580.83028,8.9,8.9,9.0
-45579.95862,4.4,8.7,9.9
-45580.7606,4.5,5.2,9.4
-45583.53747,5.6,5.0,9.4
-45580.17988,5.7,6.3,10.3
-45579.98251,6.0,5.1,10.8
-45582.54386,6.0,5.2,9.9
-45580.09761,6.3,8.6,9.9
-45580.02744,8.8,10.4,9.9
-45580.88091,9.2,9.5,9.0
-45580.77567,3.3,8.5,9.4
-45580.15818,3.6,10.1,9.9
-45579.9353,5.8,9.3,9.0
-45580.53622,6.3,6.0,10.3
-45580.16644,6.4,9.0,9.0
-45580.87172,6.6,12.4,9.0
-45582.68418,7.3,4.9,9.4
-45580.33437,7.8,5.6,9.9
-45580.70833,3.7,9.2,9.0
-45580.01362,4.3,9.1,9.0
-45579.9284,4.9,12.5,9.0
-45580.22155,6.4,11.6,9.4
-45580.00632,7.2,6.4,10.3
-45580.90575,3.2,9.3,8.9
-45580.25006,5.1,12.7,8.9
-45580.95795,6.0,12.8,8.9
-45580.96305,6.3,12.5,8.9
-45579.92809,6.9,11.7,9.3
-45580.02293,8.0,5.4,10.0
-45580.1454,3.3,10.0,10.0
-45579.98344,5.2,6.2,10.4
-45579.91451,6.4,7.5,10.4
-45580.55594,7.5,5.7,10.0
-45581.99981,7.6,4.8,9.3
-45580.17157,8.2,5.5,9.3
-45580.32882,3.6,8.4,9.3
-45581.63563,4.8,5.3,9.3
-45583.10439,5.3,5.1,9.3
-45579.93701,5.8,6.8,10.4
-45580.03613,5.8,9.3,9.4
-45579.98678,5.9,8.5,9.3
-45580.08794,5.9,12.6,9.9
-45580.22702,6.4,9.0,9.4
-45580.21879,6.6,6.1,10.4
-45580.00156,6.6,8.7,10.0
-45580.58617,6.6,12.4,9.4
-45583.76478,6.7,5.2,9.3
-45579.94231,7.0,6.3,8.9
-45581.59743,7.1,5.0,10.0
-45579.99261,7.2,6.4,9.9
-45579.95999,7.2,12.1,8.9
-45583.13238,7.3,4.9,9.0
-45580.13885,8.4,8.8,8.9
-45579.92535,9.0,10.6,10.0
-45580.60178,3.7,9.2,9.4
-45580.09387,4.1,9.0,9.9
-45580.18953,4.3,9.1,9.4
-45583.88244,5.6,5.0,9.0
-45579.91158,6.3,8.6,10.3
-45580.02079,6.7,12.8,9.9
-45580.07723,3.2,6.8,9.9
-45580.58407,3.3,8.5,9.0
-45581.03251,4.5,5.2,9.0
-45580.03658,5.4,8.4,9.0
-45581.20183,6.0,5.2,10.3
-45580.11513,6.1,8.7,9.0
-45583.66976,6.2,5.3,9.0
-45581.50938,6.3,6.0,9.9
-45579.94414,8.2,9.6,9.9
-45580.70705,8.9,8.9,9.4
-45580.26798,3.6,8.4,8.9
-45581.91046,4.8,5.3,8.9
-45580.30842,5.2,6.2,10.0
-45580.7597,5.7,6.3,9.9
-45580.02027,5.8,6.8,10.0
-45581.56323,6.1,6.1,9.4
-45581.00076,6.6,6.1,10.0
-45580.83587,7.0,6.3,9.3
-45580.79644,9.2,9.5,9.4
-45580.23404,4.9,6.0,10.0
-45583.38032,5.3,5.1,8.9
-45583.72272,6.7,5.2,8.9
-45580.56569,7.1,5.0,10.4
-45580.15906,7.2,12.1,9.3
-45580.20646,8.4,8.8,9.3
-45580.10234,8.7,9.7,10.0
-45579.95324,8.9,7.2,10.0
-45580.93883,3.2,9.3,9.3
-45579.95956,4.6,9.0,9.3
-45580.08527,5.1,12.7,9.3
-45580.01124,5.5,9.2,9.3
-45580.317,5.7,11.8,9.3
-45580.6688,6.0,12.8,9.3
-45580.02754,6.1,12.4,10.0
-45579.97488,6.2,12.9,10.0
-45580.7852,6.3,12.5,9.3
-45580.0711,6.9,9.1,9.3
-45579.95819,7.5,5.7,10.4
-45582.28153,7.6,4.8,8.9
-45580.02521,8.2,5.5,8.9
-45580.04291,9.2,7.0,10.0
-45580.07921,3.3,7.4,9.8
-45580.01442,3.9,8.6,10.2
-45580.6585,4.4,5.0,8.7
-45581.21402,5.6,6.1,9.8
-45583.31221,5.7,5.2,8.7
-45581.6602,6.1,5.0,10.2
-45581.31001,6.2,6.2,9.8
-45583.49863,6.3,5.1,8.7
-45579.94145,7.4,8.8,9.1
-45580.59736,8.8,9.5,9.1
-45579.95585,8.9,9.8,10.2
-45580.8233,3.6,9.0,9.1
-45580.17082,4.0,9.2,9.8
-45580.14236,4.2,9.3,9.1
-45580.38511,5.3,12.5,9.1
-45580.1485,5.9,9.1,9.1
-45580.20304,6.4,12.7,9.8
-45580.08444,6.5,9.2,9.1
-45580.28541,6.7,11.8,9.1
-45580.55638,7.0,12.8,9.1
-45579.99547,7.1,12.4,9.8
-45582.32213,7.2,5.5,8.7
-45581.14,7.3,5.8,9.8
-45580.01342,4.9,6.2,9.5
-45581.09453,5.2,6.0,9.5
-45580.01892,5.3,5.3,10.6
-45580.31759,5.6,12.8,9.5
-45580.31693,6.1,11.8,9.5
-45580.39153,6.5,12.7,9.6
-45581.00151,6.6,6.3,9.5
-45580.38057,6.7,5.0,10.6
-45580.39157,6.8,12.6,9.5
-45580.19614,7.0,12.4,9.6
-45580.02449,7.3,5.5,10.5
-45579.99677,7.3,13.1,9.5
-45580.40529,7.7,5.9,9.5
-45580.20339,4.1,9.2,9.6
-45580.02442,5.3,12.9,9.6
-45580.44925,5.6,5.2,10.5
-45581.55302,5.7,6.1,9.6
-45580.16969,6.0,11.8,9.7
-45580.71235,6.2,5.1,10.5
-45581.48606,6.3,6.2,9.6
-45581.68849,7.2,5.8,9.6
-45579.98446,3.2,10.2,10.1
-45580.97232,3.3,9.1,9.2
-45579.94394,4.7,9.2,9.2
-45582.90801,5.2,5.3,8.8
-45580.02473,5.4,9.0,9.2
-45580.59707,5.6,12.4,9.2
-45580.18317,5.7,12.8,9.7
-45580.5444,6.2,11.9,9.2
-45579.99757,6.8,9.3,9.2
-45580.16123,6.9,12.6,9.7
-45580.5834,7.6,5.9,9.7
-45581.62921,7.7,5.4,8.8
-45580.16264,8.3,4.9,8.8
-45580.01338,8.9,8.3,8.8
-45580.19796,3.4,8.7,10.1
-45580.03011,4.1,8.4,10.1
-45582.35146,4.9,5.1,8.8
-45581.17522,5.3,6.0,9.7
-45583.77011,6.6,5.0,8.8
-45581.01378,6.7,6.3,9.7
-45581.37169,7.0,5.2,10.1
-45581.25301,7.1,6.1,9.2
-45579.91145,7.2,13.1,9.7
-45580.161,7.3,12.3,9.2
-45579.96746,7.9,8.9,9.2
-45580.37191,8.5,9.4,9.2
-45580.63174,9.0,9.7,9.2
-45580.47496,3.2,8.1,9.6
-45579.94982,4.1,9.9,9.6
-45580.37664,4.4,4.8,9.6
-45580.09919,5.6,5.9,10.5
-45582.96216,5.7,5.4,9.6
-45580.02076,6.2,6.4,10.5
-45583.60371,6.3,4.9,9.6
-45582.3182,7.2,5.3,9.6
-45580.65899,9.1,8.7,9.6
-45580.08348,3.6,8.0,9.7
-45580.11694,4.3,5.6,9.2
-45581.11389,4.8,4.9,9.7
-45581.95689,5.3,5.5,9.7
-45582.56959,6.4,5.7,9.2
-45583.11881,6.7,4.8,9.7
-45583.06062,7.1,5.4,9.2
-45579.91301,7.3,6.0,10.5
-45579.99992,8.4,9.2,10.1
-45581.526,5.2,5.8,8.8
-45580.14797,5.9,6.7,10.1
-45579.9249,6.3,12.1,10.1
-45580.75429,7.0,5.9,10.1
-45580.37551,7.3,12.9,8.8
-45580.00184,7.7,8.7,9.2
-45580.9348,8.0,5.0,9.2
-45580.04028,8.2,5.1,9.7
-45579.92059,9.1,10.9,9.7
-45580.22079,3.2,8.9,10.1
-45580.10707,3.4,9.7,8.7
-45580.0446,3.7,8.8,10.2
-45580.70767,5.6,13.0,8.8
-45579.92267,6.0,11.3,9.7
-45580.58163,6.7,13.2,8.7
-45580.57254,7.2,6.0,8.7
-45581.20485,7.6,5.2,9.7
-45580.03265,7.7,6.1,8.8
-45580.43567,8.8,8.5,9.7
-45580.41426,3.3,8.1,9.8
-45580.09706,4.0,9.9,9.8
-45580.34625,4.5,4.8,9.8
-45580.5346,4.6,5.7,9.1
-45580.41915,5.3,13.1,8.7
-45580.25578,6.1,6.5,10.2
-45580.11803,7.0,12.2,8.7
-45580.08225,7.2,8.6,9.1
-45581.61492,7.3,5.3,9.8
-45579.98979,7.6,12.8,8.7
-45580.06131,8.5,8.4,9.8
-45580.46303,9.0,8.7,9.8
-45579.97298,5.4,6.6,10.2
-45582.30351,5.6,5.4,9.8
-45584.06709,6.0,4.8,9.1
-45579.94281,6.1,11.3,9.5
-45583.07479,6.2,4.9,9.8
-45582.80172,6.9,5.6,9.1
-45581.3095,7.7,5.2,9.5
-45580.0327,8.3,5.1,9.5
-45580.53065,8.9,8.5,9.5
-45580.02218,8.9,9.3,10.2
-45580.0368,9.2,7.9,9.5
-45580.09364,9.2,9.1,10.2
-45581.76199,4.9,4.9,9.5
-45582.18279,5.2,5.5,9.5
-45580.60892,5.7,13.2,8.9
-45580.58159,6.0,12.2,8.9
-45580.79143,6.3,13.1,8.9
-45583.68242,6.6,4.8,9.5
-45579.91781,6.7,6.5,10.6
-45579.93289,8.0,8.7,10.0
-45580.32596,9.2,8.5,10.0
-45580.69669,3.2,9.8,9.3
-45580.19202,3.7,8.2,10.0
-45580.58905,4.9,5.5,10.0
-45581.32252,5.2,4.9,10.0
-45580.03215,6.4,6.6,10.4
-45580.38495,6.7,5.9,8.9
-45579.95429,7.1,6.5,10.4
-45580.52555,7.7,5.0,10.0
-45580.5455,8.1,5.2,9.3
-45580.01071,8.2,8.6,9.3
-45580.12779,8.9,7.9,10.0
-45580.0311,4.4,5.4,9.9
-45580.90453,4.8,5.8,8.9
-45582.37709,5.4,5.7,9.4
-45582.44268,5.7,4.8,9.9
-45579.97206,5.8,8.3,10.0
-45583.10244,5.9,5.6,9.3
-45583.57284,6.1,5.4,9.4
-45580.93761,6.2,5.8,9.0
-45580.02645,6.3,4.8,10.8
-45582.30307,6.3,5.5,9.9
-45580.20223,6.6,4.9,10.7
-45581.95725,6.6,5.4,10.0
-45579.95097,6.9,6.7,10.3
-45583.49773,7.0,4.8,9.3
-45580.08342,7.5,12.7,9.0
-45579.95416,8.8,9.1,10.3
-45580.48377,9.2,10.0,9.4
-45580.40779,3.2,8.3,9.9
-45580.00177,3.4,10.6,9.9
-45580.32327,3.7,9.9,9.4
-45580.27787,4.0,8.8,9.0
-45580.06589,4.9,13.1,9.0
-45580.93499,5.1,5.7,9.9
-45580.60419,6.0,5.9,10.3
-45580.78217,6.6,13.0,9.0
-45579.9962,7.1,12.0,9.0
-45581.65688,7.2,5.1,9.9
-45580.47463,8.7,8.7,9.4
-45580.06377,8.9,10.2,9.4
-45580.30757,3.2,8.6,8.7
-45579.92741,3.6,9.4,10.3
-45579.9358,3.9,7.9,10.2
-45580.12137,4.7,5.0,10.2
-45580.32648,5.0,6.1,9.8
-45582.75138,5.1,5.2,8.7
-45581.0058,5.4,5.2,10.2
-45580.01742,6.1,6.9,9.8
-45579.98799,6.2,8.5,10.2
-45581.35133,6.8,5.1,10.2
-45580.65664,6.9,6.2,9.1
-45580.79724,7.3,6.2,9.0
-45580.16733,7.4,13.0,9.1
-45580.04043,8.3,9.5,9.8
-45580.42181,3.5,9.0,9.8
-45581.0664,5.5,6.1,9.1
-45580.16492,5.8,12.5,9.8
-45580.12663,6.4,11.8,9.8
-45579.96582,6.6,9.2,9.8
-45580.79548,6.7,12.7,9.1
-45580.02034,7.0,9.0,9.1
-45580.48323,7.8,5.8,9.1
-45580.00962,8.7,8.2,10.2
-45580.0234,4.5,9.2,9.5
-45580.21142,5.4,12.4,9.5
-45580.05482,5.6,9.0,9.5
-45580.77727,5.9,12.9,9.1
-45580.51708,6.1,12.7,9.5
-45580.09483,6.2,9.3,9.5
-45580.23046,6.8,11.9,9.5
-45580.46423,8.7,9.4,9.5
-45580.63539,3.4,9.0,9.6
-45580.34125,3.8,9.1,9.7
-45580.41114,3.9,9.1,9.5
-45579.96868,5.0,5.2,10.5
-45579.98511,5.0,12.4,9.2
-45580.55373,5.1,6.1,9.6
-45580.39081,5.9,12.5,9.6
-45580.22688,6.5,11.8,9.6
-45579.99092,6.7,9.2,9.6
-45579.91272,7.4,12.2,9.6
-45581.05215,7.5,5.9,9.2
-45580.02528,8.2,9.5,9.6
-45580.07073,3.4,7.8,10.1
-45580.43689,3.7,8.7,8.8
-45579.97038,4.4,9.2,9.7
-45580.42347,5.4,12.8,9.2
-45580.12958,5.5,12.4,9.7
-45579.98583,5.7,9.0,9.7
-45580.28703,6.0,12.7,9.7
-45580.13055,6.1,9.2,9.2
-45580.87524,6.2,12.6,9.2
-45580.01735,6.3,9.3,9.7
-45580.06651,6.9,11.9,9.7
-45580.70094,7.4,5.4,10.1
-45579.92698,8.2,8.3,10.1
-45580.33374,3.4,9.2,9.9
-45581.34856,5.8,6.0,9.2
-45579.92734,5.8,8.6,8.8
-45581.72751,5.9,5.3,10.1
-45580.58786,6.4,12.8,9.4
-45581.95341,6.5,5.0,10.1
-45579.9751,6.7,8.4,10.1
-45580.28209,8.6,9.4,9.7
-45580.86909,9.0,8.8,9.2
-45580.05556,9.1,7.1,9.9
-45579.95068,3.8,8.5,10.3
-45582.66958,5.0,5.0,9.0
-45580.12315,5.2,12.6,9.4
-45580.77981,5.4,6.3,9.4
-45580.00457,5.6,6.9,9.4
-45580.046,5.9,11.9,9.9
-45580.11313,6.5,12.4,9.9
-45579.96155,6.7,9.0,9.9
-45581.80029,6.8,6.0,9.4
-45579.92325,7.0,12.7,9.9
-45579.93506,7.1,9.2,9.4
-45582.31291,7.3,5.6,9.0
-45579.93865,7.5,13.2,9.4
-45579.95886,7.8,4.9,10.3
-45580.19146,3.2,7.7,9.9
-45579.98798,4.7,8.7,9.0
-45580.01039,5.1,6.3,9.9
-45580.94082,5.5,5.0,10.3
-45579.92784,5.7,8.4,10.3
-45579.94524,6.3,7.9,10.3
-45580.03303,6.8,8.6,9.0
-45580.86836,6.9,5.3,10.3
-45580.01059,8.2,8.9,9.9
-45580.60597,8.9,9.6,9.4
-45579.91218,3.7,7.6,10.0
-45580.86874,5.8,5.1,10.4
-45580.92537,6.4,5.2,10.4
-45580.05994,6.5,8.7,8.9
-45579.91612,6.6,7.8,10.4
-45580.18489,8.7,8.8,10.0
-45580.83067,9.1,9.4,9.3
-45580.10982,3.9,9.3,10.0
-45580.00002,4.1,5.2,8.9
-45580.09745,4.2,8.6,8.9
-45580.57097,5.7,12.7,9.3
-45580.86566,5.9,6.2,9.3
-45580.24221,6.0,9.0,9.3
-45579.91963,6.2,9.1,10.0
-45581.27164,6.5,6.1,9.3
-45579.93743,6.8,12.5,10.0
-45580.4675,6.9,12.9,9.3
-45580.02999,7.4,6.5,9.3
-45580.16481,7.5,4.8,10.4
-45581.31456,7.6,5.7,8.9
-45580.04318,3.9,9.8,10.0
-45580.24353,5.1,13.2,8.9
-45580.06831,5.5,12.0,8.9
-45580.12586,6.3,8.9,8.9
-45580.63754,6.9,12.3,8.9
-45582.56689,7.4,5.0,9.3
-45580.25909,8.9,8.6,10.0
-45580.1879,3.8,9.5,8.9
-45580.96967,5.2,5.6,10.0
-45584.02352,5.9,4.9,9.3
-45580.18188,3.4,8.2,9.3
-45580.06125,4.2,5.5,9.3
-45579.91524,5.3,8.3,9.3
-45580.39718,6.4,5.9,10.4
-45583.6043,6.5,5.4,9.3
-45579.99536,6.6,5.6,10.7
-45582.53881,7.0,5.7,9.3
-45580.42328,8.6,9.0,8.9
-45579.96057,8.7,10.3,10.0
-45580.25018,9.1,10.1,9.3
-45581.15002,4.7,5.4,9.4
-45581.38473,5.1,4.8,9.9
-45583.21643,5.4,4.8,9.4
-45580.02907,5.5,6.5,10.3
-45581.75375,5.7,5.7,9.9
-45580.07323,5.8,6.4,10.4
-45580.09836,6.0,6.6,10.3
-45583.12518,6.8,5.5,9.4
-45580.51175,6.9,5.8,10.3
-45580.13857,8.3,9.1,9.0
-45580.26241,3.4,9.9,9.9
-45580.81361,3.5,9.4,9.0
-45580.62083,5.8,12.1,9.0
-45580.12476,6.6,8.8,9.0
-45580.96779,7.9,5.1,9.4
-45580.12314,8.4,8.7,9.9
-45580.40482,9.1,8.4,9.9
-45580.13003,4.4,5.7,9.6
-45581.84329,5.1,5.4,9.6
-45579.93264,5.6,6.6,10.5
-45582.95339,6.3,5.6,9.6
-45580.74804,6.4,12.2,9.0
-45579.92032,6.5,11.3,9.6
-45580.07948,3.4,10.5,9.6
-45580.50015,4.3,4.9,9.2
-45580.81761,4.8,5.6,9.7
-45581.20082,5.9,5.8,10.1
-45580.33649,6.5,6.5,10.1
-45579.99337,7.0,6.6,10.1
-45580.02622,7.1,7.3,8.8
-45580.10379,8.6,10.1,9.7
-45580.02435,9.1,7.8,9.6
-45580.14283,3.2,9.6,10.1
-45579.9933,3.4,7.3,10.1
-45583.29066,5.8,5.5,9.2
-45584.12108,6.4,4.8,9.2
-45582.3445,6.7,5.7,9.7
-45580.46864,8.7,9.2,8.8
-45580.1728,9.1,9.0,10.1
-45580.2061,3.9,8.9,8.8
-45580.22557,5.4,12.2,8.8
-45580.19836,7.4,6.1,10.1
-45580.08724,3.5,10.5,9.8
-45579.94835,3.7,9.7,10.2
-45579.9944,3.8,10.4,9.7
-45580.17602,5.0,13.0,8.8
-45580.22291,5.9,12.3,8.7
-45580.22626,6.8,12.1,8.8
-45582.32247,7.5,5.2,9.2
-45581.44131,7.8,5.3,9.1
-45580.08744,8.3,8.5,9.2
-45580.00868,8.4,5.0,9.1
-45580.15372,8.6,8.4,9.1
-45580.13868,9.0,7.8,9.8
-45580.64256,3.4,8.8,8.7
-45583.28362,5.5,5.4,9.1
-45582.20984,6.0,5.7,9.1
-45582.48169,6.2,5.6,9.8
-45579.93122,6.4,11.3,9.8
-45583.83447,6.9,4.9,9.1
-45579.95193,9.2,10.8,9.8
-45580.14085,4.5,5.7,9.8
-45581.36384,4.6,4.8,9.1
-45581.19875,5.0,5.4,9.8
-45581.08815,5.1,5.9,8.7
-45580.49601,5.4,5.9,10.2
-45579.91811,6.1,8.2,9.8
-45579.94423,6.2,7.0,10.2
-45580.20517,6.8,6.4,10.2
-45580.05187,7.4,12.4,8.7
-45579.91258,8.3,10.0,9.8
-45582.76966,6.6,5.7,9.5
-45580.75947,9.2,8.6,9.5
-45580.51864,3.2,9.6,9.7
-45580.47957,3.9,8.9,9.2
-45581.35203,4.9,5.6,9.5
-45580.05602,5.0,13.0,9.2
-45580.04222,5.5,13.0,9.7
-45580.43625,7.4,6.1,9.7
-45580.06048,8.7,10.1,9.5
-45580.36557,5.4,12.2,9.2
-45580.08804,5.6,8.8,9.2
-45582.2559,5.9,5.8,9.7
-45579.96051,6.0,9.4,9.7
-45580.54579,6.8,12.1,9.2
-45582.48231,7.5,5.2,8.8
-45579.92327,8.1,8.4,10.1
-45580.48861,4.3,4.9,8.8
-45580.24359,4.8,5.6,10.1
-45582.12919,5.8,5.5,8.8
-45583.3412,6.4,4.8,8.8
-45580.67424,6.5,6.5,9.7
-45581.24957,6.7,5.7,10.1
-45579.97443,7.0,6.6,9.7
-45579.91463,8.6,10.1,10.1
-45580.64664,8.7,9.2,9.2
-45580.55063,9.1,9.0,9.7
-45580.47591,3.6,9.7,9.6
-45580.26922,5.9,13.1,9.6
-45580.25655,6.5,13.2,9.6
-45580.54369,6.9,6.4,9.6
-45579.93571,7.0,8.8,9.6
-45579.94366,7.8,6.0,9.6
-45580.22705,5.4,5.4,10.5
-45581.83515,5.5,5.9,9.6
-45580.22006,5.9,5.5,10.6
-45580.33675,6.1,5.7,10.5
-45580.51535,6.4,6.5,9.5
-45580.4863,6.5,4.8,10.6
-45580.59233,6.8,4.9,10.5
-45580.15996,7.1,6.6,9.5
-45580.01666,8.1,9.2,9.6
-45580.67654,9.0,9.0,9.5
-45580.67987,3.3,9.6,9.5
-45581.42261,5.1,5.9,9.1
-45580.15815,5.4,13.0,9.5
-45582.48537,5.8,5.8,9.5
-45579.99186,6.1,8.2,10.2
-45580.04213,6.1,9.4,9.5
-45581.21621,6.2,5.6,10.2
-45583.42902,6.9,4.9,8.7
-45580.35411,7.5,6.1,9.5
-45580.40743,5.0,5.4,10.2
-45581.34662,5.4,5.9,9.8
-45582.65528,5.5,5.4,8.7
-45579.94642,6.0,5.7,8.7
-45580.10601,7.4,12.4,9.1
-45580.03007,8.2,9.3,9.1
-45580.92982,3.4,8.8,9.1
-45580.29527,3.7,9.7,9.8
-45581.30251,4.6,4.8,8.7
-45579.97142,5.3,8.9,9.1
-45580.05171,5.8,13.1,9.8
-45580.8184,5.9,12.3,9.1
-45580.58938,6.5,12.0,9.1
-45579.92052,6.7,9.4,9.1
-45580.59006,6.8,6.4,9.8
-45581.33595,7.8,5.3,8.7
-45579.95294,8.6,8.4,8.7
-45579.9769,9.0,7.8,10.2
-45580.00722,3.5,7.1,10.0
-45580.16638,5.2,5.6,10.4
-45583.90306,5.9,4.9,8.9
-45580.08234,6.4,13.2,9.8
-45582.98267,6.5,5.4,8.9
-45581.9313,7.0,5.7,8.9
-45579.96106,7.9,6.0,9.8
-45580.53167,8.6,9.0,9.3
-45580.22417,9.0,9.2,10.0
-45580.52454,5.8,6.4,10.0
-45581.40248,6.4,5.9,10.0
-45580.05321,6.7,6.6,9.3
-45582.88726,7.4,5.0,8.9
-45580.00867,4.4,8.8,9.3
-45580.08192,5.1,13.2,9.3
-45580.31181,5.5,12.0,9.3
-45579.94502,5.7,9.4,9.3
-45580.01257,6.1,8.8,10.0
-45580.26104,6.3,8.9,9.3
-45580.47788,6.9,12.3,9.3
-45580.69767,3.5,9.4,9.4
-45580.48927,3.8,9.5,9.3
-45579.98795,4.2,9.6,9.9
-45579.93667,7.5,6.3,10.0
-45580.14095,4.0,9.7,9.4
-45580.11943,5.5,6.5,9.9
-45580.46685,5.8,12.1,9.4
-45580.61343,6.4,12.2,9.4
-45580.02432,6.5,13.0,9.9
-45580.22427,6.6,8.8,9.4
-45580.05326,7.3,8.5,9.0
-45581.28812,7.9,5.1,9.0
-45579.91314,8.4,8.7,10.3
-45579.98777,9.1,8.4,10.3
-45579.95862,3.2,6.4,9.9
-45580.03425,3.9,8.3,9.0
-45580.07704,4.6,5.9,9.9
-45581.48243,4.7,5.4,9.0
-45580.5082,5.1,4.8,10.3
-45583.56672,5.4,4.8,9.0
-45580.67219,5.7,5.7,10.3
-45580.4248,6.0,6.6,9.9
-45579.94922,6.0,8.0,10.3
-45582.97385,6.8,5.5,9.0
-45581.46577,6.9,5.8,9.9
-45579.92525,7.7,9.2,9.4
-45580.2727,8.3,9.1,9.4
-45580.26296,3.8,8.5,9.9
-45580.34969,4.6,5.2,9.9
-45579.97823,4.7,6.1,9.0
-45582.20878,5.0,5.0,9.4
-45579.9921,5.1,6.3,10.3
-45580.41286,5.4,6.3,9.0
-45579.93192,5.7,8.4,9.9
-45580.68188,6.8,6.0,9.0
-45582.05467,6.9,5.3,9.9
-45580.13135,7.5,13.2,9.0
-45579.95237,8.1,9.0,9.9
-45580.54919,8.9,9.6,9.0
-45579.98107,3.4,9.2,10.3
-45582.10328,5.5,5.0,9.9
-45580.93774,6.4,12.8,9.0
-45579.94386,6.7,11.6,9.9
-45579.95021,6.8,8.6,9.4
-45582.14049,7.3,5.6,9.4
-45580.51611,7.8,4.9,9.9
-45579.96108,8.0,8.8,9.0
-45580.22442,9.0,8.2,9.4
-45580.2783,3.5,10.1,9.4
-45580.326,5.2,12.6,9.0
-45580.84687,5.7,12.7,8.9
-45580.10335,6.0,9.0,8.9
-45580.91242,7.5,4.8,10.0
-45581.27596,7.6,5.7,9.3
-45580.11542,5.8,5.2,10.7
-45580.25462,6.0,11.6,9.3
-45579.97342,6.2,11.7,10.0
-45580.20882,6.4,5.1,10.7
-45582.23008,6.4,5.2,10.0
-45580.72206,6.9,12.9,8.9
-45579.94557,7.0,8.4,9.3
-45580.85918,9.1,9.4,8.9
-45580.2785,3.5,8.4,10.0
-45580.11219,4.0,8.7,10.0
-45580.00625,4.1,5.2,9.3
-45580.04292,4.2,8.6,9.3
-45579.99786,5.6,11.6,9.5
-45582.12086,5.8,5.1,10.0
-45583.38569,5.8,5.3,9.5
-45583.77268,6.4,5.0,9.5
-45580.21779,6.5,8.7,9.3
-45581.71045,7.5,5.4,9.5
-45580.26279,8.0,5.7,9.5
-45580.14787,9.0,9.9,10.0
-45580.25695,4.3,5.1,9.5
-45579.99773,5.9,6.0,10.6
-45579.9552,6.5,6.3,10.6
-45580.83293,6.7,12.7,8.7
-45580.33609,7.9,5.5,9.8
-45580.1329,8.7,8.2,9.8
-45579.93149,9.0,10.5,9.5
-45580.06319,3.5,9.0,10.2
-45580.86492,5.9,12.9,8.7
-45580.92756,7.2,7.2,8.7
-45580.349,7.8,5.8,8.7
-45580.83576,3.2,8.6,9.1
-45580.06439,5.0,6.1,10.2
-45582.13392,5.4,5.2,9.8
-45580.06934,5.5,8.7,9.1
-45580.1131,6.2,8.5,9.8
-45582.62284,6.8,5.1,9.8
-45580.14294,3.4,7.8,9.7
-45580.56335,3.7,8.7,9.2
-45579.94475,4.2,5.1,9.7
-45580.70479,4.7,5.0,9.8
-45582.78478,5.1,5.2,9.1
-45580.597,5.2,7.4,8.8
-45579.99534,6.1,6.9,10.2
-45580.239,7.4,13.0,8.7
-45580.03623,8.6,9.4,10.1
-45579.98741,8.9,10.7,9.8
-45580.11367,9.1,10.5,9.7
-45579.99525,5.0,12.4,8.8
-45580.61236,5.4,12.8,8.8
-45579.99401,5.7,11.6,9.7
-45580.07617,5.8,8.6,9.2
-45583.00668,5.9,5.3,9.7
-45583.24468,6.5,5.0,9.7
-45580.76272,9.0,8.8,8.8
-45580.08223,3.8,9.1,10.1
-45580.78336,4.6,5.0,9.6
-45579.98046,5.4,6.1,10.5
-45579.91542,6.1,9.2,8.8
-45579.92755,6.2,6.8,10.5
-45580.9521,6.2,12.6,8.8
-45580.02486,6.8,6.2,10.5
-45581.56103,7.4,5.4,9.7
-45581.08913,7.5,5.9,8.8
-45580.0335,8.1,5.7,9.7
-45579.91761,8.3,5.6,9.2
-45580.08397,3.5,10.1,10.0
-45582.84843,5.5,5.2,9.6
-45580.16201,6.3,8.5,9.6
-45583.02281,6.9,5.1,9.6
-45580.74515,7.8,5.5,9.6
-45580.11274,5.9,11.9,8.9
-45580.85295,6.5,12.4,8.9
-45580.02937,6.7,9.0,8.9
-45580.66945,7.0,12.7,8.9
-45580.92612,7.3,5.6,10.0
-45581.40605,7.8,4.9,9.3
-45580.24876,9.0,8.2,10.0
-45580.92666,3.4,9.2,8.9
-45580.21173,5.1,6.3,8.9
-45583.54172,5.5,5.0,9.3
-45580.10608,6.7,11.6,9.3
-45579.96264,6.8,8.6,10.0
-45583.41728,6.9,5.3,9.3
-45580.25015,3.8,8.5,9.3
-45581.13158,4.6,5.2,9.3
-45580.92795,5.0,5.0,10.0
-45580.01758,5.4,6.3,10.4
-45579.91792,6.2,7.4,10.4
-45580.22448,6.8,6.0,10.4
-45580.50779,3.5,8.4,9.4
-45580.20151,4.0,8.7,9.4
-45580.04316,4.2,8.6,9.9
-45580.28693,4.3,5.3,9.4
-45583.73382,5.8,5.1,9.4
-45580.31117,5.9,6.2,10.3
-45579.99903,6.0,11.6,9.9
-45583.82742,6.4,5.2,9.4
-45580.41499,6.5,6.1,10.3
-45580.0592,6.5,8.7,9.9
-45579.91319,8.6,10.5,9.9
-45580.50384,8.7,8.8,9.0
-45580.49994,9.0,9.9,9.4
-45579.96211,9.1,9.4,10.3
-45580.1163,3.8,10.0,9.9
-45580.43323,3.9,9.3,9.0
-45579.95895,5.6,9.2,9.0
-45580.30973,6.2,11.7,9.4
-45580.78838,6.8,12.5,9.0
-45579.91669,7.4,6.5,10.3
-45582.14048,7.5,4.8,9.4
-45580.56821,7.6,5.7,9.9
-45580.61355,3.2,8.6,9.7
-45579.97297,4.5,8.4,9.2
-45581.59668,4.7,5.0,9.2
-45580.59532,5.0,6.1,8.8
-45579.99984,5.0,8.7,9.2
-45581.75088,5.1,5.2,9.7
-45580.54286,5.5,6.1,10.1
-45580.03484,6.0,8.4,9.7
-45580.13001,6.2,9.1,9.0
-45580.10557,6.3,6.8,10.1
-45580.474,6.9,6.2,10.1
-45583.3651,5.4,5.2,9.2
-45579.91376,5.5,8.7,9.7
-45580.00372,6.2,8.5,9.2
-45583.84595,6.8,5.1,9.2
-45580.02328,7.8,5.8,10.1
-45580.23392,3.4,10.3,9.7
-45580.83419,3.5,9.0,8.8
-45580.54377,3.6,8.7,9.6
-45580.79877,5.8,12.5,8.8
-45580.02981,6.5,11.5,9.7
-45580.88565,7.9,5.5,9.2
-45580.2057,8.6,9.9,9.6
-45580.35228,9.1,8.0,9.7
-45580.07229,3.8,10.2,9.6
-45580.12553,5.9,8.6,9.6
-45579.92073,6.4,7.6,10.5
-45580.00323,8.2,5.6,9.6
-45580.14036,3.5,10.3,9.5
-45580.03267,6.1,8.4,9.5
-45580.11258,6.4,11.5,9.5
-45580.01628,9.0,8.0,9.5
-45580.75231,3.3,8.6,9.5
-45579.9543,3.3,10.8,9.8
-45580.05003,3.9,10.2,9.8
-45581.93449,5.0,5.2,9.5
-45580.27063,5.1,12.8,8.7
-45580.88814,6.0,12.7,8.7
-45582.49427,7.4,5.4,9.1
-45579.92714,8.1,5.7,9.1
-45580.26454,3.8,9.1,8.7
-45580.50563,5.5,12.4,8.7
-45580.05092,5.8,8.6,9.8
-45580.13292,7.5,5.9,10.2
-45580.08343,9.0,8.8,10.2
-45579.93223,3.5,7.5,10.2
-45580.02057,4.8,8.5,9.1
-45580.65925,5.8,6.0,10.2
-45583.77208,5.9,5.3,9.1
-45584.1619,6.5,5.0,9.1
-45579.94915,6.6,6.9,10.2
-45580.37022,3.7,8.7,9.8
-45580.27816,4.2,5.1,9.1
-45580.96618,5.0,5.9,9.5
-45580.26705,5.6,6.6,9.5
-45580.42905,5.8,12.3,9.5
-45580.20565,6.3,5.6,10.6
-45580.42085,6.4,6.3,10.2
-45579.97376,6.6,9.4,9.5
-45580.19434,8.3,9.3,9.5
-45580.22197,8.7,9.9,9.8
-45580.66843,3.5,8.8,9.5
-45581.17842,5.8,5.5,10.2
-45581.71436,6.4,4.8,10.2
-45580.42756,6.4,12.0,9.5
-45579.9627,6.6,8.2,10.2
-45580.42334,6.7,5.7,8.7
-45580.29237,8.7,9.2,9.8
-45580.97527,9.1,9.0,9.1
-45580.00497,3.5,6.6,9.8
-45580.01477,3.5,8.0,10.2
-45581.1732,4.8,5.6,8.7
-45581.78317,5.9,5.8,9.1
-45579.92443,6.0,9.4,9.1
-45579.99678,5.4,12.2,9.8
-45579.9749,5.6,8.8,9.8
-45579.91673,6.2,9.5,9.8
-45580.0949,6.8,12.1,9.8
-45580.4427,7.5,5.2,10.2
-45579.96063,8.3,8.5,10.2
-45580.85088,3.2,9.6,9.1
-45580.55555,3.4,8.8,9.7
-45580.40146,3.7,9.7,9.2
-45580.24905,3.9,8.9,9.8
-45579.99074,5.1,12.2,9.1
-45580.53334,5.5,13.0,9.1
-45580.58868,5.8,13.1,9.2
-45580.61024,6.4,13.2,9.2
-45580.23602,6.5,12.0,9.7
-45580.91842,7.4,6.1,9.1
-45580.17622,7.8,5.3,10.1
-45580.08772,8.6,8.4,10.1
-45579.91995,8.9,7.7,9.8
-45579.92334,9.1,7.5,9.7
-45580.06553,3.8,8.1,10.1
-45580.09449,4.5,5.7,8.8
-45580.13069,4.6,4.8,10.1
-45582.29901,5.0,5.4,8.8
-45581.78578,5.4,5.9,9.2
-45580.16652,5.7,6.6,9.7
-45580.28394,5.9,12.3,9.7
-45580.28638,6.8,6.4,9.2
-45579.99806,7.1,8.8,9.2
-45580.0232,7.5,12.8,9.2
-45580.42096,3.8,8.9,9.6
-45579.97716,4.4,9.4,9.6
-45581.03374,5.1,5.9,9.7
-45581.27858,5.5,5.4,10.1
-45581.37102,6.0,5.7,10.1
-45580.92304,6.2,5.6,8.8
-45580.024,6.3,8.3,10.1
-45581.62348,6.9,4.9,10.1
-45580.04279,8.0,9.2,9.2
-45580.0228,8.2,9.3,9.7
-45580.171,5.5,12.2,9.6
-45580.07511,5.7,8.8,9.6
-45579.9823,6.3,9.5,9.6
-45580.29625,6.6,5.7,10.5
-45580.18264,6.9,12.1,9.6
-45580.3474,8.6,9.2,9.6
-45580.19732,3.8,9.5,9.9
-45579.97291,4.4,8.8,9.9
-45580.20846,5.4,13.2,9.4
-45580.27804,6.1,8.8,9.4
-45580.37634,6.8,13.1,9.4
-45580.00277,6.9,12.3,9.9
-45580.1356,7.5,6.3,9.4
-45580.55597,8.9,8.6,9.0
-45579.96178,3.4,8.2,10.3
-45579.94467,5.5,12.0,9.9
-45580.61372,5.8,6.4,9.4
-45580.03854,6.3,8.9,9.9
-45582.26227,6.4,5.9,9.4
-45580.26742,6.7,6.6,9.9
-45580.43877,7.4,5.0,10.3
-45580.01533,4.6,5.9,9.3
-45582.37853,5.2,5.6,9.0
-45581.29245,5.9,4.9,10.3
-45581.0524,6.5,5.4,10.3
-45579.91999,6.7,8.0,10.3
-45580.56332,6.8,5.5,10.4
-45580.51938,7.0,5.7,10.3
-45580.10525,7.3,12.6,9.4
-45580.01474,8.3,9.1,10.0
-45580.19822,8.6,9.0,9.9
-45580.74206,9.0,9.2,9.4
-45579.99844,3.4,9.9,8.9
-45582.93738,5.1,4.8,8.9
-45580.63246,5.4,4.8,10.4
-45580.47203,5.5,6.5,9.3
-45581.62587,5.7,5.7,8.9
-45580.25886,6.2,6.7,10.0
-45579.93302,6.2,8.1,10.4
-45580.02054,6.4,12.2,10.0
-45582.35849,6.9,5.8,9.3
-45580.09709,8.1,9.0,9.3
-45580.15891,8.4,8.7,8.9
-45580.24698,9.1,8.4,8.9
-45580.36048,3.4,8.2,9.9
-45580.20224,3.5,9.4,10.0
-45580.02101,4.0,9.7,10.0
-45579.97175,5.8,12.1,10.0
-45580.50076,6.4,5.9,9.0
-45580.59561,6.5,13.0,9.3
-45579.98678,6.6,8.8,10.0
-45580.04908,6.7,6.6,10.3
-45580.00118,9.0,6.9,10.0
-45580.20542,9.1,10.1,9.9
-45582.20947,5.2,5.6,9.4
-45580.44596,5.4,13.2,9.0
-45582.62562,5.9,4.9,9.9
-45579.99911,6.5,4.9,10.8
-45582.34841,6.5,5.4,9.9
-45580.64834,6.8,13.1,9.0
-45581.48365,7.0,5.7,9.9
-45580.30258,7.3,12.6,9.0
-45580.14425,7.5,6.3,9.0
-45579.93274,8.6,9.0,10.3
-45580.90516,9.0,9.2,9.0
-45579.93799,3.2,10.7,9.9
-45580.14711,3.9,9.8,9.4
-45580.16582,6.1,8.8,9.0
-45581.28734,7.4,5.0,9.9
-45580.62335,8.9,8.6,9.4
-45580.52367,3.4,9.9,9.3
-45580.84584,6.5,13.0,8.9
-45580.19905,7.9,5.1,10.0
-45580.16852,8.4,8.7,9.3
-45579.93048,8.7,7.8,10.0
-45580.61275,9.1,8.4,9.3
-45580.13251,3.9,8.3,10.0
-45580.04361,4.6,5.9,8.9
-45580.32955,4.7,5.4,10.0
-45582.66395,5.1,4.8,9.3
-45581.68965,5.4,4.8,10.0
-45582.74084,5.7,5.7,9.3
-45580.03108,6.1,5.6,10.7
-45580.00309,6.2,6.7,10.4
-45579.93664,6.2,8.1,10.0
-45580.12676,6.8,4.8,10.7
-45581.68193,6.8,5.5,10.0
-45581.29333,6.9,5.8,8.9
-45579.9908,7.6,12.7,8.9
-45580.38333,3.2,9.6,8.7
-45580.00488,3.9,8.9,10.2
-45580.63367,5.5,13.0,8.7
-45580.40997,7.4,6.1,8.7
-45580.01826,7.4,8.7,9.1
-45581.23359,7.5,5.2,9.8
-45580.00125,8.1,8.4,9.1
-45579.91303,8.3,8.5,9.8
-45579.94906,8.9,7.7,10.2
-45580.83923,5.3,7.2,8.7
-45582.41905,5.8,5.5,9.8
-45583.0613,6.4,4.8,9.8
-45582.3692,6.7,5.7,9.1
-45580.00552,8.7,9.2,10.2
-45580.18672,9.0,10.3,9.8
-45580.78155,9.1,9.0,8.7
-45580.28095,3.5,8.0,9.8
-45580.05251,4.1,4.8,9.1
-45580.01041,4.3,4.9,9.8
-45581.40095,4.8,5.6,9.1
-45580.76069,7.9,5.3,9.5
-45580.15435,8.7,8.4,9.5
-45580.26731,3.4,8.0,9.6
-45580.01965,4.2,4.9,9.6
-45581.20915,4.7,4.8,9.5
-45582.71385,5.4,5.4,9.5
-45579.93808,5.5,5.9,10.6
-45580.21696,5.8,5.8,10.5
-45582.8638,6.1,5.7,9.5
-45579.99295,6.4,6.5,10.5
-45583.54186,6.5,4.8,9.6
-45583.4648,6.8,4.9,9.5
-45579.91433,6.9,6.4,10.6
-45580.23435,9.1,10.3,9.6
-45580.28872,4.5,5.7,9.2
-45580.6713,4.6,4.8,9.7
-45582.24618,5.0,5.4,9.2
-45580.92065,5.4,5.9,8.8
-45582.42564,5.5,5.4,9.7
-45580.15013,5.7,6.6,10.1
-45583.01405,5.9,5.5,9.6
-45579.99254,6.3,8.3,9.7
-45581.9072,7.4,5.2,9.6
-45580.13014,7.5,12.8,8.8
-45580.19005,3.4,8.8,10.1
-45580.38921,5.1,5.9,10.1
-45582.51056,6.0,5.7,9.7
-45582.97313,6.2,5.6,9.2
-45582.83268,6.9,4.9,9.7
-45579.91297,8.2,9.3,10.1
-45580.73371,5.8,13.1,8.8
-45580.6866,6.4,13.2,8.8
-45580.47494,7.3,7.4,8.8
-45580.05647,7.9,8.6,9.2
-45580.00879,9.1,7.5,10.1
-45579.95086,5.1,12.4,9.6
-45580.16963,5.5,12.8,9.6
-45580.06958,6.0,9.2,9.6
-45580.43554,6.3,12.6,9.6
-45581.06913,7.4,5.9,9.6
-45580.71951,7.8,5.3,9.7
-45580.11829,8.6,8.4,9.7
-45580.50991,5.8,5.3,10.5
-45581.94794,5.9,6.0,9.6
-45580.73508,6.4,5.0,10.5
-45581.1773,6.5,6.3,9.6
-45580.65941,9.1,8.8,9.6
-45580.23572,3.2,8.6,10.1
-45579.93959,3.4,10.3,10.1
-45580.86516,3.5,9.0,9.2
-45581.71654,4.7,5.0,8.8
-45580.82946,5.1,5.2,10.1
-45579.9304,5.2,9.1,9.2
-45580.75387,5.8,12.5,9.2
-45580.22807,5.9,12.9,9.7
-45580.43215,6.4,11.8,9.2
-45580.11615,6.6,9.2,9.2
-45580.22965,6.7,12.7,9.7
-45581.03803,6.9,6.2,9.7
-45579.9109,7.0,9.0,9.7
-45580.3897,7.8,5.8,9.7
-45580.79566,7.9,5.5,8.8
-45580.01418,9.1,6.6,9.7
-45580.11815,9.1,8.0,10.1
-45580.72437,5.0,6.1,9.2
-45583.3592,5.4,5.2,8.8
-45581.23431,5.5,6.1,9.7
-45580.01995,6.0,8.4,10.1
-45579.92632,6.2,8.5,8.8
-45580.14843,6.3,6.8,9.7
-45583.68147,6.8,5.1,8.8
-45579.9418,7.7,8.8,9.2
-45579.94873,8.1,9.4,9.7
-45579.91228,8.3,9.5,9.2
-45579.91605,3.5,7.5,9.8
-45580.04909,3.7,8.7,10.2
-45580.1295,4.2,5.1,8.7
-45579.94551,5.8,8.6,10.2
-45582.80779,5.9,5.3,8.7
-45581.09013,6.4,6.3,9.8
-45583.56258,6.5,5.0,8.7
-45579.94671,7.2,8.9,9.1
-45580.44413,8.6,9.4,9.1
-45580.45139,9.0,8.8,9.8
-45580.19546,5.1,12.8,9.1
-45580.57582,5.5,12.4,9.1
-45581.58253,5.8,6.0,9.8
-45580.89377,6.0,12.7,9.1
-45579.9982,6.1,9.2,9.8
-45580.22429,6.2,12.6,9.8
-45580.03108,6.3,9.3,9.1
-45580.64208,3.8,9.1,9.1
-45580.02963,4.4,9.2,9.1
-45581.15271,5.4,6.1,9.5
-45579.94632,5.4,12.8,9.8
-45580.17747,5.5,5.2,10.6
-45580.15377,5.7,9.0,9.1
-45581.17394,6.8,6.2,9.5
-45580.24929,6.9,5.1,10.6
-45580.17097,6.9,11.9,9.1
-45582.33968,7.4,5.4,8.7
-45580.66647,7.5,5.9,9.8
-45579.93951,8.0,9.4,9.5
-45579.92783,8.9,6.4,9.8
-45580.69037,9.2,9.6,9.5
-45583.72761,5.5,5.0,8.9
-45580.38631,5.8,12.9,9.5
-45580.46625,6.6,12.7,9.5
-45579.94405,7.1,9.0,9.5
-45580.25581,7.9,5.8,9.5
-45579.92607,8.0,8.8,10.0
-45580.31178,3.8,8.5,8.9
-45581.33663,4.6,5.2,8.9
-45579.98967,4.7,6.1,10.0
-45580.17255,5.0,5.0,10.4
-45580.51815,5.1,6.3,9.3
-45579.93381,6.1,7.8,10.4
-45581.01559,6.8,6.0,10.0
-45583.41685,6.9,5.3,8.9
-45580.09026,8.2,8.9,9.3
-45580.17104,8.9,9.6,10.0
-45580.85425,3.4,9.2,9.3
-45579.94241,4.8,9.1,9.3
-45580.35788,5.4,6.3,10.0
-45580.46435,5.9,11.9,9.3
-45579.98533,6.4,12.8,10.0
-45580.74039,6.5,12.4,9.3
-45580.18984,6.7,9.0,9.3
-45580.42244,7.0,12.7,9.3
-45580.14244,7.3,5.6,10.4
-45581.65262,7.8,4.9,8.9
-45580.45247,3.9,9.3,9.4
-45580.03122,4.5,9.0,9.4
-45579.9454,5.4,11.8,9.4
-45580.0137,5.7,12.7,9.9
-45579.99533,6.0,9.0,9.9
-45580.18052,6.2,9.1,9.4
-45580.03853,6.2,11.7,9.0
-45579.92986,6.9,12.9,9.9
-45582.56797,7.5,4.8,9.0
-45580.00784,7.6,5.7,10.3
-45580.05969,3.4,6.9,9.9
-45580.30891,3.5,8.4,9.0
-45579.9246,3.9,9.6,10.2
-45580.28163,4.0,8.7,9.0
-45580.41667,4.3,5.3,9.0
-45580.07059,5.2,8.5,9.0
-45580.00688,5.6,9.2,9.4
-45583.99183,5.8,5.1,9.0
-45581.06217,5.9,6.2,9.9
-45583.92872,6.4,5.2,9.0
-45581.27124,6.5,6.1,9.9
-45580.48215,6.8,12.5,9.4
-45579.94627,7.7,6.1,10.2
-45580.03975,8.4,9.7,9.9
-45580.5315,8.7,8.8,9.4
-45580.00674,9.0,9.9,9.0
-45580.32335,9.1,9.4,9.9
-45580.50401,3.2,8.9,8.7
-45580.14457,3.3,10.4,9.8
-45580.15376,5.7,12.2,8.7
-45580.61826,6.0,13.2,8.7
-45580.31203,7.0,5.9,8.7
-45582.12301,7.6,5.2,9.1
-45580.27667,8.0,5.0,9.8
-45580.44469,8.2,5.1,9.1
-45580.41187,8.8,8.5,9.1
-45579.92837,9.2,7.4,10.2
-45579.94285,4.2,8.3,9.1
-45579.94654,4.3,5.6,9.8
-45582.00068,4.8,4.9,9.1
-45580.40372,5.2,5.8,10.2
-45582.80774,5.3,5.5,9.1
-45580.20726,6.6,6.5,10.2
-45580.03173,8.5,10.1,9.8
-45579.91483,4.9,6.4,10.2
-45582.29243,6.4,5.7,9.8
-45579.91873,6.6,11.3,9.5
-45583.96825,6.7,4.8,9.1
-45581.93636,7.1,5.4,9.8
-45580.39689,7.2,12.5,8.7
-45580.72963,4.7,5.7,9.5
-45579.93055,5.8,6.7,10.5
-45579.92494,6.0,6.5,10.6
-45583.80959,6.1,4.8,9.5
-45582.69127,6.5,5.7,9.6
-45582.80667,6.8,5.6,9.5
-45582.62329,7.0,5.4,9.6
-45580.00612,7.1,5.9,10.5
-45580.38622,8.9,10.0,9.5
-45580.28647,9.2,10.2,9.5
-45580.12964,3.2,10.4,9.6
-45579.93074,4.2,5.6,9.6
-45583.37906,5.6,5.4,9.2
-45580.30336,8.1,5.0,9.6
-45579.99837,3.2,7.2,10.1
-45581.00178,4.5,4.8,9.2
-45580.3743,4.6,5.7,9.7
-45583.31002,6.0,4.8,9.7
-45584.2007,6.2,4.9,9.2
-45580.47968,6.3,6.4,10.1
-45582.2798,6.9,5.6,9.7
-45580.31189,8.8,10.0,9.7
-45580.69962,8.9,9.3,8.8
-45579.9653,4.2,9.8,9.7
-45580.14498,5.2,12.3,8.8
-45580.94773,5.7,5.9,10.1
-45582.77776,7.3,5.3,9.2
-45580.07721,8.5,8.4,9.2
-45580.87827,9.2,9.1,8.8
-45580.09503,3.4,9.7,10.1
-45580.07263,3.6,10.5,9.7
-45580.49206,3.7,8.8,8.8
-45579.96638,4.1,9.4,10.1
-45582.75966,5.2,4.9,9.4
-45579.98793,5.8,8.9,8.8
-45582.06322,5.9,5.6,9.9
-45583.4672,6.6,5.4,9.4
-45579.96252,6.6,12.0,8.8
-45582.10494,7.0,4.8,9.9
-45580.55137,7.1,13.0,8.8
-45580.45797,7.2,6.0,10.1
-45580.36622,8.5,9.0,9.0
-45580.82192,9.0,8.7,9.2
-45580.30743,3.2,9.8,9.9
-45579.94803,3.7,8.2,9.4
-45579.93906,4.8,5.8,10.3
-45581.60549,4.9,5.5,9.4
-45580.01907,5.3,6.4,10.3
-45580.32915,5.6,12.0,9.0
-45580.86515,6.2,12.3,9.0
-45580.52892,6.7,5.9,10.3
-45580.08089,6.8,8.9,9.0
-45581.54429,7.7,5.0,9.4
-45580.0115,8.1,5.2,9.9
-45579.98185,8.2,8.6,9.9
-45580.05312,8.3,5.3,9.4
-45580.86685,3.3,9.5,9.0
-45580.67638,3.6,9.4,8.9
-45580.82835,6.1,13.0,9.0
-45580.5111,7.0,13.2,8.9
-45579.97161,7.3,6.2,10.4
-45579.91273,7.6,6.3,10.3
-45580.7866,9.2,8.5,9.4
-45579.97406,4.2,8.9,8.9
-45579.98177,5.3,12.1,8.9
-45580.1065,6.5,8.8,8.9
-45580.60547,6.7,12.2,8.9
-45579.92463,7.8,8.5,9.3
-45580.19107,8.7,8.7,10.0
-45580.52976,3.2,8.3,9.3
-45580.09047,3.7,9.9,10.0
-45580.50868,4.4,5.4,9.3
-45581.87481,5.1,5.7,9.3
-45580.00352,5.6,6.5,10.4
-45580.03445,6.0,5.9,8.9
-45580.48572,6.2,5.8,10.4
-45583.03469,7.2,5.1,9.3
-45580.03959,8.9,10.2,10.0
-45581.14357,5.4,5.7,10.0
-45583.82441,5.7,4.8,9.3
-45580.25232,6.1,4.9,10.7
-45582.06817,6.1,5.4,10.0
-45583.4203,6.3,5.5,9.3
-45581.62131,6.3,6.0,9.3
-45579.91246,6.8,5.7,10.7
-45580.72035,8.8,9.1,8.9
-45580.15088,9.2,10.0,10.0
-45579.91676,3.3,8.5,10.4
-45579.92715,4.4,8.7,8.9
-45580.77151,5.6,5.0,10.4
-45580.76061,5.7,6.3,9.3
-45583.75208,6.0,5.2,8.9
-45581.08763,6.1,6.1,10.0
-45579.99552,6.3,8.6,8.9
-45579.93135,7.6,13.2,9.3
-45580.23498,8.9,8.9,10.0
-45580.23866,9.2,9.5,10.0
-45580.17337,3.7,9.2,10.0
-45580.33885,4.1,9.0,9.3
-45579.96104,4.3,9.1,10.0
-45580.88094,6.2,5.3,10.4
-45579.94931,6.4,9.0,10.0
-45580.59053,6.7,12.8,9.3
-45580.57948,7.2,6.4,9.3
-45579.91433,9.0,6.5,10.0
-45580.09329,3.3,10.0,9.0
-45580.28752,5.4,12.7,9.4
-45579.96936,5.7,11.8,9.9
-45580.69647,5.9,12.6,9.3
-45580.65648,6.1,12.4,9.4
-45580.56638,6.2,12.9,9.4
-45580.13203,6.3,12.5,9.9
-45579.99602,6.6,12.4,10.0
-45579.96628,7.0,11.8,9.3
-45580.37868,7.3,4.9,10.4
-45581.58999,7.5,5.7,9.0
-45580.21333,7.6,4.8,10.3
-45580.94408,7.8,5.6,8.9
-45580.76831,8.0,5.4,9.0
-45579.92562,8.8,8.1,10.3
-45580.35818,3.2,9.3,9.9
-45580.12097,3.4,7.6,9.9
-45580.51429,4.9,6.0,9.4
-45580.6853,5.3,5.1,10.3
-45580.07286,6.0,12.8,9.9
-45579.91638,6.5,7.8,10.3
-45580.0863,6.6,8.7,9.0
-45580.11552,8.4,8.8,9.9
-45580.39847,8.7,9.7,9.4
-45579.96477,3.6,8.4,10.3
-45580.04581,4.8,5.3,10.3
-45580.02098,4.9,8.6,9.0
-45580.72259,5.2,6.2,9.4
-45579.95508,5.8,6.8,9.4
-45579.92848,5.9,8.5,10.3
-45581.55947,6.6,6.1,9.4
-45581.08168,6.7,5.2,10.3
-45580.51682,7.0,6.3,9.9
-45583.54982,7.1,5.0,9.0
-45580.69892,3.2,9.1,9.6
-45579.91577,4.6,9.2,9.6
-45579.97093,5.5,9.0,9.6
-45580.30852,5.7,12.4,9.6
-45580.30575,6.3,11.9,9.6
-45580.28471,7.1,5.2,10.5
-45580.06218,7.2,12.3,9.6
-45580.20188,8.4,9.4,9.6
-45580.55198,9.1,9.7,9.6
-45580.4425,4.0,9.2,9.2
-45580.01993,5.3,12.5,9.7
-45580.03984,5.9,9.1,9.7
-45580.82722,6.4,12.7,9.2
-45580.02572,6.5,9.2,9.7
-45580.10856,6.7,11.8,9.7
-45581.21562,7.0,6.1,9.6
-45580.39722,7.1,12.4,9.2
-45580.91631,7.2,5.5,10.1
-45579.98155,8.4,8.2,10.1
-45580.10688,3.2,7.9,10.1
-45580.46046,3.6,9.0,9.7
-45580.2329,3.9,8.6,8.8
-45580.07212,4.2,9.3,9.7
-45580.23455,5.2,12.9,9.2
-45581.63758,5.7,5.2,10.1
-45583.76798,6.1,5.0,8.8
-45581.96761,6.3,5.1,10.1
-45579.93383,6.9,8.5,10.1
-45580.07328,7.0,12.8,9.7
-45581.74042,7.3,5.8,9.2
-45580.39357,8.8,9.5,9.7
-45580.52618,3.4,8.7,8.7
-45579.95384,3.7,7.8,10.2
-45580.37235,4.9,5.1,10.2
-45581.15774,5.6,6.1,9.2
-45581.1652,6.0,6.3,9.7
-45580.27455,6.2,6.2,9.2
-45579.95134,6.7,6.3,9.1
-45580.92198,7.1,6.1,9.8
-45580.33679,7.2,13.1,9.1
-45579.94075,4.3,8.5,10.2
-45580.06854,4.8,6.2,9.1
-45580.70654,5.2,5.3,10.2
-45581.44218,5.3,6.0,9.1
-45579.99372,6.4,8.4,10.2
-45581.55817,6.6,5.0,10.2
-45583.24925,7.0,5.2,8.7
-45580.17369,8.5,9.4,9.8
-45580.37402,9.0,9.7,9.8
-45580.45655,3.3,9.1,9.8
-45580.0971,5.6,12.4,9.8
-45580.71958,5.7,12.8,9.1
-45580.84889,7.6,5.9,9.1
-45580.05276,9.2,8.1,10.2
-45580.45943,6.0,5.0,10.6
-45580.41551,6.0,11.8,9.1
-45581.13092,6.1,6.3,9.5
-45580.16336,6.2,11.9,9.8
-45580.66312,6.9,12.6,9.1
-45580.13439,7.7,5.4,10.2
-45580.55332,8.1,4.8,8.7
-45580.05013,8.9,8.3,10.2
-45580.56929,8.9,9.5,9.5
-45580.07114,9.2,6.7,9.8
-45580.78218,9.2,8.9,9.5
-45580.53655,3.7,9.0,9.5
-45580.10789,4.3,9.3,9.5
-45580.06803,5.2,12.5,9.5
-45580.07755,5.6,8.7,9.2
-45580.09317,5.8,9.1,9.5
-45583.27047,6.3,5.1,9.7
-45580.11236,6.4,9.2,9.5
-45580.26897,6.6,11.8,9.5
-45580.17346,7.1,12.8,9.5
-45580.06822,8.8,9.5,10.1
-45580.28243,3.9,8.6,9.2
-45582.8875,5.7,5.2,9.7
-45580.57247,6.0,6.3,10.1
-45584.18882,6.1,5.0,9.2
-45579.92975,7.7,13.0,8.8
-45580.41705,8.9,9.8,9.2
-45580.33227,3.2,7.9,9.7
-45580.25746,4.4,5.0,9.7
-45580.97875,6.4,12.7,8.8
-45580.50619,7.1,12.4,8.8
-45581.8981,7.2,5.5,9.7
-45580.12979,3.6,9.0,10.1
-45580.0385,4.0,9.2,8.8
-45579.94232,4.2,9.3,10.1
-45580.40022,5.2,12.9,8.8
-45582.38324,5.3,5.3,9.6
-45580.10402,5.9,11.7,9.7
-45579.98001,6.5,8.4,9.6
-45579.91787,6.6,11.5,9.2
-45581.51363,7.3,5.8,8.8
-45581.25698,4.8,5.1,9.6
-45579.92438,5.2,6.0,10.5
-45580.0297,6.6,6.3,10.5
-45583.33112,6.7,5.0,9.6
-45581.27617,7.6,5.4,9.6
-45580.1338,8.2,4.9,9.6
-45580.24211,8.8,8.3,9.6
-45580.0171,3.3,7.9,9.5
-45579.92536,5.5,11.6,9.6
-45580.17139,5.8,11.7,9.5
-45580.06629,6.0,11.5,9.6
-45579.97264,6.3,6.2,10.6
-45582.11274,7.3,5.5,9.5
-45580.08762,3.3,9.1,10.2
-45580.68708,4.5,5.0,9.5
-45583.23503,5.6,5.2,9.5
-45579.95804,5.7,6.1,10.6
-45580.8172,5.7,12.8,8.7
-45580.02535,6.1,11.5,9.8
-45583.75361,6.2,5.1,9.5
-45579.93859,6.3,11.4,9.1
-45580.67104,6.9,12.6,8.7
-45580.75399,7.6,5.9,8.7
-45580.73816,7.7,5.4,9.8
-45580.69171,8.1,4.8,9.1
-45580.40383,8.9,8.3,9.8
-45580.41133,9.2,8.1,9.8
-45580.87574,3.4,8.7,9.1
-45580.10215,4.1,8.4,9.1
-45581.10989,4.9,5.1,9.8
-45580.52474,5.3,6.0,8.7
-45580.28917,7.1,6.1,10.2
-45580.3999,7.2,13.1,8.7
-45579.93332,8.7,10.6,9.8
-45581.67548,5.2,5.3,9.8
-45580.07935,5.3,8.6,9.1
-45580.06298,6.4,8.4,9.8
-45582.88585,6.6,5.0,9.8
-45583.54952,7.0,5.2,9.1
-45579.93934,8.5,9.4,10.2
-45579.9884,9.0,9.7,10.2
-45579.98718,3.6,10.1,9.3
-45580.05395,4.1,9.0,8.9
-45579.95158,4.8,12.9,8.9
-45579.94702,6.4,11.6,10.0
-45580.87821,6.7,12.8,8.9
-45581.27087,7.3,4.9,10.0
-45580.94755,7.8,5.6,9.3
-45579.9866,4.4,8.7,9.3
-45579.95235,5.1,8.4,9.3
-45580.94606,5.9,12.6,8.9
-45580.2522,6.1,6.1,10.4
-45580.06751,7.6,13.2,8.9
-45580.32388,3.3,8.5,10.0
-45580.08953,4.5,5.2,10.0
-45581.93999,5.6,5.0,10.0
-45580.01149,5.6,5.3,10.7
-45583.92676,6.0,5.2,9.3
-45580.03758,6.1,8.7,10.0
-45580.24391,6.2,5.0,10.7
-45582.17854,6.2,5.3,10.0
-45580.16196,6.3,8.6,9.3
-45580.75917,4.9,6.0,9.0
-45580.81964,5.2,6.2,9.0
-45581.71085,5.3,5.1,9.9
-45580.04634,5.9,8.5,9.9
-45580.18761,6.6,8.7,9.4
-45579.9283,6.7,5.1,10.8
-45582.37002,6.7,5.2,9.9
-45583.12744,7.1,5.0,9.4
-45579.91558,8.7,9.7,9.0
-45580.47663,3.3,10.0,9.4
-45580.34246,3.6,8.4,9.9
-45580.67621,4.8,5.3,9.9
-45580.93424,6.1,12.4,9.0
-45579.91935,6.6,6.1,9.0
-45580.10041,7.0,6.3,10.3
-45581.48145,7.5,5.7,9.4
-45580.91315,7.6,4.8,9.9
-45580.58452,8.0,5.4,9.4
-45580.19949,8.8,8.1,9.9
-45580.00469,3.2,9.3,10.3
-45580.55209,5.4,12.7,9.0
-45580.89592,6.2,12.9,9.0
-45580.29715,5.6,12.0,9.4
-45580.10205,6.0,12.2,9.9
-45580.5219,6.1,13.0,9.4
-45580.65607,6.2,12.3,9.4
-45580.13388,6.8,8.9,9.4
-45581.95291,7.7,5.0,9.0
-45580.04581,8.0,8.7,9.0
-45580.12129,8.3,5.3,9.0
-45580.60809,9.2,8.5,9.0
-45580.78256,3.3,9.5,9.4
-45580.38961,4.8,5.8,9.9
-45579.92766,5.7,13.2,9.9
-45580.02399,6.3,13.1,9.9
-45583.32434,6.6,5.4,9.0
-45580.96025,7.0,4.8,10.3
-45580.42114,8.5,9.0,9.4
-45579.99424,3.4,6.5,9.9
-45581.92596,4.9,5.5,9.0
-45583.2101,5.2,4.9,9.0
-45580.05643,5.3,6.4,9.9
-45580.85365,5.9,5.6,10.3
-45580.0377,6.4,6.6,9.4
-45581.5017,6.7,5.9,9.9
-45579.96776,7.9,9.3,9.4
-45580.09951,3.2,8.3,8.9
-45580.53414,4.4,5.4,8.9
-45581.84258,5.1,5.7,8.9
-45580.24751,5.6,6.5,10.0
-45582.05936,6.0,5.9,9.3
-45581.5792,6.2,5.8,10.0
-45580.16374,6.9,6.7,9.3
-45580.41354,7.1,6.5,9.4
-45580.0518,3.3,7.0,10.0
-45580.70009,3.6,9.4,9.3
-45580.10784,4.0,8.8,10.0
-45580.17098,4.2,8.9,9.3
-45579.93502,4.5,5.9,10.0
-45580.26772,5.4,5.7,10.4
-45583.7253,5.7,4.8,8.9
-45580.80015,6.1,5.4,10.4
-45582.28179,6.3,5.5,8.9
-45579.91878,6.6,13.0,10.0
-45580.33206,7.0,13.2,9.3
-45580.26912,7.3,6.2,10.0
-45580.69144,8.8,9.1,9.3
-45580.06146,9.0,7.6,10.0
-45580.17608,5.3,12.1,9.3
-45582.05429,5.6,5.9,9.5
-45580.20038,5.7,5.4,10.6
-45579.93774,5.9,9.5,9.3
-45580.85109,6.2,6.4,9.5
-45580.5076,6.3,4.9,10.6
-45580.25521,6.5,8.8,9.3
-45580.33022,6.6,13.2,9.5
-45580.58955,6.7,12.2,9.3
-45583.31417,7.2,5.1,8.9
-45580.56863,3.5,9.7,9.5
-45579.97701,4.0,8.2,10.2
-45580.32216,4.0,9.4,9.5
-45582.00532,4.8,4.9,8.7
-45581.1913,5.2,5.8,9.8
-45580.01102,5.2,13.1,9.5
-45581.09214,6.4,5.7,10.2
-45580.58693,6.6,6.5,9.8
-45583.15097,6.7,4.8,8.7
-45581.67046,7.0,5.9,9.1
-45580.15526,7.1,12.2,9.5
-45579.999,7.2,5.3,10.6
-45580.36405,7.2,12.5,9.1
-45581.01999,7.3,6.0,9.5
-45580.3222,8.4,9.2,9.1
-45581.02041,3.2,8.9,9.1
-45580.20427,3.9,9.6,9.8
-45582.34288,5.3,5.5,8.7
-45580.00184,5.6,13.0,9.8
-45580.64881,6.0,13.2,9.1
-45580.86213,7.1,5.4,10.2
-45582.11366,7.6,5.2,8.7
-45579.9716,7.7,6.1,9.8
-45580.23376,8.8,8.5,8.7
-45580.18087,5.2,12.3,9.2
-45579.92306,5.3,13.1,9.7
-45580.06515,5.5,8.8,9.1
-45580.64943,5.7,12.2,9.1
-45580.22842,5.8,8.9,9.2
-45580.18049,6.1,12.0,9.8
-45580.71889,6.3,12.1,9.1
-45579.99231,6.4,9.4,9.2
-45580.5745,6.6,12.0,9.2
-45580.1002,7.0,12.2,9.7
-45582.83952,7.3,5.3,8.8
-45580.60967,7.4,7.8,8.7
-45580.29496,8.2,5.1,8.7
-45580.01202,8.5,8.4,8.8
-45580.65929,9.0,8.7,8.8
-45580.07941,9.2,7.4,9.8
-45579.93365,3.2,7.2,9.7
-45580.46993,3.4,9.7,9.7
-45580.64966,3.7,8.8,9.2
-45580.1257,4.1,9.4,9.7
-45580.20316,5.4,6.6,9.2
-45582.89348,5.6,5.4,8.8
-45581.89872,5.7,5.9,9.7
-45582.02985,6.0,4.8,10.1
-45583.62596,6.2,4.9,8.8
-45580.97383,6.3,6.4,9.7
-45580.11913,6.7,13.2,9.7
-45581.18658,6.9,5.6,10.1
-45580.37828,7.1,13.0,9.2
-45581.11478,7.2,6.0,9.7
-45580.77547,8.9,9.3,9.2
-45580.98719,9.2,9.1,9.2
-45580.3777,3.8,9.6,9.6
-45581.05059,4.5,4.8,8.8
-45579.99533,4.6,5.7,10.1
-45579.92177,4.9,4.9,10.5
-45580.04605,5.2,5.5,10.5
-45581.74595,5.3,5.8,9.6
-45580.23017,5.7,13.0,9.6
-45580.31973,6.0,12.0,9.6
-45580.71661,6.6,4.8,10.5
-45580.44837,6.7,6.5,9.6
-45580.01086,7.2,12.9,9.6
-45580.06647,7.6,6.1,9.6
-45579.98637,8.8,10.0,10.1
-45580.68401,3.2,9.5,8.8
-45580.3758,3.7,9.9,9.6
-45582.08748,5.4,5.7,9.6
-45580.20003,6.0,5.9,10.5
-45583.24731,6.1,5.4,9.6
-45580.43848,8.7,8.7,9.6
-45579.95605,8.9,7.4,10.1
-45580.26004,8.9,10.2,9.6
-45580.43739,9.2,10.0,9.6
-45580.46208,3.3,9.8,9.7
-45579.93508,5.7,12.0,8.8
-45580.86724,6.0,13.0,8.8
-45579.92423,6.1,12.2,10.1
-45580.49924,6.3,12.3,8.8
-45579.99352,7.4,8.4,9.2
-45582.11133,7.6,5.0,9.2
-45580.35279,8.0,5.2,9.7
-45580.06964,8.1,8.7,9.2
-45580.32631,8.2,5.3,9.2
-45579.94804,8.3,8.6,9.7
-45579.93692,9.2,6.8,10.1
-45579.95345,3.6,8.2,9.2
-45581.55417,4.8,5.5,9.2
-45580.25248,4.9,5.8,10.1
-45580.03201,5.2,6.4,10.1
-45583.29369,5.3,4.9,9.2
-45582.54499,5.8,5.6,9.7
-45581.05318,6.6,5.9,10.1
-45583.51687,6.7,5.4,9.2
-45582.48236,7.1,4.8,9.7
-45580.24149,3.3,8.3,9.1
-45580.85274,4.5,5.4,9.1
-45581.67215,5.0,5.7,9.1
-45581.78177,5.5,5.7,9.8
-45583.82888,5.6,4.8,9.1
-45580.15397,5.7,6.5,10.2
-45582.68017,6.0,5.4,9.8
-45583.1295,6.2,5.5,9.1
-45580.99406,6.3,5.8,10.2
-45580.04579,7.9,8.5,9.1
-45580.1755,8.8,10.2,9.8
-45580.67766,8.9,9.1,8.7
-45580.68332,9.2,9.3,8.7
-45580.30147,3.6,9.9,9.8
-45580.25402,3.7,9.4,8.7
-45579.96457,4.1,8.8,10.2
-45579.98639,6.4,8.8,8.7
-45580.02808,6.6,12.2,8.7
-45580.39601,7.1,13.2,8.7
-45583.02598,7.3,5.1,9.1
-45580.27725,8.6,8.7,9.8
-45579.94954,9.1,7.6,10.2
-45583.0087,5.9,5.6,9.5
-45579.9109,6.4,6.6,10.6
-45583.1575,7.0,4.8,9.5
-45580.15565,7.2,6.2,10.2
-45580.87812,7.3,7.7,8.7
-45580.36584,8.1,5.2,9.5
-45580.60845,3.2,9.8,9.5
-45582.4945,5.2,5.5,9.3
-45579.96682,5.9,5.7,10.7
-45579.92528,4.1,8.2,10.0
-45582.09325,4.9,4.9,9.3
-45581.66093,6.5,5.7,10.0
-45583.97616,6.6,4.8,9.3
-45580.03233,6.7,6.5,10.4
-45580.01413,7.0,4.9,10.7
-45581.53009,7.0,5.4,10.0
-45581.30492,7.1,5.9,8.9
-45580.30098,7.3,12.5,8.9
-45579.91286,8.4,10.1,10.0
-45580.26453,8.5,9.2,8.9
-45579.99771,3.2,10.4,10.0
-45580.93327,3.3,8.9,8.9
-45580.14898,5.3,5.8,10.4
-45580.57684,5.6,12.2,8.9
-45580.38031,6.2,12.1,8.9
-45581.60698,7.7,5.2,9.3
-45579.92786,8.1,5.0,10.0
-45580.14665,8.3,5.1,9.3
-45580.51266,8.9,8.5,9.3
-45580.74643,3.6,8.8,9.0
-45580.38946,5.3,12.3,9.0
-45579.96571,6.1,11.3,9.3
-45580.69327,6.1,13.2,8.9
-45580.56935,7.0,13.0,9.0
-45580.10637,7.3,6.0,10.3
-45580.24724,3.2,8.1,9.4
-45579.98458,3.7,10.5,9.9
-45580.57885,4.4,4.8,9.4
-45580.32157,4.7,5.7,9.9
-45580.44504,5.6,5.9,10.3
-45583.32081,5.7,5.4,9.4
-45580.16711,5.9,8.9,9.0
-45582.76078,6.1,4.8,9.9
-45580.21466,6.2,6.4,10.3
-45580.5136,6.7,12.0,9.0
-45582.73246,7.2,5.3,9.4
-45580.19644,8.9,10.0,9.9
-45580.79687,9.1,8.7,9.4
-45580.17423,9.2,10.2,9.9
-45579.92359,3.3,7.9,10.3
-45580.40704,3.8,8.6,9.0
-45580.9489,5.6,5.2,10.3
-45581.46181,5.7,6.1,9.4
-45584.11991,6.0,5.0,9.0
-45580.94741,6.1,6.3,9.9
-45584.00303,6.3,4.9,9.4
-45581.21276,6.3,6.2,9.4
-45581.86087,6.8,5.6,9.9
-45579.91315,6.8,8.5,10.3
-45580.10119,6.9,6.8,9.4
-45580.69799,8.8,9.3,9.0
-45580.3901,9.2,8.9,9.9
-45580.27098,3.7,9.0,9.9
-45580.32066,4.1,9.2,9.4
-45579.96462,4.3,9.3,9.9
-45580.17915,5.3,12.9,9.4
-45580.09213,5.7,8.7,9.0
-45581.29959,6.2,5.1,10.3
-45581.89369,7.2,5.8,9.4
-45580.2734,8.9,9.5,9.9
-45579.94785,5.7,12.4,10.0
-45579.94573,5.8,9.1,9.9
-45580.42979,6.1,11.8,9.3
-45579.99983,6.3,11.9,10.0
-45579.94502,6.4,9.2,9.9
-45580.59438,6.5,12.7,9.4
-45580.02238,6.6,11.8,9.9
-45580.57483,6.8,12.6,9.3
-45580.332,7.0,12.4,9.4
-45580.36478,7.3,5.5,10.3
-45579.95065,7.6,5.4,10.4
-45579.91591,8.5,8.2,10.3
-45580.28882,3.2,9.1,10.0
-45580.49566,5.6,12.8,9.3
-45580.45638,7.7,5.9,9.3
-45580.99901,8.0,4.8,8.9
-45580.71046,3.5,8.7,8.9
-45580.09562,4.0,8.4,8.9
-45579.94291,4.8,5.1,10.4
-45580.24638,4.9,6.2,9.3
-45581.25856,5.2,6.0,9.3
-45580.38674,5.3,5.3,10.4
-45579.92696,5.9,7.9,10.4
-45580.56222,6.6,6.3,9.3
-45580.89211,6.7,5.0,10.4
-45580.70029,7.0,6.1,10.0
-45583.39155,7.1,5.2,8.9
-45580.13939,7.3,13.1,9.3
-45580.03095,8.4,9.4,10.0
-45580.20297,9.1,9.7,10.0
-45580.36887,3.6,9.2,9.8
-45580.00089,4.9,12.9,9.1
-45580.82558,5.8,12.6,9.1
-45579.94297,5.9,9.3,9.8
-45580.03903,6.5,9.0,9.8
-45580.81385,6.6,12.8,9.1
-45580.15971,6.7,12.4,9.8
-45580.94547,7.2,4.9,10.2
-45580.3669,7.3,6.4,9.1
-45580.41699,7.9,5.6,8.7
-45580.39616,4.0,9.0,9.1
-45580.05271,4.2,9.1,9.8
-45581.4227,5.7,5.0,10.2
-45579.93819,6.0,8.7,10.2
-45583.21161,6.1,5.2,8.7
-45579.95535,6.2,8.6,8.7
-45580.36549,8.8,8.9,9.8
-45580.02432,9.1,6.5,9.8
-45579.96703,9.2,9.8,8.7
-45580.12351,3.2,8.5,10.2
-45579.92047,5.5,8.4,10.2
-45579.92626,5.5,9.2,9.5
-45580.33754,5.6,6.3,9.1
-45580.18491,5.7,11.8,9.5
-45581.48311,6.0,6.1,9.8
-45580.47549,6.0,12.8,9.5
-45580.53275,6.2,6.0,9.1
-45581.49034,6.3,5.3,10.2
-45580.54958,6.3,12.5,9.5
-45580.00108,6.9,9.1,9.5
-45579.96381,7.7,13.2,9.1
-45580.77777,3.2,9.3,9.5
-45580.08892,4.3,9.1,9.6
-45579.9623,4.6,9.0,9.5
-45579.98085,5.1,12.7,9.5
-45580.63515,6.0,5.2,10.5
-45581.7456,6.1,6.1,9.6
-45580.76317,7.0,6.3,9.5
-45580.13992,7.1,5.0,10.6
-45580.05742,7.2,12.1,9.5
-45580.22484,8.4,8.8,9.5
-45580.54096,8.9,8.9,9.6
-45580.62848,9.2,9.5,9.6
-45580.13309,3.7,8.4,10.1
-45580.44948,3.7,9.2,9.6
-45580.49606,4.9,5.3,10.1
-45580.98853,5.3,6.2,9.2
-45579.96117,5.8,9.3,9.6
-45580.16202,6.4,9.0,9.6
-45580.38058,6.6,12.4,9.6
-45580.95683,6.7,6.1,9.2
-45580.41951,7.1,6.3,9.7
-45580.5436,3.3,9.3,9.7
-45580.40193,4.8,6.0,9.2
-45581.02123,5.2,5.1,10.1
-45579.98384,5.8,8.5,10.1
-45580.74695,6.3,12.9,9.2
-45581.78176,6.6,5.2,10.1
-45579.97008,6.7,8.7,8.8
-45583.58903,7.0,5.0,8.8
-45579.91915,7.3,12.1,9.7
-45579.98039,8.0,5.9,9.7
-45580.2576,8.5,8.8,9.7
-45579.99791,8.6,9.7,9.2
-45580.51334,5.5,12.7,9.2
-45580.04138,5.6,11.8,9.7
-45580.84182,6.0,12.4,9.2
-45580.28454,6.1,12.8,9.7
-45580.33931,6.2,12.5,9.7
-45579.94988,6.8,9.1,9.7
-45581.68185,7.4,5.7,8.8
-45580.39196,7.7,4.8,10.1
-45580.36453,8.1,5.4,8.8
-45580.11182,8.9,8.1,10.1
-45580.19554,9.2,8.3,10.1
-45580.4087,3.6,8.4,9.5
-45581.33521,4.8,5.3,9.5
-45582.73562,5.3,5.1,9.5
-45580.02416,5.9,8.5,9.5
-45579.91027,6.4,7.5,10.6
-45579.97429,6.6,6.1,10.6
-45583.4462,6.7,5.2,9.5
-45580.07443,6.9,11.7,9.5
-45581.68362,7.6,4.8,9.5
-45580.09203,8.2,5.5,9.5
-45579.91634,3.8,7.7,10.2
-45580.08881,4.5,8.7,9.1
-45579.94825,5.0,8.4,9.1
-45582.70302,5.7,5.0,9.8
-45580.62338,6.0,6.1,10.2
-45580.11061,6.0,8.7,9.8
-45584.02269,6.1,5.2,9.1
-45580.07628,6.2,8.6,9.1
-45582.83712,6.3,5.3,9.8
-45580.04475,8.8,8.9,10.2
-45580.61574,9.2,9.8,9.1
-45580.51856,3.2,8.5,9.8
-45579.91193,4.2,9.1,10.2
-45580.14026,4.4,5.2,9.8
-45580.03004,4.9,12.9,8.7
-45580.7753,5.8,12.6,8.7
-45581.99088,7.2,4.9,9.8
-45580.70736,7.9,5.6,9.1
-45580.15409,3.3,9.3,10.1
-45580.02869,3.6,9.2,10.2
-45580.94673,6.3,12.9,8.8
-45580.04458,6.5,11.6,9.8
-45580.88341,6.6,12.8,8.7
-45580.03376,6.8,11.7,9.7
-45580.23002,7.4,7.1,8.8
-45581.05583,7.7,4.8,9.7
-45580.48109,8.1,5.4,9.2
-45580.54813,9.2,8.3,9.7
-45580.44073,3.2,10.0,9.2
-45580.36509,3.7,8.4,9.7
-45580.04678,4.8,8.6,9.2
-45581.22583,4.9,5.3,9.7
-45580.20346,5.3,6.2,8.8
-45580.69796,5.5,12.7,8.8
-45580.70662,6.0,12.4,8.8
-45579.92391,6.2,12.5,10.1
-45580.23431,7.1,6.3,10.1
-45581.82017,7.4,5.7,9.2
-45580.24133,8.9,8.1,9.7
-45580.0135,3.5,7.6,10.1
-45580.41435,4.8,6.0,8.8
-45582.03045,5.2,5.1,9.7
-45580.00355,5.8,8.5,9.7
-45580.13891,6.4,11.6,9.6
-45583.06313,6.6,5.2,9.7
-45580.10649,6.7,8.7,9.2
-45583.61063,7.0,5.0,9.2
-45579.91299,7.2,6.4,10.5
-45580.05875,8.5,8.8,10.1
-45580.66615,3.3,8.5,9.6
-45580.52407,4.5,5.2,9.6
-45583.1102,5.6,5.0,9.6
-45580.01158,5.7,6.3,10.5
-45580.22687,6.1,8.7,9.6
-45583.37478,6.2,5.3,9.6
-45580.15559,6.3,6.0,10.5
-45582.26665,7.3,4.9,9.6
-45579.95641,3.7,9.0,10.3
-45579.99812,4.0,10.1,9.9
-45580.21552,4.1,9.2,9.0
-45580.43953,5.3,12.9,9.0
-45579.97647,5.8,11.7,9.9
-45580.95019,6.5,12.7,9.0
-45580.02365,6.7,11.5,9.4
-45580.58972,7.0,12.4,9.0
-45581.82954,7.2,5.8,9.0
-45581.23684,7.3,5.5,9.9
-45579.94734,8.5,8.2,9.9
-45580.2616,3.3,7.9,9.9
-45580.33516,3.8,8.6,9.4
-45580.21592,4.5,5.0,9.9
-45580.28076,5.7,6.1,9.0
-45580.27171,6.1,6.3,10.3
-45579.91679,6.2,7.7,10.3
-45580.41451,8.8,9.8,9.4
-45580.02586,9.2,8.9,10.3
-45580.18879,4.9,6.2,8.9
-45579.96411,5.2,8.6,9.3
-45582.16233,5.6,5.2,9.9
-45580.06168,5.7,8.7,9.4
-45583.92937,6.0,5.0,9.4
-45582.67262,6.2,5.1,9.9
-45579.98321,6.2,5.2,10.8
-45582.13951,6.7,5.0,10.0
-45580.07468,6.7,5.3,10.7
-45579.94789,6.8,8.5,9.9
-45583.18473,7.1,5.2,9.3
-45580.02405,7.6,13.0,9.0
-45579.91766,8.9,9.5,10.3
-45580.11307,3.3,10.2,9.3
-45580.77694,3.5,8.7,9.3
-45580.083,3.6,7.8,10.0
-45580.00268,4.0,8.4,9.3
-45580.02643,4.2,8.5,10.0
-45580.55886,4.8,5.1,10.0
-45581.19489,5.2,6.0,8.9
-45581.34191,5.3,5.3,10.0
-45580.02612,6.5,8.4,10.0
-45580.82361,6.8,12.6,8.9
-45580.09484,7.0,6.1,10.4
-45580.33761,7.3,13.1,8.9
-45580.59182,7.6,5.4,10.0
-45580.84024,8.0,4.8,9.3
-45580.21445,8.8,8.3,10.0
-45579.95002,3.2,9.1,10.4
-45579.97306,5.4,8.8,9.3
-45580.46428,5.6,12.2,9.3
-45580.7633,5.6,12.8,8.9
-45579.91478,6.0,11.5,10.0
-45579.99736,6.0,12.0,10.0
-45580.04278,6.2,11.4,9.3
-45580.67356,6.2,12.1,9.3
-45581.88635,7.7,5.2,8.9
-45580.58117,7.7,5.9,8.9
-45580.1981,8.3,5.1,8.9
-45580.42198,8.9,8.5,8.9
-45580.9248,3.3,8.9,9.3
-45579.94537,3.6,7.3,10.0
-45580.10859,3.8,9.6,10.0
-45582.57805,5.2,5.5,8.9
-45580.53784,6.1,13.2,9.3
-45580.53701,6.5,5.7,10.4
-45583.71451,6.6,4.8,8.9
-45580.48498,7.0,5.4,10.4
-45580.15128,7.3,12.5,9.3
-45580.11038,7.6,6.1,10.0
-45580.45682,8.5,9.2,9.3
-45579.91218,8.8,6.8,10.0
-45582.40209,4.9,4.9,8.9
-45580.90208,5.3,5.8,10.0
-45580.32142,5.5,6.6,9.4
-45581.34346,5.6,5.9,9.9
-45580.27732,6.0,6.5,9.4
-45580.78153,6.2,6.4,9.9
-45579.91242,6.7,5.8,10.7
-45580.36603,6.7,6.5,10.0
-45581.75744,7.1,5.9,9.3
-45580.01895,7.9,9.1,9.3
-45580.08509,3.3,7.2,9.9
-45580.12062,4.2,9.5,9.4
-45580.79492,4.4,4.8,9.0
-45583.33102,5.7,5.4,9.0
-45581.39172,6.1,4.8,10.3
-45584.09145,6.3,4.9,9.0
-45580.73804,6.8,5.6,10.3
-45579.93903,6.9,8.3,9.0
-45580.60895,8.8,9.3,9.4
-45580.2726,3.5,9.7,9.9
-45580.68818,3.6,8.8,9.4
-45580.11537,4.0,9.4,9.9
-45579.98121,5.2,6.4,9.7
-45580.17326,5.3,12.3,9.4
-45580.24421,5.9,8.9,9.4
-45580.02716,6.5,9.4,9.4
-45579.96662,6.6,13.2,9.9
-45580.41376,6.7,12.0,9.4
-45580.2904,7.0,13.0,9.4
-45579.91791,7.1,12.2,9.9
-45583.1032,7.2,5.3,9.0
-45580.68061,7.3,6.0,9.9
-45580.11414,8.4,8.4,9.0
-45580.86628,9.1,8.7,9.0
-45579.96461,3.5,6.5,9.7
-45579.92853,4.0,8.0,10.1
-45581.53811,4.8,5.5,8.8
-45580.81819,4.9,5.8,9.7
-45583.35677,5.3,4.9,8.8
-45581.38317,5.8,5.6,10.1
-45582.02793,6.6,5.9,9.7
-45582.74885,6.7,5.4,8.8
-45580.38631,7.0,6.5,9.2
-45581.36971,7.1,4.8,10.1
-45580.35107,8.4,9.0,9.2
-45580.91421,3.2,9.5,9.2
-45580.09154,3.3,9.8,10.1
-45579.98834,4.6,8.8,9.2
-45580.05739,5.6,13.2,9.7
-45580.6776,6.0,13.0,9.2
-45580.2104,6.2,13.1,9.7
-45580.84863,6.3,12.3,9.2
-45582.27993,7.6,5.0,8.8
-45579.94579,8.0,5.2,10.1
-45580.00568,8.3,8.6,10.1
-45580.28799,4.0,8.8,9.6
-45579.98367,4.5,5.9,9.6
-45579.91942,5.1,5.7,10.5
-45580.38545,5.6,6.5,9.6
-45580.6255,5.7,4.8,10.5
-45580.51495,5.7,12.0,9.2
-45580.30932,6.1,12.2,9.7
-45582.52846,6.2,5.8,9.6
-45579.91492,6.2,9.6,9.7
-45580.47991,6.3,5.5,10.5
-45580.29283,6.6,13.0,9.6
-45580.08136,6.9,8.9,9.2
-45580.23416,7.2,5.1,10.5
-45580.4303,7.3,6.2,9.6
-45580.24103,8.2,5.3,8.8
-45580.0145,9.2,6.8,9.7
-45580.76595,4.8,5.8,9.5
-45580.01887,5.2,4.9,10.6
-45580.3641,5.3,6.4,9.5
-45580.27458,5.7,13.2,9.5
-45580.48281,6.0,12.2,9.5
-45579.9473,6.3,9.6,9.5
-45580.39563,6.3,13.1,9.5
-45580.26076,6.6,5.4,10.6
-45582.19667,6.7,5.9,9.5
-45580.04756,7.1,12.0,9.6
-45579.92937,3.6,9.9,10.2
-45580.63997,3.7,9.4,9.1
-45580.09664,4.3,8.9,9.1
-45579.93345,5.2,12.1,9.1
-45580.20474,6.4,8.8,9.1
-45580.74603,6.6,12.2,9.1
-45579.99531,7.0,12.0,9.8
-45580.38866,7.1,13.2,9.1
-45580.49802,7.2,6.2,9.8
-45582.97778,7.3,5.1,8.7
-45580.01714,8.6,8.7,10.2
-45580.0806,3.2,7.0,9.8
-45580.13988,4.1,8.8,9.8
-45579.93244,4.4,5.9,9.8
-45580.76787,5.5,5.7,10.2
-45583.24885,5.6,4.8,8.7
-45580.38415,5.7,6.5,9.8
-45581.36648,6.0,5.4,10.2
-45581.08129,6.2,5.5,8.7
-45580.06795,6.7,13.0,9.8
-45580.83967,8.9,9.1,9.1
-45580.10031,9.1,7.6,9.8
-45580.98018,9.2,9.3,9.1
-45580.10892,3.5,10.3,9.9
-45580.63569,4.5,5.4,8.7
-45581.45021,5.0,5.7,8.7
-45580.92149,5.9,12.5,9.0
-45581.07786,6.1,5.9,9.1
-45582.1366,6.3,5.8,9.8
-45580.23771,6.5,11.8,9.0
-45579.99464,6.7,9.2,9.0
-45580.98981,7.8,5.5,9.4
-45579.92023,8.4,4.8,9.4
-45580.26051,9.0,8.0,9.9
-45580.96281,3.4,9.0,9.0
-45580.97424,5.1,6.1,9.0
-45583.26706,5.5,5.2,9.4
-45580.05797,6.1,8.4,9.9
-45580.11548,6.3,8.5,9.4
-45579.98123,6.4,11.5,9.9
-45583.44634,6.9,5.1,9.4
-45580.42321,3.3,8.6,9.9
-45580.24659,3.6,8.7,10.0
-45580.41921,4.3,5.1,9.3
-45581.07171,4.6,5.0,9.4
-45579.94999,4.9,8.5,9.3
-45581.08456,5.0,5.2,9.9
-45580.17889,5.4,6.1,10.3
-45580.29322,5.9,6.0,10.4
-45580.02054,5.9,8.6,10.0
-45580.01806,6.2,6.8,10.3
-45584.09806,6.4,5.0,9.3
-45580.13017,6.5,6.3,10.4
-45580.23303,6.8,6.2,10.3
-45579.96939,8.3,9.8,9.9
-45580.03367,8.6,9.9,10.0
-45579.9451,9.2,9.6,10.3
-45580.39135,3.9,9.1,8.9
-45583.67153,5.8,5.3,9.3
-45579.97386,7.4,5.9,10.4
-45580.41441,8.7,9.4,8.9
-45579.92705,9.1,8.8,10.4
-45579.98444,3.8,10.2,10.0
-45579.92402,4.1,5.2,9.5
-45580.14814,5.0,12.8,8.9
-45580.5309,5.4,12.4,8.9
-45579.95718,5.6,9.0,8.9
-45581.00145,6.1,12.7,8.9
-45580.21335,6.5,8.7,9.5
-45579.98686,6.8,11.9,8.9
-45582.03304,7.5,5.4,9.3
-45580.25436,8.0,5.7,9.3
-45580.17571,3.8,10.0,9.5
-45580.23998,3.9,8.5,9.1
-45581.60782,4.7,5.2,9.1
-45581.58437,5.1,5.0,9.8
-45580.20463,5.5,6.3,10.2
-45580.17196,6.0,11.6,9.5
-45580.52448,6.9,6.0,10.2
-45581.13237,7.6,5.7,9.5
-45583.56996,5.4,5.0,9.1
-45579.99846,5.6,8.4,9.1
-45579.93805,5.9,11.4,9.8
-45579.9518,6.6,11.6,9.1
-45583.63598,6.8,5.3,9.1
-45579.91228,6.9,8.6,9.8
-45579.96858,8.8,9.6,10.2
-45580.28754,3.4,10.1,9.8
-45580.72584,3.5,9.2,8.7
-45580.42537,6.4,12.4,8.7
-45580.55177,7.1,12.7,8.7
-45581.55102,7.2,5.6,9.8
-45581.28522,7.9,4.9,9.1
-45580.43829,9.1,8.2,9.8
-45580.14647,3.9,10.0,9.7
-45580.01475,6.3,9.1,8.8
-45580.68287,6.9,12.5,8.8
-45582.71003,7.4,4.8,9.2
-45580.67452,7.7,5.7,9.7
-45579.95376,3.5,6.9,10.1
-45580.37554,3.8,9.3,8.8
-45580.08663,5.3,8.5,9.2
-45580.10215,6.1,11.6,9.7
-45580.32902,6.3,11.7,9.2
-45580.17194,6.4,8.7,9.7
-45583.98316,6.5,5.2,9.2
-45579.96286,8.5,9.7,10.1
-45580.25653,8.6,8.8,8.8
-45580.11439,9.0,9.4,10.1
-45580.51573,3.4,8.4,9.2
-45580.19363,4.1,8.7,9.2
-45580.18666,4.2,5.3,9.2
-45580.61651,5.8,6.2,10.1
-45584.05093,5.9,5.1,9.2
-45580.85559,6.4,6.1,10.1
-45579.9429,8.7,10.5,9.7
-45580.41351,9.0,8.2,9.6
-45580.46962,9.1,9.9,9.2
-45580.36695,3.5,10.1,9.6
-45581.81095,5.0,5.0,9.6
-45579.93696,5.8,11.4,9.6
-45579.91655,6.0,7.5,10.5
-45581.71982,6.4,5.4,10.1
-45579.92834,6.8,8.6,9.6
-45580.86908,7.1,5.7,10.1
-45580.31124,7.2,12.6,9.2
-45581.79883,7.3,5.6,9.6
-45580.36331,8.7,9.0,9.7
-45580.92848,9.1,9.2,9.2
-45580.14816,3.5,8.2,10.1
-45582.18303,5.3,5.6,8.8
-45581.86728,5.8,4.9,10.1
-45581.7075,6.5,5.9,9.2
-45580.30389,6.6,6.6,9.7
-45580.20861,6.8,12.3,9.7
-45579.99409,9.0,10.1,10.1
-45580.0098,5.4,12.0,9.7
-45580.40952,5.5,13.2,9.2
-45580.23823,6.0,8.8,9.2
-45580.16231,6.2,8.9,9.7
-45580.68143,7.5,5.0,10.1
-45580.42266,8.8,8.6,8.8
-45580.15018,9.2,7.7,9.7
-45580.26424,3.9,9.5,9.7
-45580.12016,5.1,4.8,10.5
-45580.24041,5.7,5.7,10.5
-45580.28512,5.8,12.1,9.6
-45580.27563,6.2,6.7,9.6
-45580.14713,6.6,8.8,9.6
-45580.49211,6.9,13.1,9.2
-45580.5181,7.4,6.3,9.2
-45580.16261,8.3,9.1,9.6
-45580.54833,3.5,9.4,9.6
-45580.44082,3.8,9.5,9.5
-45580.18986,4.0,9.7,9.6
-45579.95002,5.1,13.2,9.5
-45580.16445,5.5,12.0,9.5
-45579.91624,5.7,9.4,9.5
-45580.24338,6.3,8.9,9.5
-45580.39825,6.4,12.2,9.6
-45580.3012,6.7,6.6,9.5
-45580.30691,6.9,12.3,9.5
-45580.4398,8.6,9.0,9.5
-45580.40774,3.4,9.4,9.8
-45580.06961,4.1,9.7,9.8
-45580.20394,5.4,6.5,9.1
-45580.16317,5.9,12.1,9.8
-45580.76608,6.4,13.0,9.1
-45580.19831,6.5,12.2,9.8
-45580.02612,6.7,8.8,9.8
-45580.07435,7.8,5.1,10.2
-45579.9126,8.6,7.8,10.2
-45580.10249,9.0,8.4,8.7
-45580.03313,9.1,6.9,9.8
-45580.01974,3.8,8.3,10.2
-45579.94984,4.6,5.4,10.2
-45580.35897,4.7,5.9,9.1
-45582.55765,5.0,4.8,8.7
-45580.31701,5.4,13.0,9.3
-45581.26582,5.5,4.8,10.2
-45580.81576,5.6,5.7,8.7
-45579.942,5.7,8.2,10.2
-45580.34858,6.3,6.7,9.8
-45579.97903,6.3,8.1,10.2
-45582.00356,6.8,5.8,9.1
-45581.00101,6.9,5.5,10.2
-45579.93889,8.0,9.0,9.1
-45580.00587,8.2,9.1,9.8
-45580.79926,3.3,9.6,9.3
-45580.16913,3.8,8.9,10.0
-45579.95947,5.7,8.8,10.0
-45582.45081,5.8,5.8,9.3
-45580.03616,6.1,9.4,9.3
-45579.91189,6.9,12.1,10.0
-45580.19845,7.4,5.2,10.4
-45580.55159,7.5,6.1,9.3
-45579.97578,8.8,7.7,10.0
-45580.67567,9.2,8.6,8.9
-45579.96938,3.4,6.6,10.0
-45581.63633,4.9,5.6,8.9
-45580.57831,5.0,5.9,9.9
-45580.67247,5.9,5.5,10.4
-45579.9621,6.2,8.3,10.3
-45582.18768,6.3,5.6,9.0
-45581.042,6.5,4.8,10.4
-45581.26715,6.6,5.7,8.9
-45579.91458,6.7,8.2,10.4
-45581.13465,6.8,4.9,10.3
-45580.29881,7.1,6.6,9.3
-45580.03057,8.3,9.3,9.9
-45580.1267,8.6,9.2,10.0
-45580.83397,9.0,9.0,9.3
-45579.91125,3.9,8.1,10.3
-45579.92444,4.4,5.7,9.0
-45579.99536,4.7,4.8,10.3
-45582.6053,5.1,5.4,9.0
-45580.65163,5.4,5.4,10.3
-45581.97051,5.5,5.9,9.4
-45580.05153,5.6,6.6,9.9
-45580.81358,6.1,5.7,10.3
-45580.0914,6.4,12.0,9.9
-45580.65948,6.9,6.4,9.4
-45579.93765,7.0,8.8,9.4
-45580.01217,7.4,12.8,9.4
-45580.13166,8.1,9.2,9.4
-45579.94839,8.7,8.4,10.3
-45580.35757,3.5,8.8,9.9
-45580.54734,3.6,9.7,9.4
-45580.07156,5.8,12.3,9.9
-45580.45155,5.9,13.1,9.4
-45580.01844,7.8,8.6,9.0
-45580.20877,3.4,8.0,10.0
-45581.58849,4.9,5.6,9.3
-45580.84972,5.8,5.8,8.9
-45580.21674,5.9,4.8,10.7
-45581.87138,5.9,5.5,10.0
-45580.4368,6.5,13.2,9.4
-45580.03575,9.0,7.5,9.9
-45580.03752,9.1,10.3,10.0
-45580.6948,3.3,9.6,8.9
-45580.55163,5.4,13.0,8.9
-45582.36257,6.5,4.8,10.0
-45580.05296,6.5,5.5,10.7
-45582.79486,6.6,5.7,9.3
-45580.6658,7.5,6.1,8.9
-45580.91199,9.0,9.0,8.9
-45580.86859,9.2,8.6,9.3
-45579.94291,4.7,13.2,8.9
-45580.00665,7.0,8.8,9.0
-45581.0028,7.4,5.2,10.0
-45579.97594,8.2,8.5,10.0
-45579.99094,3.5,8.8,10.3
-45580.30724,3.6,9.7,9.0
-45580.04319,5.0,5.9,10.3
-45581.71033,5.4,5.4,9.9
-45580.72491,5.9,13.1,9.0
-45582.01384,6.1,5.7,9.9
-45580.01896,6.2,8.3,9.9
-45583.16932,6.3,5.6,9.4
-45579.95137,6.5,11.3,9.4
-45580.67187,6.5,13.2,9.0
-45582.38547,6.8,4.9,9.9
-45580.06424,7.8,6.0,9.0
-45580.28491,7.9,5.3,9.9
-45580.26199,8.7,8.4,9.9
-45579.95279,3.9,8.1,9.9
-45580.15996,4.4,5.7,9.4
-45580.5775,4.7,4.8,9.9
-45582.22955,5.1,5.4,9.4
-45582.79416,5.4,4.8,9.6
-45581.40161,5.5,5.9,9.0
-45580.00896,5.6,6.6,10.3
-45582.78992,6.8,5.5,9.6
-45580.21091,7.4,12.8,9.0
-45580.69549,7.9,5.1,9.6
-45579.99451,3.3,10.7,9.7
-45579.94168,3.8,9.8,9.2
-45580.01492,3.9,9.5,10.1
-45580.877,4.7,5.4,9.6
-45579.93909,5.5,6.5,10.5
-45579.96595,6.0,6.6,10.5
-45580.05752,6.0,8.8,8.8
-45579.93378,6.2,8.9,10.1
-45580.13405,6.9,5.8,10.5
-45580.63066,6.9,13.1,8.8
-45581.51411,7.5,5.0,9.7
-45580.47847,8.8,8.6,9.2
-45580.0514,9.2,7.7,10.1
-45580.42627,3.5,8.2,9.7
-45579.96319,4.1,5.4,9.2
-45580.02786,4.3,5.5,9.7
-45582.5784,5.3,5.6,9.2
-45580.50625,5.5,13.2,8.8
-45583.1354,5.8,4.9,9.7
-45583.00021,6.4,5.4,9.7
-45580.22054,6.6,6.6,10.1
-45581.82824,7.1,5.7,9.7
-45580.44331,7.2,12.6,8.8
-45580.09719,8.7,9.0,10.1
-45580.33883,9.0,10.1,9.7
-45580.88529,9.1,9.2,8.8
-45580.20072,3.8,8.3,9.8
-45580.42468,4.6,5.4,9.8
-45580.25518,4.7,5.9,8.7
-45582.60491,5.0,4.8,9.1
-45582.45028,5.5,4.8,9.8
-45582.46776,5.6,5.7,9.1
-45580.12836,6.3,6.7,10.2
-45580.14377,6.8,5.8,8.7
-45582.15186,6.9,5.5,9.8
-45580.03647,3.4,9.4,10.2
-45580.0224,3.6,10.6,9.8
-45579.9241,5.1,6.5,10.2
-45580.83587,6.4,13.0,8.7
-45580.62924,7.8,5.1,9.8
-45580.371,9.0,8.4,9.1
-45580.436,3.4,8.2,9.5
-45580.19102,3.5,9.9,9.1
-45579.99977,4.2,5.5,9.5
-45579.93378,5.8,6.4,10.6
-45583.70305,5.9,4.9,9.5
-45580.05006,6.4,5.9,10.6
-45583.38541,6.5,5.4,9.5
-45582.35794,7.0,5.7,9.5
-45580.29767,8.5,8.7,9.1
-45580.37746,9.1,10.1,9.5
-45580.87305,3.5,9.2,9.1
-45580.17051,6.5,12.8,9.8
-45582.20962,7.4,5.0,9.5
-45579.92807,5.3,12.6,9.8
-45580.48072,5.8,11.9,9.1
-45580.92311,6.4,12.4,9.1
-45580.17711,6.6,9.0,9.1
-45580.47382,7.1,12.7,9.1
-45580.61886,7.2,5.6,10.2
-45581.20775,7.9,4.9,8.7
-45580.06102,9.1,8.2,10.2
-45580.02322,3.9,8.5,8.7
-45581.54511,4.7,5.2,8.7
-45580.67841,5.1,5.0,10.2
-45583.38357,5.4,5.0,8.7
-45580.61961,5.5,6.3,9.8
-45581.37525,6.9,6.0,9.8
-45579.91233,6.9,8.6,10.2
-45579.91449,3.2,6.2,9.8
-45580.33877,5.0,6.3,9.1
-45580.39205,5.7,12.7,9.5
-45581.38526,5.9,6.2,9.5
-45580.18328,6.0,9.0,9.5
-45581.70448,6.5,6.1,9.5
-45582.96291,6.8,5.3,8.7
-45580.28213,6.9,12.9,9.5
-45579.93168,7.4,6.5,9.5
-45579.96564,8.1,8.8,9.8
-45580.16019,8.3,8.9,9.1
-45580.31551,8.8,9.6,9.8
-45580.70136,9.1,9.4,9.5
-45579.95859,3.3,6.2,9.6
-45580.01116,5.2,12.6,9.6
-45580.58389,5.4,6.3,9.6
-45580.44935,5.5,5.0,10.5
-45580.36459,5.8,5.1,10.6
-45583.72902,5.9,5.1,8.8
-45579.91575,6.3,7.9,10.5
-45580.40237,6.4,5.2,10.6
-45579.98834,6.4,8.7,10.1
-45580.3848,6.4,12.8,9.6
-45581.78012,6.8,6.0,9.6
-45580.38487,6.9,5.3,10.5
-45580.09831,8.4,9.7,9.5
-45580.49832,8.9,9.6,9.6
-45580.14117,3.4,8.4,8.8
-45579.96788,4.1,8.7,8.8
-45580.07834,4.2,5.3,8.8
-45579.97654,4.3,8.6,10.1
-45579.91057,5.5,11.8,9.2
-45580.15799,5.6,12.7,9.7
-45581.29951,5.8,6.2,9.7
-45580.19417,6.3,9.1,9.2
-45581.6554,6.4,6.1,9.7
-45583.50394,6.5,5.2,8.8
-45582.81011,7.4,4.8,8.8
-45580.16307,7.7,5.7,10.1
-45580.19497,8.5,9.7,9.7
-45580.42069,8.6,8.8,9.2
-45580.47564,9.0,9.4,9.7
-45580.59967,3.8,9.3,9.2
-45579.93031,3.9,10.0,10.1
-45580.05169,4.4,9.0,9.2
-45583.61068,5.5,5.2,9.0
-45580.08479,5.7,9.2,9.2
-45580.12071,6.1,9.0,9.7
-45580.15069,6.8,12.9,9.7
-45580.59117,6.9,12.5,9.2
-45580.02138,9.2,6.4,9.7
-45580.0151,3.3,8.6,10.3
-45581.41321,4.6,5.0,9.0
-45580.29653,5.0,5.2,10.3
-45580.75166,5.1,6.1,9.4
-45579.94702,5.1,8.7,9.0
-45580.8161,5.4,6.1,9.9
-45580.59673,5.9,12.5,9.4
-45579.94966,6.1,8.4,10.3
-45580.19347,6.2,6.8,9.9
-45580.06834,6.6,12.7,9.9
-45580.07268,6.7,9.2,9.4
-45580.91047,6.8,6.2,9.9
-45583.7932,6.9,5.1,9.0
-45579.96286,7.4,12.2,9.4
-45580.03248,8.2,9.5,9.4
-45579.98397,8.4,4.8,9.0
-45580.32786,9.2,9.6,9.9
-45580.79345,3.4,9.0,9.4
-45579.95181,5.3,9.1,9.4
-45580.00477,5.8,12.9,9.9
-45580.36256,6.5,11.8,9.4
-45580.00613,7.2,6.7,9.4
-45581.22674,7.8,5.5,9.0
-45580.09352,7.9,5.8,9.9
-45579.99778,9.0,6.6,9.9
-45579.92606,9.0,8.0,10.3
-45580.51519,3.9,9.1,9.3
-45580.06001,4.5,9.2,9.3
-45580.50737,7.4,5.9,10.0
-45580.521,4.3,5.1,8.9
-45579.9971,5.0,12.8,9.3
-45580.33922,5.4,12.4,9.3
-45580.12429,5.6,9.0,9.3
-45581.17421,5.9,6.0,10.0
-45580.72815,6.1,12.7,9.3
-45580.08681,6.2,9.3,9.3
-45580.01999,6.3,12.6,10.0
-45580.73817,6.5,6.3,10.0
-45580.38581,6.8,11.9,9.3
-45582.26508,7.5,5.4,8.9
-45580.06133,8.0,5.7,8.9
-45580.06914,3.4,7.5,10.0
-45579.96764,5.4,11.8,9.6
-45579.93255,5.6,9.2,9.6
-45583.46764,5.8,5.3,8.9
-45580.13865,6.2,9.1,9.6
-45583.98265,6.4,5.0,8.9
-45580.30373,6.8,12.5,9.6
-45580.44677,8.7,8.8,9.6
-45580.56167,8.7,9.4,9.3
-45580.29171,9.1,8.8,10.0
-45580.14239,3.3,7.7,9.7
-45580.08653,3.9,8.5,10.1
-45580.32422,3.9,9.3,9.6
-45579.97998,4.5,9.0,9.6
-45580.23567,4.7,5.2,10.1
-45582.9493,5.1,5.0,8.8
-45581.36053,5.4,5.0,10.1
-45580.7433,5.5,6.3,9.2
-45579.9463,5.6,8.4,10.1
-45581.54029,6.8,5.3,10.1
-45581.47594,6.9,6.0,9.2
-45580.12121,7.4,13.2,9.2
-45580.06125,8.1,8.8,9.2
-45580.13085,8.3,8.9,9.7
-45580.5407,8.8,9.6,9.2
-45580.47849,3.5,9.2,9.7
-45580.3311,5.3,12.6,9.2
-45580.1503,5.8,11.9,9.7
-45580.33047,6.4,12.4,9.7
-45580.76058,6.5,12.8,9.2
-45580.05587,6.6,9.0,9.7
-45579.98422,7.0,9.2,9.2
-45580.03826,7.1,12.7,9.7
-45582.15923,7.2,5.6,8.8
-45580.0903,7.9,4.9,10.1
-45580.03946,8.7,8.0,10.1
-45580.27524,3.8,9.3,9.8
-45579.95968,4.4,9.0,9.8
-45579.95067,5.5,11.8,9.8
-45580.6698,5.6,12.7,9.1
-45580.20951,6.1,9.0,9.1
-45580.03604,6.3,9.1,9.8
-45580.67647,6.8,12.9,9.1
-45580.08529,3.4,8.4,10.2
-45579.97059,4.1,8.7,10.2
-45579.92815,5.7,9.2,9.8
-45580.14774,5.8,6.2,9.1
-45581.52899,5.9,5.1,10.2
-45580.15666,6.4,6.1,9.1
-45579.96632,6.4,8.7,8.7
-45581.50772,6.5,5.2,10.2
-45580.08797,6.9,12.5,9.8
-45580.67542,7.4,4.8,10.2
-45580.88054,7.7,5.7,8.7
-45580.26778,8.6,8.8,9.8
-45580.84226,9.0,9.4,9.1
-45579.96095,9.1,9.9,10.2
-45580.70679,3.4,9.2,9.5
-45579.91327,4.8,9.1,9.5
-45580.23623,5.1,6.3,9.5
-45580.3274,5.9,11.9,9.5
-45580.51132,6.5,12.4,9.5
-45580.1248,6.7,9.0,9.5
-45580.26175,7.0,12.7,9.5
-45580.19665,7.9,5.8,9.3
-45580.10391,8.2,8.9,9.5
-45580.04114,9.1,7.3,10.0
-45580.25885,3.4,9.0,10.0
-45580.57379,5.8,12.9,9.3
-45579.99542,5.9,12.5,10.0
-45579.97121,6.5,11.8,10.0
-45580.66251,6.6,12.7,9.3
-45580.00052,7.1,9.0,9.3
-45580.65643,3.3,8.6,8.9
-45582.59785,5.0,5.2,8.9
-45580.33818,5.1,6.1,10.0
-45581.28951,5.4,6.1,9.3
-45580.60827,5.5,5.2,10.4
-45581.04081,5.8,5.3,10.3
-45580.00931,6.0,6.9,10.0
-45579.93894,6.6,8.4,10.3
-45581.01637,6.8,6.2,9.3
-45580.71031,6.9,5.1,10.4
-45579.98719,7.5,13.0,9.3
-45579.92841,8.2,9.5,10.0
-45580.81418,9.2,9.6,9.3
-45580.6474,3.6,8.7,9.0
-45580.06641,4.1,5.0,9.0
-45579.91927,5.4,12.4,9.9
-45581.91189,5.9,6.0,9.4
-45580.02884,5.9,8.6,9.0
-45579.92281,6.2,9.3,9.9
-45581.32426,6.4,5.0,10.3
-45580.83598,6.5,6.3,9.4
-45580.21552,8.7,9.4,9.9
-45580.8095,9.1,8.8,9.4
-45580.18362,3.9,9.1,9.9
-45580.02373,5.1,12.4,9.4
-45580.34751,5.5,12.8,9.4
-45579.93017,5.6,9.0,9.9
-45580.13593,6.0,9.2,9.4
-45580.10418,6.1,12.7,9.9
-45580.65288,6.3,12.6,9.4
-45579.98577,6.8,11.9,9.9
-45581.15166,7.4,5.9,9.4
-45580.1967,7.5,5.4,10.3
-45579.93988,3.3,9.6,10.3
-45580.55328,3.8,8.9,9.0
-45579.94271,3.9,10.4,9.9
-45580.24037,5.1,13.0,9.0
-45580.54516,5.5,12.2,9.0
-45580.11148,5.7,8.8,9.0
-45583.31161,5.9,5.5,9.4
-45580.50481,6.9,12.1,9.0
-45582.31114,7.4,5.2,9.4
-45579.97694,7.5,6.1,10.3
-45580.42568,9.2,8.6,9.9
-45580.16392,4.2,4.9,9.4
-45580.6957,4.9,5.6,9.9
-45580.63167,5.8,5.8,10.3
-45580.15493,6.4,6.5,10.3
-45583.92083,6.5,4.8,9.4
-45581.90022,6.6,5.7,9.9
-45579.94868,7.1,6.6,10.3
-45580.50171,8.6,9.2,9.0
-45580.09819,8.7,10.1,9.9
-45579.98785,9.0,9.0,10.3
-45580.06504,9.1,10.3,9.4
-45581.48993,4.7,4.8,9.3
-45580.96118,5.1,5.4,10.0
-45580.21264,5.5,5.9,10.4
-45579.9243,6.3,7.0,10.4
-45580.02799,6.9,6.4,10.4
-45580.80472,3.5,8.8,8.9
-45581.23031,5.0,5.9,8.9
-45583.02625,5.4,5.4,9.3
-45579.95211,5.7,5.6,10.7
-45579.97971,6.0,8.2,10.0
-45582.80801,6.1,5.7,9.3
-45581.8509,6.3,5.6,10.0
-45583.80482,6.8,4.9,9.3
-45580.01312,7.5,12.4,8.9
-45579.96202,3.4,10.5,10.0
-45579.93467,3.5,8.2,9.1
-45580.23274,4.3,5.5,9.1
-45580.702,5.8,12.3,8.9
-45580.20572,6.4,12.0,8.9
-45580.84099,6.5,5.9,10.2
-45580.98858,7.9,5.3,9.3
-45580.01048,8.6,10.3,9.8
-45580.17255,8.7,8.4,9.3
-45580.14172,9.1,7.8,10.0
-45581.60244,5.3,5.6,9.8
-45584.06082,5.8,4.9,9.1
-45580.28984,5.9,6.4,10.2
-45582.35496,7.1,5.7,9.1
-45580.07655,7.1,7.1,8.7
-45580.31326,8.7,9.0,8.7
-45580.0642,9.1,9.2,10.2
-45580.23125,3.8,9.8,9.8
-45580.09081,5.0,13.2,8.7
-45579.91536,5.2,8.3,9.1
-45579.98549,6.2,8.9,8.7
-45583.51946,6.4,5.4,9.1
-45580.36788,6.8,12.3,8.7
-45580.01698,7.4,6.3,10.2
-45582.50843,7.5,5.0,9.1
-45580.38578,8.8,8.6,9.8
-45580.51386,3.4,9.9,9.5
-45580.24712,3.9,9.8,9.6
-45582.3116,5.1,4.8,9.5
-45582.63616,5.7,5.7,9.5
-45579.91296,6.0,8.8,10.2
-45580.11401,8.4,8.7,9.5
-45580.55623,8.9,8.6,9.6
-45580.65116,9.1,8.4,9.5
-45580.40902,3.5,9.9,9.7
-45581.86362,5.2,5.6,9.6
-45580.188,5.9,12.1,8.8
-45580.3003,6.5,12.2,8.8
-45579.949,6.7,6.6,10.5
-45579.99495,6.7,8.8,8.8
-45580.08371,7.2,8.5,9.2
-45581.47629,7.8,5.1,9.2
-45579.97607,8.4,5.2,9.2
-45580.2343,8.5,8.7,9.7
-45579.98901,8.7,10.3,9.6
-45580.75905,3.4,9.4,8.8
-45580.01754,4.7,5.9,10.1
-45583.65336,5.5,4.8,9.2
-45582.1587,5.6,5.7,9.7
-45583.13749,6.9,5.5,9.2
-45580.52974,9.0,8.4,9.7
-45580.01868,3.8,8.3,9.2
-45581.09197,4.6,5.4,9.2
-45581.6192,5.0,4.8,9.7
-45580.06323,5.4,6.5,10.1
-45580.27273,6.1,6.6,10.1
-45580.4059,6.5,13.0,9.5
-45581.05293,6.8,5.8,10.1
-45579.93,8.9,10.8,9.7
-45580.05661,4.2,9.6,9.5
-45580.38491,5.5,6.5,9.5
-45580.26457,6.0,6.6,9.5
-45582.26543,6.9,5.8,9.5
-45580.07443,8.1,9.0,9.5
-45579.92331,3.2,6.4,9.5
-45580.02843,4.5,8.8,9.1
-45580.06198,4.6,5.9,9.5
-45580.17939,5.4,4.8,10.6
-45579.93783,5.5,13.2,9.8
-45580.14393,6.8,5.5,10.6
-45579.97732,6.9,13.1,9.8
-45579.91243,3.8,9.8,10.2
-45580.2684,3.9,9.5,9.1
-45580.11499,5.0,13.2,9.1
-45580.07115,5.4,12.0,9.1
-45580.09774,6.0,8.8,9.8
-45580.22106,6.2,8.9,9.1
-45580.69142,6.8,12.3,9.1
-45579.91286,7.4,6.3,9.8
-45582.5264,7.5,5.0,8.7
-45580.05579,8.8,8.6,10.2
-45579.99453,3.4,7.1,9.8
-45580.82187,5.9,6.4,9.8
-45581.87961,6.5,5.9,9.8
-45579.91771,7.2,12.6,9.8
-45580.65377,8.7,9.0,9.1
-45579.93943,3.6,6.5,9.8
-45580.28995,4.7,5.9,9.7
-45580.07918,5.1,6.5,9.2
-45580.65094,5.3,5.6,10.2
-45583.44037,5.8,4.9,8.7
-45579.92891,6.1,8.0,10.1
-45581.96944,6.4,5.4,8.7
-45582.45604,6.9,5.5,8.8
-45581.3608,7.1,5.7,8.7
-45579.96069,8.0,9.0,9.7
-45580.19616,8.2,9.1,9.2
-45580.43064,9.1,9.2,9.8
-45580.02872,3.3,6.4,9.7
-45580.04132,3.5,9.9,10.1
-45579.94114,3.8,8.3,8.8
-45581.08298,4.6,5.4,8.8
-45580.76213,5.0,4.8,10.1
-45580.07963,5.4,6.5,9.7
-45583.48089,5.5,4.8,8.8
-45581.10963,5.6,5.7,10.1
-45580.52218,6.1,6.6,9.7
-45580.75578,6.5,12.2,9.2
-45582.05997,6.8,5.8,9.7
-45581.57462,7.8,5.1,8.8
-45580.06226,8.5,8.7,10.1
-45580.17789,9.0,8.4,10.1
-45580.86358,3.4,9.4,9.2
-45579.93252,4.3,5.8,9.6
-45579.95891,4.3,9.6,9.7
-45579.91617,4.8,8.9,9.2
-45580.71179,5.9,4.9,10.5
-45580.66091,5.9,12.1,9.2
-45580.23304,6.4,13.0,9.7
-45580.51243,6.5,5.4,10.5
-45580.162,6.7,8.8,9.2
-45580.13378,7.0,5.7,10.5
-45579.9974,7.3,12.6,9.6
-45580.58161,9.0,9.2,9.6
-45580.74019,5.8,6.4,9.6
-45580.22033,6.1,8.8,9.6
-45582.25962,6.4,5.9,9.6
-45580.19919,6.8,13.1,9.6
-45580.07479,7.4,5.0,10.5
-45579.95138,9.2,6.2,9.6
-45579.98331,3.5,7.3,9.9
-45580.04709,5.4,13.2,9.6
-45582.88735,5.9,5.5,9.0
-45583.92897,6.5,4.8,9.0
-45580.75123,6.6,5.7,10.3
-45579.93274,7.2,9.1,9.4
-45580.47501,8.6,9.2,9.4
-45580.33904,9.0,9.0,9.9
-45580.29748,4.2,4.9,9.0
-45580.02259,4.4,9.4,9.4
-45580.06317,4.9,5.6,10.3
-45580.02022,5.1,13.0,9.4
-45580.0681,5.3,6.7,9.4
-45580.30591,5.5,12.2,9.4
-45580.1452,5.7,8.8,9.4
-45581.69084,5.8,5.8,9.9
-45580.00133,6.3,9.5,9.4
-45580.6016,6.4,6.5,9.9
-45580.33235,6.9,12.1,9.4
-45582.75742,7.4,5.2,9.0
-45580.12055,8.2,8.5,9.0
-45580.01914,9.2,8.6,10.3
-45580.32112,3.3,9.6,9.9
-45580.54049,3.8,8.9,9.4
-45580.25344,7.5,6.1,9.9
-45580.80839,3.5,8.8,9.3
-45580.15174,3.6,9.7,10.0
-45580.59056,6.4,12.0,9.3
-45580.01866,7.8,6.0,10.0
-45581.16204,7.9,5.3,8.9
-45580.20041,8.7,8.4,8.9
-45581.74424,4.7,4.8,8.9
-45581.06505,5.0,5.9,9.3
-45580.15926,5.1,5.4,10.4
-45581.00092,5.5,5.9,10.0
-45580.25541,5.6,6.6,9.3
-45580.63206,5.8,12.3,9.3
-45579.92302,6.0,8.2,10.4
-45580.9411,6.1,5.7,8.9
-45580.6506,6.3,5.6,10.4
-45579.93635,6.3,7.0,10.0
-45580.00807,6.6,9.4,9.3
-45583.83563,6.8,4.9,8.9
-45580.35472,6.9,6.4,10.0
-45579.94701,7.5,12.4,9.3
-45579.91409,8.1,9.2,10.0
-45580.2546,8.3,9.3,9.3
-45580.85639,3.3,8.6,9.3
-45579.97996,3.8,7.9,10.0
-45580.2531,4.6,5.0,10.0
-45582.28036,5.0,5.2,9.3
-45579.96269,5.1,6.1,10.4
-45583.06196,5.4,5.4,8.9
-45580.66966,5.4,6.1,8.9
-45579.97897,5.4,8.7,9.3
-45581.70746,5.5,5.2,10.0
-45579.93334,6.0,6.9,10.4
-45580.06331,6.3,8.5,10.0
-45581.86088,6.9,5.1,10.0
-45580.02396,6.9,5.2,10.7
-45580.14515,7.5,13.0,8.9
-45580.71221,9.2,9.6,8.9
-45579.92274,3.4,9.0,10.4
-45579.98057,4.9,12.6,8.9
-45580.0093,5.5,5.1,10.7
-45580.84856,5.8,12.9,8.9
-45580.16016,6.4,11.5,9.3
-45580.94355,6.6,12.7,8.9
-45580.25337,7.8,5.5,10.0
-45580.1486,7.9,5.8,8.9
-45580.10072,8.6,8.2,10.0
-45580.04819,6.0,9.2,9.0
-45581.00359,6.3,12.6,9.0
-45580.94804,7.5,5.4,9.9
-45580.02754,8.0,5.7,9.9
-45579.9186,3.9,9.1,10.3
-45580.16953,5.1,12.4,9.0
-45580.63707,5.5,12.8,9.0
-45582.32102,5.8,5.3,9.9
-45580.12831,5.9,8.6,9.4
-45582.69399,6.4,5.0,9.9
-45579.95178,6.4,5.3,10.8
-45580.00655,6.6,8.4,9.9
-45581.37158,7.4,5.9,9.0
-45580.07558,8.2,5.6,9.4
-45580.93765,9.1,8.8,9.0
-45579.98633,4.1,5.0,9.4
-45579.94867,5.8,5.0,10.8
-45580.22333,5.9,6.0,9.0
-45580.03701,9.0,10.5,9.9
-45580.10341,3.4,10.1,9.2
-45580.1554,3.5,7.8,9.9
-45580.65895,3.6,8.7,9.4
-45579.92432,4.3,5.1,9.9
-45579.92278,6.4,12.4,10.1
-45582.51884,7.2,5.6,9.2
-45580.59714,7.9,4.9,9.7
-45579.97113,8.6,9.9,9.4
-45580.06175,9.1,8.2,9.2
-45580.12495,3.5,9.2,10.1
-45580.00952,5.0,6.3,10.1
-45580.4669,5.3,12.6,8.8
-45580.95804,6.5,12.8,8.8
-45580.05424,6.6,11.6,9.7
-45582.77592,6.8,5.3,9.7
-45579.95048,7.2,7.0,8.8
-45579.96314,9.0,7.1,10.1
-45580.0564,3.3,7.7,10.1
-45580.03173,4.6,8.7,9.2
-45580.31979,5.1,7.6,8.8
-45582.50072,5.4,5.0,9.7
-45580.04209,6.9,8.6,9.2
-45579.99059,8.3,8.9,10.1
-45580.07687,8.8,9.6,8.8
-45579.99252,9.2,10.7,9.7
-45580.19613,3.9,8.5,9.7
-45580.81746,4.7,5.2,9.7
-45582.78448,5.1,5.0,9.2
-45580.20816,6.2,11.7,9.6
-45580.16609,6.9,6.0,8.8
-45580.21471,7.4,13.2,8.8
-45581.76184,7.5,4.8,9.6
-45580.54733,3.5,8.4,9.6
-45580.24559,3.8,8.5,9.5
-45580.23347,4.0,8.7,9.6
-45580.13902,4.3,5.3,9.6
-45580.87578,4.6,5.2,9.5
-45583.31727,5.8,5.1,9.6
-45580.05418,5.9,6.2,10.5
-45583.43541,6.4,5.2,9.6
-45580.09287,6.5,6.1,10.5
-45579.96332,6.8,6.0,10.6
-45580.47051,9.0,9.9,9.6
-45583.17608,5.5,5.0,9.5
-45579.91095,6.2,7.4,10.6
-45580.10406,6.7,11.6,9.5
-45583.10527,6.9,5.3,9.5
-45580.48988,3.4,8.4,9.8
-45580.13195,4.1,8.7,9.8
-45580.1558,4.3,8.6,9.1
-45581.12636,7.8,4.9,9.5
-45580.36297,9.1,9.9,9.8
-45579.935,3.6,7.6,10.2
-45582.86233,5.9,5.1,9.8
-45580.16622,6.1,11.6,9.1
-45580.15544,6.4,8.7,9.1
-45582.84535,6.5,5.2,9.8
-45580.09707,7.1,8.4,9.1
-45580.01501,8.6,8.8,10.2
-45580.59576,9.0,9.4,8.7
-45579.98787,3.8,9.3,10.2
-45579.95373,6.1,9.0,8.7
-45580.10508,6.3,11.7,9.8
-45580.78389,6.8,12.9,8.7
-45581.5607,7.4,4.8,9.8
-45581.02809,7.7,5.7,9.1
-45579.9128,3.7,8.0,10.3
-45580.23981,4.9,4.9,10.3
-45581.96051,5.3,5.8,9.4
-45580.74234,5.6,12.7,8.7
-45580.13452,5.8,6.7,9.9
-45579.93777,5.8,8.1,10.3
-45581.70846,6.5,5.7,9.0
-45581.29959,6.6,4.8,10.3
-45580.43037,6.7,6.5,9.4
-45581.07901,7.1,5.9,9.9
-45580.1633,7.2,12.9,9.4
-45580.39476,5.2,5.5,10.3
-45580.41302,5.7,13.0,9.4
-45579.99491,6.1,13.2,9.9
-45579.96188,6.4,8.2,10.3
-45583.20625,7.0,5.4,9.0
-45580.14327,8.5,9.2,9.9
-45579.92274,9.2,7.9,10.3
-45580.38526,3.3,8.9,9.9
-45580.44222,3.8,9.6,9.4
-45580.11025,6.2,12.1,9.9
-45580.21748,7.6,6.1,9.4
-45579.94922,7.6,8.7,9.0
-45580.03461,7.7,5.2,10.3
-45580.73907,8.1,5.0,9.0
-45579.97543,8.9,8.5,10.3
-45580.00389,5.6,12.2,9.9
-45579.97091,5.9,8.9,10.0
-45580.49887,6.0,12.0,9.4
-45579.96088,6.7,12.0,10.0
-45580.2751,7.1,12.2,9.3
-45580.35966,7.2,5.3,10.4
-45579.92292,9.1,8.7,10.4
-45580.63101,3.5,9.7,9.3
-45580.23815,3.6,8.8,10.0
-45580.36792,4.0,9.4,9.3
-45579.96411,4.2,9.5,10.0
-45580.15587,5.2,13.1,9.3
-45580.49753,6.6,13.2,9.3
-45582.20527,6.8,5.6,8.9
-45581.19141,7.3,6.0,9.3
-45579.99735,3.2,6.7,10.0
-45582.02919,5.6,5.9,9.3
-45580.64464,5.7,5.4,10.4
-45579.94882,6.0,5.8,10.7
-45580.46507,6.0,6.5,10.0
-45583.68117,6.1,4.8,8.9
-45581.06695,6.3,4.9,10.4
-45580.17397,8.8,9.3,10.0
-45580.56328,3.6,9.4,9.5
-45580.82008,4.7,5.7,8.9
-45580.06991,5.3,12.1,9.5
-45579.99226,5.5,6.6,10.0
-45579.92678,5.9,9.5,9.5
-45580.12706,6.2,6.4,9.3
-45580.23082,6.5,8.8,9.5
-45580.39619,6.7,12.2,9.5
-45580.17395,7.0,13.2,9.5
-45580.17489,4.2,8.9,9.5
-45579.94903,5.4,5.7,10.6
-45582.30714,6.0,5.9,9.5
-45580.30982,6.1,5.4,10.6
-45580.11065,6.9,6.7,9.5
-45580.76627,8.0,5.2,8.7
-45580.54593,8.8,9.1,9.5
-45580.43304,3.2,9.5,9.8
-45579.93822,3.3,9.8,8.7
-45580.52327,5.6,13.2,9.1
-45580.08104,5.7,12.0,9.8
-45580.12398,6.0,13.0,9.8
-45580.80573,6.1,12.2,9.1
-45580.72231,6.2,13.1,9.1
-45580.23165,6.3,12.3,9.8
-45579.942,6.9,8.9,9.8
-45580.35279,7.6,5.0,10.2
-45579.97134,8.8,7.9,10.2
-45580.03522,3.6,8.2,10.2
-45579.91295,4.2,8.1,10.2
-45580.13805,4.8,5.5,10.2
-45581.15925,4.9,5.8,9.1
-45580.42133,5.2,6.4,9.1
-45580.98459,5.3,4.9,10.2
-45580.91912,5.8,5.6,8.7
-45579.97999,5.9,8.3,10.2
-45582.12698,6.1,5.9,9.7
-45580.45323,6.5,6.6,9.8
-45579.93982,6.5,8.0,10.2
-45581.31742,6.6,5.9,9.1
-45581.244,6.7,5.4,10.2
-45580.04933,7.0,6.5,9.8
-45583.18708,7.1,4.8,8.7
-45580.13224,8.4,9.0,9.8
-45580.19452,3.3,8.3,10.1
-45580.05572,4.3,8.9,9.7
-45579.95503,4.5,5.4,10.1
-45580.43032,5.0,5.7,10.1
-45581.51671,5.5,5.7,8.8
-45581.68007,5.6,4.8,10.1
-45580.03486,5.7,6.5,9.2
-45582.52851,6.0,5.4,8.8
-45581.64297,6.2,5.5,10.1
-45582.0986,6.3,5.8,9.2
-45579.9914,6.8,6.7,9.7
-45580.11958,7.4,12.7,9.2
-45580.46259,8.9,9.1,9.7
-45580.55468,9.2,9.3,9.7
-45580.38542,3.7,9.4,9.7
-45580.21229,4.1,8.8,9.2
-45579.92448,4.8,13.1,9.2
-45579.9289,5.2,12.1,9.7
-45580.16366,6.4,8.8,9.7
-45580.26289,6.6,12.2,9.7
-45580.61723,6.7,13.0,9.2
-45580.30825,7.0,12.0,9.2
-45579.95958,7.1,13.2,9.7
-45580.95482,7.2,6.2,9.2
-45580.97641,7.3,5.1,10.1
-45580.27814,8.6,8.7,8.8
-45579.94261,9.0,6.3,9.7
-45580.61769,3.3,9.5,9.6
-45580.15886,5.6,12.0,9.6
-45580.36706,5.9,5.6,10.5
-45580.33005,6.1,13.0,9.6
-45580.42858,6.2,12.3,9.6
-45580.41505,6.4,6.6,9.6
-45580.05263,6.8,8.9,9.6
-45580.4593,7.0,4.8,10.5
-45580.13528,7.1,6.5,9.6
-45580.30835,8.5,9.0,9.6
-45580.71861,3.6,9.2,8.8
-45580.25786,3.7,10.1,9.7
-45580.04,4.0,9.0,10.1
-45580.24348,6.5,11.6,9.2
-45580.6816,6.7,12.4,8.8
-45583.22423,7.2,4.9,9.2
-45580.00048,7.3,6.4,10.1
-45580.38161,7.9,5.6,9.7
-45580.76807,3.2,8.5,9.2
-45579.94613,3.3,6.8,10.1
-45580.69113,4.4,5.2,9.2
-45580.03081,5.5,8.4,9.2
-45580.38329,5.6,6.3,10.1
-45580.19459,6.0,8.7,9.2
-45581.01154,6.2,6.0,10.1
-45583.87092,6.3,5.3,9.2
-45580.01425,6.5,9.0,8.8
-45579.9133,8.3,9.6,10.1
-45580.61115,8.8,8.9,8.8
-45580.14207,8.9,10.4,9.7
-45580.43412,3.3,10.0,9.6
-45579.91559,5.1,6.9,8.8
-45579.91916,5.6,11.5,9.6
-45583.93265,5.7,5.0,9.2
-45583.19168,6.1,5.2,9.7
-45580.17478,6.2,8.6,9.7
-45579.97107,7.0,6.3,10.5
-45581.24049,7.5,5.7,9.6
-45580.39913,8.0,5.4,9.6
-45579.98371,9.0,10.6,9.6
-45580.46771,9.2,9.8,9.7
-45580.28725,3.6,10.1,9.5
-45583.62312,6.0,5.2,9.5
-45579.98702,6.1,6.1,10.6
-45580.23083,6.3,8.6,9.5
-45580.1388,6.6,8.7,9.6
-45582.69812,7.1,5.0,9.6
-45580.78516,7.8,5.6,9.5
-45579.9837,4.8,6.0,10.2
-45583.10488,5.2,5.1,9.1
-45580.17489,5.3,6.2,10.2
-45579.9899,5.8,8.5,9.1
-45583.94314,6.6,5.2,9.1
-45580.04071,6.7,8.7,9.8
-45582.35366,7.0,5.0,9.8
-45579.91413,8.6,9.7,10.2
-45580.05107,9.1,10.6,9.8
-45580.33503,3.2,10.0,9.8
-45580.27174,3.7,8.4,9.1
-45582.14915,4.9,5.3,9.1
-45580.83338,5.2,7.7,8.7
-45579.91958,5.7,11.5,9.8
-45580.02163,5.9,6.8,10.2
-45580.92142,6.1,12.8,8.7
-45580.65075,6.2,12.5,8.7
-45580.53354,6.7,6.1,10.2
-45581.08221,7.4,5.7,9.8
-45581.89374,7.7,4.8,9.1
-45580.06906,8.1,5.4,9.8
-45579.98842,8.3,5.5,9.1
-45580.28902,9.2,8.3,9.1
-45580.68732,3.3,9.3,8.7
-45580.12611,5.0,12.7,8.7
-45583.57114,5.6,5.2,9.3
-45580.17434,5.7,6.1,10.4
-45579.96806,5.7,8.7,10.0
-45582.31497,6.0,5.0,10.0
-45580.13243,6.0,5.3,10.7
-45579.91639,6.0,7.6,10.4
-45584.07269,6.2,5.1,9.3
-45580.19276,6.3,6.2,10.4
-45579.96413,6.8,8.5,9.3
-45579.94899,6.8,11.7,9.1
-45580.6053,8.9,9.5,8.9
-45580.94024,9.2,8.9,8.9
-45580.00167,3.6,10.3,10.0
-45580.18825,3.8,8.6,10.0
-45580.92891,4.5,5.0,9.3
-45580.32444,5.2,12.5,8.9
-45579.98105,5.8,9.1,8.9
-45580.2854,5.8,11.7,9.3
-45579.99538,6.4,9.2,8.9
-45582.42245,7.3,5.5,9.3
-45580.1167,8.8,9.8,10.0
-45581.00378,3.2,9.1,9.0
-45580.17049,3.3,10.2,9.9
-45580.6742,3.7,9.0,8.9
-45579.99269,5.5,9.0,9.0
-45580.1318,6.0,11.5,9.4
-45579.95796,6.2,11.4,9.9
-45580.30953,6.3,11.9,9.0
-45580.57454,7.1,12.8,8.9
-45580.1289,7.2,5.8,10.4
-45581.60826,7.6,5.4,9.4
-45579.91092,7.7,5.9,10.3
-45580.13165,8.8,8.3,9.4
-45580.09838,4.0,8.4,9.9
-45580.12615,5.2,6.0,10.3
-45580.77069,5.7,12.4,9.0
-45579.96487,6.4,6.9,10.3
-45580.22825,6.6,6.3,10.3
-45580.82598,7.0,6.1,9.0
-45580.18246,8.0,4.8,9.9
-45580.30013,8.2,4.9,9.4
-45580.36929,3.5,8.7,9.9
-45581.59854,4.8,5.1,9.4
-45579.94333,4.9,6.2,10.3
-45580.16959,5.2,12.5,9.3
-45582.79988,5.3,5.3,9.4
-45580.14944,6.4,9.2,9.3
-45583.751,6.7,5.0,9.4
-45581.79481,7.1,5.2,9.9
-45580.36547,7.2,12.3,9.0
-45579.9764,8.4,9.4,9.0
-45580.05626,8.5,9.9,9.9
-45580.60739,9.1,9.7,9.0
-45580.67775,3.7,9.0,9.3
-45580.04105,4.1,9.2,10.0
-45580.16098,4.3,9.3,9.3
-45580.16405,5.8,9.1,9.3
-45579.98764,6.5,12.7,10.0
-45580.38761,6.6,11.8,9.3
-45580.33877,7.1,12.8,9.3
-45580.86352,7.2,5.8,10.0
-45582.51685,7.3,5.5,8.9
-45580.07832,3.2,7.4,10.0
-45581.10168,4.5,5.0,8.9
-45583.64858,5.6,5.2,8.9
-45580.99964,6.0,5.0,10.4
-45583.93898,6.2,5.1,8.9
-45580.93765,6.3,6.2,10.0
-45580.69065,8.9,9.5,9.3
-45579.99101,3.5,8.7,10.3
-45579.92866,4.0,8.4,10.3
-45580.15495,4.2,8.5,9.0
-45582.02312,4.8,5.1,9.0
-45580.72546,5.2,6.0,9.9
-45580.8904,5.7,6.1,10.0
-45580.4464,6.1,6.3,9.3
-45580.02355,6.4,6.9,9.9
-45580.87404,6.6,6.3,9.9
-45581.27581,7.0,6.1,9.4
-45580.01983,7.0,8.7,9.0
-45580.93797,9.2,8.9,9.3
-45580.89567,3.2,9.1,9.4
-45580.00965,4.6,9.2,9.4
-45579.99378,4.9,6.2,9.9
-45583.16723,5.3,5.3,9.0
-45579.95673,5.6,12.8,9.9
-45580.48616,5.7,12.4,9.4
-45584.02014,6.7,5.0,9.0
-45579.94579,6.9,9.3,9.4
-45580.7234,7.1,5.2,10.3
-45580.15899,7.2,12.3,9.4
-45580.26675,7.7,5.9,9.9
-45580.28662,8.4,9.4,9.4
-45579.92065,8.9,7.0,9.9
-45580.67867,9.1,9.7,9.4
-45580.07881,9.2,7.2,9.9
-45580.41267,4.9,6.0,9.6
-45580.49648,5.2,6.2,9.6
-45580.25917,5.3,5.1,10.5
-45580.05021,5.5,9.0,9.4
-45579.96856,5.8,6.8,9.6
-45580.0601,6.1,11.8,9.9
-45580.46314,6.3,11.9,9.4
-45579.91541,6.5,7.8,10.5
-45581.66627,6.6,6.1,9.6
-45580.54715,6.7,5.2,10.5
-45580.02371,6.8,12.6,9.9
-45581.99729,7.6,5.4,9.0
-45580.47108,8.2,4.9,9.0
-45580.38363,8.7,9.7,9.6
-45580.0867,8.8,8.3,9.0
-45580.36517,3.2,8.5,8.8
-45579.91412,3.5,6.3,9.6
-45580.66994,4.4,5.2,8.8
-45579.91257,4.5,8.7,10.1
-45580.12693,5.4,12.7,9.6
-45580.78782,5.6,6.3,9.7
-45580.77183,6.0,6.1,9.2
-45580.43128,6.1,12.4,9.6
-45581.91034,6.2,6.0,9.7
-45580.36357,6.2,12.9,9.6
-45580.01527,3.3,6.8,9.7
-45580.77265,3.6,9.2,9.2
-45580.22417,4.0,9.0,9.7
-45583.75119,5.7,5.0,8.8
-45580.02405,6.0,8.7,8.8
-45581.88848,6.1,5.2,10.1
-45580.01713,6.2,8.6,10.1
-45583.04289,6.3,5.3,8.8
-45580.24521,6.6,12.8,9.7
-45579.9191,7.3,6.4,9.7
-45580.05317,8.3,9.6,9.7
-45580.72465,8.8,8.9,9.2
-45580.09736,9.2,9.8,10.1
-45579.95242,3.7,10.1,10.1
-45580.26986,4.2,9.1,9.2
-45580.24855,5.8,12.6,9.7
-45580.06086,5.9,9.3,9.2
-45580.2213,6.5,9.0,9.2
-45580.7325,6.7,12.4,9.2
-45579.93626,7.1,11.8,9.7
-45583.29466,7.2,4.9,8.8
-45579.9905,7.9,5.6,10.1
-45579.94985,3.2,10.0,10.2
-45580.96487,3.3,9.3,9.1
-45580.07807,5.0,12.7,9.1
-45579.94285,5.4,9.2,9.1
-45580.02067,5.5,12.7,9.8
-45580.01078,5.6,11.8,9.1
-45580.2132,6.0,12.4,9.8
-45580.9598,6.2,12.5,9.1
-45580.16909,6.3,12.9,9.8
-45580.09108,6.8,9.1,9.1
-45580.33957,7.4,5.7,10.2
-45581.87308,7.7,4.8,8.7
-45579.95014,3.4,6.3,9.8
-45580.24126,4.8,6.0,9.8
-45583.04936,5.2,5.1,8.7
-45580.87432,6.1,12.8,9.1
-45583.27567,6.6,5.2,8.7
-45579.92281,6.7,8.7,10.2
-45580.30005,8.5,8.8,9.1
-45580.20444,8.6,9.7,9.8
-45580.07237,3.7,8.4,8.7
-45580.28347,4.1,9.0,9.5
-45582.09593,4.9,5.3,8.7
-45580.56666,5.3,6.2,9.8
-45579.98475,5.9,6.8,9.8
-45580.48489,5.9,12.6,9.5
-45581.36379,6.7,6.1,9.8
-45580.40639,6.7,12.8,9.5
-45581.17779,7.0,5.0,10.2
-45580.06555,7.0,11.8,9.5
-45580.68659,7.1,6.3,9.1
-45579.99649,7.3,4.9,10.6
-45582.05015,5.3,4.9,9.8
-45579.93222,5.5,6.9,9.5
-45580.29183,5.6,5.0,10.6
-45580.91506,5.7,6.3,9.5
-45582.78783,5.8,5.6,9.1
-45580.3684,6.2,5.3,10.6
-45582.03241,6.3,6.0,9.5
-45583.49191,7.1,4.8,9.1
-45580.31769,7.2,6.4,9.5
-45579.96827,8.2,9.6,9.5
-45580.34149,3.6,8.2,9.8
-45580.74408,4.8,5.5,9.8
-45581.05908,4.9,5.8,8.7
-45579.93136,5.9,8.3,9.8
-45580.16689,6.5,6.6,10.2
-45582.50751,6.7,5.4,9.8
-45580.06336,7.0,6.5,10.2
-45579.91685,8.1,8.7,9.8
-45579.95815,8.4,9.0,10.2
-45580.06217,3.2,9.5,10.2
-45580.59657,3.3,9.8,9.1
-45580.52398,5.6,13.2,8.7
-45580.74794,6.2,13.1,8.7
-45583.29112,6.3,5.5,9.5
-45581.0703,7.6,5.0,9.8
-45580.92246,8.0,5.2,9.1
-45579.95557,8.2,5.3,9.8
-45580.17461,8.3,8.6,9.1
-45579.94888,8.8,7.9,9.8
-45580.65621,3.2,8.3,9.5
-45580.36053,4.4,5.4,9.5
-45581.68302,5.1,5.7,9.5
-45583.51002,5.7,4.8,9.5
-45580.10347,6.2,5.8,10.6
-45582.66876,7.2,5.1,9.5
-45580.671,9.2,8.5,9.6
-45580.07557,3.7,8.2,9.6
-45581.27834,4.9,5.5,9.6
-45582.33712,5.2,4.9,9.6
-45579.92116,5.3,6.4,10.5
-45583.12816,6.6,5.4,9.6
-45580.15346,6.7,5.9,10.5
-45580.22836,7.2,6.2,8.8
-45581.20801,7.7,5.0,9.6
-45579.95213,8.3,5.3,9.6
-45580.05022,3.5,10.6,9.7
-45580.19093,3.6,9.9,9.2
-45580.07168,3.7,9.4,10.1
-45579.92858,4.1,8.8,8.8
-45579.95092,4.3,8.9,10.1
-45579.96202,6.4,8.8,10.1
-45580.80128,6.7,13.0,8.8
-45579.94471,7.0,12.0,8.8
-45581.96305,7.3,5.1,9.7
-45580.34306,8.6,8.7,9.2
-45580.54884,3.3,8.3,9.7
-45580.35854,4.5,5.4,9.7
-45579.96856,4.8,13.1,8.8
-45581.14123,5.0,5.7,9.7
-45582.57226,5.5,5.7,9.2
-45582.89296,5.6,4.8,9.7
-45583.61615,6.0,5.4,9.2
-45581.13586,6.1,5.9,10.1
-45580.02654,6.8,6.7,10.1
-45580.23585,7.4,12.7,8.8
-45580.16072,9.2,9.3,10.1
-45580.0206,3.3,8.9,10.3
-45580.11324,3.8,9.6,9.0
-45580.70881,5.7,13.0,9.0
-45580.48898,6.0,12.0,9.0
-45579.91139,6.1,11.3,9.9
-45582.8999,6.2,5.5,9.7
-45580.46948,7.6,6.1,9.0
-45580.12504,8.9,9.1,10.1
-45580.25749,9.2,7.9,9.9
-45579.91438,3.2,10.4,9.4
-45580.10857,3.7,8.0,9.9
-45579.98662,4.2,5.6,9.4
-45580.95388,4.9,4.9,9.9
-45581.85819,5.3,5.8,9.0
-45580.01009,5.8,6.7,10.3
-45580.29962,7.1,5.9,10.3
-45580.41862,7.2,12.9,9.0
-45580.64722,7.7,5.2,9.9
-45580.50597,8.1,5.0,9.4
-45580.35335,8.9,8.5,9.9
-45581.28788,5.2,5.5,9.9
-45580.13659,5.7,4.9,10.7
-45581.80904,5.7,5.4,10.0
-45584.08791,6.1,4.8,9.3
-45580.11258,6.3,5.4,10.7
-45579.95481,6.4,8.2,9.9
-45582.87107,6.5,5.7,9.4
-45582.62414,6.6,4.8,9.9
-45583.00819,7.0,5.4,9.4
-45580.12356,9.2,10.2,9.3
-45580.25764,3.2,8.1,10.0
-45579.96332,4.4,4.8,10.0
-45580.81992,4.7,5.7,9.3
-45579.95213,5.5,6.6,10.4
-45580.8084,5.6,5.9,8.9
-45580.06428,6.0,6.5,10.4
-45582.41518,6.3,4.9,10.0
-45582.98401,6.8,5.6,9.3
-45580.20926,8.9,10.0,9.3
-45580.33555,3.5,9.7,8.9
-45579.9768,4.0,9.4,8.9
-45579.94632,4.1,9.9,10.0
-45580.35908,5.2,13.1,8.9
-45580.66138,6.6,13.2,8.9
-45580.32291,7.1,12.2,8.9
-45581.29578,7.2,5.3,10.0
-45581.17098,7.3,6.0,8.9
-45579.95673,7.3,8.6,9.3
-45580.05525,8.4,8.4,10.0
-45580.30309,9.1,8.7,10.0
-45580.75419,3.6,9.3,9.2
-45580.21323,4.0,9.1,9.7
-45580.23667,4.2,9.0,9.2
-45580.23607,5.8,12.7,9.7
-45580.22244,6.6,12.9,9.7
-45580.18659,3.2,8.4,8.8
-45579.9797,3.7,10.0,10.1
-45580.5858,4.4,5.3,8.8
-45580.12253,5.9,9.2,9.2
-45581.23741,6.0,6.0,9.2
-45581.67224,6.2,6.1,9.7
-45580.17836,6.5,9.1,9.2
-45580.74216,6.7,12.5,9.2
-45579.97424,7.1,11.9,9.7
-45583.22734,7.2,4.8,8.8
-45579.9667,7.9,5.7,10.1
-45579.98648,3.3,6.9,9.7
-45579.92238,4.5,8.6,10.1
-45581.09706,5.6,6.2,9.7
-45583.70161,5.7,5.1,8.8
-45579.96698,6.0,8.6,8.8
-45581.81386,6.1,5.3,10.1
-45579.99458,6.2,8.7,10.1
-45583.47785,6.3,5.2,8.8
-45580.02394,8.3,9.7,9.7
-45580.67915,8.8,8.8,9.2
-45580.07403,9.2,9.9,10.1
-45580.14617,4.9,6.1,9.6
-45580.28444,5.2,6.3,9.6
-45580.13953,5.4,12.6,9.6
-45580.43533,6.1,12.5,9.6
-45580.39516,6.2,12.8,9.6
-45579.91217,6.5,7.9,10.5
-45581.92981,6.6,6.0,9.6
-45580.49579,6.7,5.3,10.5
-45579.92461,7.3,13.2,9.6
-45580.39201,8.7,9.6,9.6
-45580.28418,5.3,5.0,10.5
-45580.01872,5.5,6.8,9.5
-45580.26636,5.6,5.1,10.6
-45581.20948,5.7,6.2,9.5
-45580.47275,5.9,12.7,9.5
-45580.4143,6.2,5.2,10.6
-45581.73089,6.3,6.1,9.5
-45580.10562,7.0,11.9,9.5
-45579.99907,7.3,4.8,10.6
-45580.20809,3.7,8.5,8.7
-45580.27316,4.1,9.1,9.5
-45580.02567,4.8,6.1,9.8
-45582.21692,4.9,5.2,8.7
-45583.08843,5.2,5.0,8.7
-45582.82712,6.6,5.3,8.7
-45581.55962,6.7,6.0,9.8
-45579.94069,6.7,8.6,10.2
-45580.3786,6.7,12.9,9.5
-45581.13785,7.0,5.1,10.2
-45580.18661,7.2,6.5,9.5
-45580.34854,8.5,8.9,9.1
-45580.21667,8.6,9.6,9.8
-45580.28942,5.3,6.3,9.8
-45580.03734,5.5,12.6,9.8
-45580.20479,5.6,11.9,9.1
-45580.21006,6.0,12.5,9.8
-45580.93701,6.2,12.4,9.1
-45580.13303,6.8,9.0,9.1
-45580.90345,7.1,6.2,9.1
-45581.90019,7.7,4.9,8.7
-45579.91899,3.2,10.1,10.2
-45580.98652,3.3,9.2,9.1
-45580.05856,5.0,12.6,9.1
-45583.43942,5.6,5.3,8.9
-45580.95795,6.0,5.1,10.4
-45580.82244,6.1,12.9,9.1
-45580.19088,6.3,12.8,9.8
-45580.39551,7.4,5.6,10.2
-45579.91037,8.0,5.8,9.1
-45580.09205,3.2,7.5,10.0
-45581.07209,4.5,5.1,8.9
-45581.04007,5.7,6.0,10.0
-45580.84331,6.1,6.2,9.3
-45583.98742,6.2,5.0,8.9
-45579.91298,6.3,6.0,10.7
-45580.78148,6.3,6.3,10.0
-45580.09726,6.4,9.3,9.3
-45580.71808,8.9,9.4,9.3
-45580.92875,9.2,8.8,9.3
-45580.67028,3.7,9.1,9.3
-45580.03197,4.1,9.3,10.0
-45580.19983,4.3,9.2,9.3
-45580.15919,5.2,12.4,9.3
-45580.20748,5.8,9.0,9.3
-45580.0016,6.5,12.6,10.0
-45580.45781,6.6,11.9,9.3
-45580.32284,7.1,12.9,9.3
-45580.74833,7.2,5.9,10.0
-45582.72469,7.3,5.4,8.9
-45579.95526,8.5,8.3,8.9
-45580.90079,3.2,9.0,9.4
-45579.96371,4.6,9.3,9.4
-45579.9376,5.6,12.9,9.9
-45580.49378,5.7,12.5,9.4
-45579.99414,6.9,9.2,9.4
-45580.34516,7.7,5.8,9.9
-45580.08389,9.2,7.3,9.9
-45579.98817,3.5,8.6,10.3
-45582.05331,4.8,5.0,9.0
-45580.02211,5.5,9.1,9.4
-45580.07813,6.1,11.9,9.9
-45580.38821,6.3,11.8,9.4
-45581.04713,6.6,6.2,9.9
-45580.00718,6.8,12.7,9.9
-45581.57082,7.0,6.0,9.4
-45581.83178,7.6,5.5,9.0
-45580.44403,8.2,4.8,9.0
-45579.93025,4.0,8.5,10.3
-45580.06061,4.2,8.4,9.0
-45580.5649,5.2,6.1,9.9
-45583.29351,5.3,5.2,9.0
-45580.16134,6.4,6.8,9.9
-45583.96899,6.7,5.1,9.0
-45580.01814,7.0,8.6,9.0
-45580.1316,7.2,12.2,9.4
-45580.23705,8.4,9.5,9.4
-45580.18419,3.7,8.1,9.9
-45580.96997,4.9,4.8,9.9
-45581.59284,5.3,5.9,9.0
-45580.05917,5.8,6.6,10.3
-45580.67546,7.1,5.3,10.3
-45580.3704,7.1,5.8,10.3
-45580.42582,7.2,12.8,9.0
-45579.92946,9.0,10.8,9.9
-45580.72048,9.1,9.6,9.4
-45580.02214,3.3,8.8,10.3
-45581.36218,5.2,5.4,9.9
-45580.01509,6.4,8.3,9.9
-45583.12769,6.5,5.6,9.4
-45582.60192,6.6,4.9,9.9
-45582.86608,7.0,5.5,9.4
-45580.66221,7.6,6.0,9.0
-45580.6569,5.7,13.1,9.0
-45580.6116,6.0,12.1,9.0
-45579.95157,6.3,11.3,9.4
-45580.69047,6.3,13.2,9.0
-45580.62284,7.7,5.3,9.9
-45580.48742,8.1,5.1,9.4
-45580.34803,8.9,8.4,9.9
-45580.21547,9.2,7.8,9.9
-45580.55001,3.5,9.6,8.9
-45579.9643,4.1,9.8,10.0
-45580.08992,4.9,13.2,8.9
-45580.37391,5.2,13.0,8.9
-45580.47571,7.1,12.3,8.9
-45581.34939,7.2,5.2,10.0
-45580.89215,7.3,6.1,8.9
-45579.9241,7.3,8.7,9.3
-45580.08032,8.4,8.5,10.0
-45580.30993,9.1,8.6,10.0
-45580.22569,3.2,8.0,10.0
-45579.96601,4.4,4.9,10.0
-45581.03593,4.7,5.6,9.3
-45579.92263,5.5,6.7,10.4
-45581.24051,5.6,5.8,8.9
-45580.14044,5.7,4.8,10.7
-45581.71047,5.7,5.5,10.0
-45584.11857,6.1,4.9,9.3
-45582.43965,6.3,4.8,10.0
-45580.07347,6.3,5.5,10.7
-45582.71864,6.8,5.7,9.3
-45579.92813,7.7,12.9,8.9
-45580.01125,8.9,10.1,9.3
-45579.93896,9.2,10.3,9.3
-45581.83587,5.1,5.6,9.5
-45579.91818,5.6,6.4,10.6
-45583.50319,5.7,4.9,9.5
-45580.09886,6.0,6.4,10.4
-45583.44878,6.3,5.4,9.5
-45582.70746,7.2,5.0,9.5
-45580.55023,3.2,8.2,9.5
-45580.07511,3.2,9.4,10.2
-45580.45554,3.3,9.9,9.1
-45579.92425,3.8,10.6,9.8
-45580.31194,4.4,5.5,9.5
-45580.15407,6.1,12.3,8.7
-45580.05636,6.2,5.9,10.6
-45580.84472,6.2,13.0,8.7
-45581.0465,7.6,5.1,9.8
-45580.85258,8.0,5.3,9.1
-45579.9604,8.2,5.2,9.8
-45580.1827,8.3,8.7,9.1
-45580.39437,3.6,8.3,9.8
-45580.79675,4.8,5.4,9.8
-45580.84573,4.9,5.9,8.7
-45582.06537,5.3,4.8,9.8
-45582.353,5.8,5.7,9.1
-45580.10048,6.5,6.7,10.2
-45582.391,6.7,5.5,9.8
-45580.124,7.0,6.4,10.2
-45583.51798,7.1,4.9,9.1
-45579.94934,8.4,9.1,10.2
-45580.51175,3.3,8.2,9.7
-45580.3196,4.5,5.5,9.7
-45581.23907,5.0,5.6,9.7
-45582.8408,5.5,5.6,9.2
-45582.87801,5.6,4.9,9.7
-45583.33336,6.0,5.5,9.2
-45581.2703,6.1,5.8,10.1
-45580.12575,6.8,6.6,10.1
-45580.17056,9.2,9.2,10.1
-45580.06152,3.7,9.5,10.1
-45579.96079,4.3,8.8,10.1
-45580.39351,5.3,13.2,8.8
-45583.02859,6.2,5.4,9.7
-45579.93341,6.4,8.9,10.1
-45580.72669,6.7,13.1,8.8
-45580.20371,7.4,12.6,8.8
-45580.13599,8.9,9.0,10.1
-45580.00038,3.5,10.7,9.7
-45580.39467,3.6,9.8,9.2
-45580.20416,3.7,8.3,9.6
-45579.9547,4.8,13.0,8.8
-45581.35115,4.9,5.4,9.6
-45582.34735,5.2,4.8,9.6
-45582.99135,6.6,5.5,9.6
-45580.20795,6.7,5.8,10.5
-45580.07086,7.0,12.1,8.8
-45581.99987,7.3,5.0,9.7
-45580.30396,8.6,8.6,9.2
-45580.94815,4.9,5.9,9.1
-45580.3644,5.8,5.7,8.7
-45579.97144,5.9,8.2,10.2
-45579.96128,6.5,8.1,10.2
-45581.15969,6.7,5.5,10.2
-45583.30287,7.1,4.9,8.7
-45581.18162,7.7,5.1,9.6
-45579.96165,8.3,5.2,9.6
-45580.12677,8.4,9.1,9.8
-45580.64742,9.2,8.4,9.6
-45580.04761,3.6,8.3,10.2
-45580.16842,4.8,5.4,10.2
-45580.13498,5.2,6.5,9.1
-45581.00531,5.3,4.8,10.2
-45580.10078,5.7,12.1,9.8
-45580.22235,6.3,12.2,9.8
-45580.25576,6.5,6.7,9.8
-45581.81374,6.6,5.8,9.1
-45580.28233,7.0,6.4,9.8
-45580.3334,7.6,5.1,10.2
-45580.6766,8.0,5.3,8.7
-45579.95301,8.8,7.8,10.2
-45580.09681,6.0,13.1,9.8
-45580.8788,6.1,12.3,9.1
-45580.7767,6.2,13.0,9.1
-45579.95782,6.9,8.8,9.8
-45579.91422,8.1,8.6,10.2
-45580.44843,3.2,9.4,9.8
-45580.63356,3.3,9.4,9.6
-45580.55188,3.6,9.5,9.5
-45580.09447,4.2,8.8,9.5
-45580.02289,5.3,12.0,9.5
-45579.98089,5.4,5.6,10.6
-45579.98175,5.9,9.4,9.5
-45582.58434,6.0,5.8,9.5
-45580.25567,6.1,5.5,10.6
-45580.21273,6.5,8.9,9.5
-45580.4208,6.7,12.3,9.5
-45580.24489,6.9,6.6,9.5
-45579.97048,7.7,6.2,9.1
-45580.55366,8.8,9.0,9.5
-45580.01986,4.3,8.8,9.7
-45580.28313,5.3,13.2,9.2
-45580.19117,5.6,12.1,9.6
-45580.30405,5.9,5.7,10.5
-45579.92437,6.1,9.6,9.6
-45580.30007,6.1,13.1,9.6
-45580.41097,6.2,12.2,9.6
-45580.16247,6.4,6.7,9.6
-45580.58243,6.7,13.1,9.2
-45580.04949,6.8,8.8,9.6
-45580.44799,7.0,4.9,10.5
-45580.32183,7.1,6.4,9.6
-45579.91881,7.9,9.2,9.6
-45580.29437,8.5,9.1,9.6
-45580.38162,3.7,9.5,9.7
-45580.24718,4.1,8.9,9.2
-45579.91308,5.8,9.4,9.7
-45580.14324,6.4,8.9,9.7
-45580.2793,6.6,12.3,9.7
-45580.41381,7.0,12.1,9.2
-45580.78027,7.2,6.3,9.2
-45581.00699,7.3,5.0,10.1
-45580.26319,8.6,8.6,8.8
-45580.17607,3.3,8.2,10.1
-45579.94153,4.5,5.5,10.1
-45580.49402,5.0,5.6,10.1
-45580.24727,5.7,6.4,9.2
-45582.34578,6.1,5.8,9.7
-45581.61621,6.3,5.9,9.2
-45580.14306,6.8,6.6,9.7
-45580.47172,8.9,9.0,9.7
-45580.56708,9.2,9.2,9.7
-45582.07577,5.5,5.6,8.8
-45581.65815,5.6,4.9,10.1
-45580.38457,5.7,13.1,9.4
-45581.82738,6.0,5.5,8.8
-45581.74279,6.2,5.4,10.1
-45580.10742,7.4,12.6,9.2
-45580.39854,3.3,8.8,9.9
-45580.382,3.8,9.7,9.4
-45580.09868,6.2,12.0,9.9
-45580.45749,6.3,13.2,9.4
-45580.42307,7.6,6.0,9.4
-45580.01549,7.7,5.3,10.3
-45580.71666,8.1,5.1,9.0
-45579.96763,8.9,8.4,10.3
-45579.92505,3.7,8.1,10.3
-45579.95967,4.1,8.3,9.0
-45580.24879,4.9,4.8,10.3
-45581.63491,5.3,5.9,9.4
-45580.00901,5.6,12.3,9.9
-45580.30935,5.8,6.6,9.9
-45579.92818,5.8,8.0,10.3
-45580.55203,6.0,12.1,9.4
-45582.30332,6.5,5.6,9.0
-45581.27671,6.6,4.9,10.3
-45580.63003,6.7,6.4,9.4
-45582.94155,7.0,5.5,9.0
-45581.21614,7.1,5.8,9.9
-45580.17588,7.2,12.8,9.4
-45580.00264,7.6,8.6,9.0
-45580.1355,8.5,9.3,9.9
-45579.96658,3.2,6.6,10.0
-45581.04663,4.7,5.6,8.9
-45579.94773,4.9,13.2,9.3
-45580.44438,5.2,5.4,10.3
-45582.38607,5.6,5.8,9.3
-45580.58029,5.7,5.5,10.4
-45579.92275,6.0,5.9,10.7
-45580.60045,6.0,6.4,10.0
-45583.90103,6.1,4.9,8.9
-45581.0892,6.3,4.8,10.4
-45579.95833,6.4,8.3,10.3
-45581.67327,6.8,5.7,8.9
-45580.30734,7.1,12.3,9.3
-45580.18093,8.8,9.2,10.0
-45579.91636,9.1,8.6,10.4
-45580.31025,4.0,9.5,9.3
-45579.97622,4.2,9.4,10.0
-45580.16175,5.2,13.0,9.3
-45579.99325,5.9,8.8,10.0
-45579.96852,6.7,12.1,10.0
-45580.39952,7.2,5.2,10.4
-45580.96843,7.3,6.1,9.3
-45580.69006,3.5,9.6,9.3
-45580.22773,3.6,8.9,10.0
-45580.0332,3.6,10.2,10.0
-45580.31806,5.2,12.4,8.9
-45580.04891,5.8,9.0,8.9
-45580.107,6.6,11.9,8.9
-45582.55559,7.3,5.4,9.3
-45580.68711,3.7,9.1,8.9
-45583.46033,5.6,5.3,9.3
-45579.97344,5.7,8.6,10.0
-45580.1321,5.8,11.6,9.3
-45580.16703,6.0,5.2,10.7
-45584.1247,6.2,5.0,9.3
-45580.56072,7.1,12.9,8.9
-45580.08447,7.2,5.9,10.4
-45580.7034,8.9,9.4,8.9
-45580.18364,3.8,8.7,10.0
-45580.90753,4.5,5.1,9.3
-45579.93573,4.7,8.5,9.3
-45580.23506,5.7,6.0,10.4
-45582.26363,6.0,5.1,10.0
-45579.92318,6.0,7.7,10.4
-45580.14407,6.3,6.3,10.4
-45580.09859,8.8,9.9,10.0
-45580.89294,9.2,8.8,8.9
-45580.37786,3.5,8.6,9.9
-45580.14613,4.0,8.5,9.9
-45581.63134,4.8,5.0,9.4
-45579.92826,4.9,6.3,10.3
-45580.08109,5.2,6.1,10.3
-45582.8789,5.3,5.2,9.4
-45580.00866,6.4,6.8,10.3
-45580.01956,6.5,8.5,9.4
-45580.30223,6.6,6.2,10.3
-45583.70305,6.7,5.1,9.4
-45581.12715,7.0,6.0,9.0
-45581.73637,7.1,5.3,9.9
-45580.23323,7.2,12.2,9.0
-45580.07613,8.5,9.8,9.9
-45580.73837,9.1,9.6,9.0
-45581.00121,3.2,9.0,9.0
-45580.05464,6.0,11.4,9.4
-45579.99102,6.2,11.5,9.9
-45581.51946,7.6,5.5,9.4
-45579.9189,7.7,5.8,10.3
-45579.98446,8.8,8.2,9.4
-45580.12715,3.3,10.3,9.9
-45579.97131,5.5,9.1,9.0
-45580.80298,5.7,12.5,9.0
-45580.16186,6.3,11.8,9.0
-45580.09917,6.6,8.6,9.6
-45579.94384,6.9,9.2,9.0
-45579.98608,7.0,6.2,10.5
-45582.65981,7.1,5.1,9.6
-45580.17841,8.0,4.9,9.9
-45580.29353,8.2,4.8,9.4
-45579.92141,9.0,10.7,9.6
-45580.606,3.2,8.4,9.2
-45579.96563,3.3,6.9,10.1
-45580.37474,3.3,10.1,9.6
-45580.63069,4.4,5.3,9.2
-45580.03862,5.5,8.5,9.2
-45580.49547,5.6,6.2,10.1
-45580.08653,6.0,8.6,9.2
-45580.87472,6.2,6.1,10.1
-45584.03911,6.3,5.2,9.2
-45581.35409,7.5,5.6,9.6
-45580.35309,8.0,5.5,9.6
-45580.53921,8.8,8.8,8.8
-45580.07963,8.9,10.5,9.7
-45580.66941,3.6,9.3,8.8
-45580.30057,3.7,10.0,9.7
-45580.03255,4.0,9.1,10.1
-45583.88201,5.7,5.1,9.2
-45583.10976,6.1,5.3,9.7
-45580.19087,6.2,8.7,9.7
-45580.36128,6.5,11.7,9.2
-45580.78918,6.7,12.5,8.8
-45583.21415,7.2,4.8,9.2
-45580.3199,7.9,5.7,9.7
-45580.44174,9.2,9.9,9.7
-45580.29195,3.2,10.1,9.8
-45580.72664,3.3,9.2,8.7
-45580.89862,6.1,12.9,8.7
-45580.41907,6.2,12.4,8.7
-45579.94964,6.5,9.1,8.8
-45581.18399,7.4,5.6,9.8
-45581.90491,7.7,4.9,9.1
-45580.04673,8.1,5.5,9.8
-45580.0716,8.3,5.4,9.1
-45580.02479,9.2,8.2,9.1
-45579.96507,4.8,6.1,10.2
-45580.09146,5.0,12.6,8.7
-45583.14576,5.2,5.0,9.1
-45580.11647,5.3,6.3,10.2
-45583.75752,6.6,5.3,9.1
-45580.02827,6.7,8.6,9.8
-45582.31526,7.0,5.1,9.8
-45579.93105,8.6,9.6,10.2
-45580.37383,3.6,10.0,9.5
-45580.39181,3.7,8.5,9.1
-45582.22019,4.9,5.2,9.1
-45580.94434,5.2,7.6,8.7
-45579.9608,5.9,6.9,10.2
-45580.64439,6.7,6.0,10.2
-45580.65427,7.8,5.7,9.5
-45580.00689,9.1,10.7,9.8
-45583.52617,6.0,5.3,9.5
-45580.01339,6.1,6.0,10.6
-45580.26167,6.3,8.7,9.5
-45579.91067,4.4,9.5,9.4
-45580.01667,5.1,13.1,9.4
-45580.32711,5.5,12.3,9.4
-45580.15736,5.7,8.9,9.4
-45580.05305,6.3,9.4,9.4
-45580.28513,6.9,12.0,9.4
-45582.65914,7.4,5.3,9.0
-45579.99753,8.2,8.4,9.0
-45580.02473,9.2,8.7,10.3
-45580.3124,3.3,9.7,9.9
-45579.98288,3.5,7.2,9.9
-45580.50733,3.8,8.8,9.4
-45584.06704,6.5,4.9,9.0
-45580.84223,6.6,5.6,10.3
-45579.92197,6.8,13.2,9.9
-45580.40875,7.5,6.0,9.9
-45580.46958,8.6,9.3,9.4
-45580.32908,9.0,9.1,9.9
-45580.03281,4.9,5.7,10.3
-45580.23382,5.3,6.6,9.4
-45581.52573,5.8,5.9,9.9
-45583.32412,5.9,5.4,9.0
-45579.94145,7.2,9.0,9.4
-45580.27429,4.2,4.8,9.0
-45581.7545,4.7,4.9,8.9
-45581.33327,5.0,5.8,9.3
-45580.12244,5.1,5.5,10.4
-45581.13679,5.5,5.8,10.0
-45580.14306,5.6,6.7,9.3
-45579.91142,6.0,8.3,10.4
-45581.61865,6.1,5.6,8.9
-45580.56665,6.3,5.7,10.4
-45580.7681,6.4,6.4,9.9
-45583.70848,6.8,4.8,8.9
-45580.21085,6.9,6.5,10.0
-45579.95514,7.5,12.5,9.3
-45579.93382,7.7,9.1,9.3
-45580.29658,8.3,9.2,9.3
-45580.81519,3.5,8.9,9.3
-45580.16357,3.6,9.6,10.0
-45579.91863,5.2,8.8,9.3
-45582.77959,5.4,5.5,8.9
-45580.59937,5.8,12.2,9.3
-45579.92274,5.9,13.0,10.0
-45580.65893,6.4,12.1,9.3
-45579.92883,6.6,9.5,9.3
-45579.96023,7.8,6.1,10.0
-45581.23708,7.9,5.2,8.9
-45580.34089,8.7,8.5,8.9
-45580.0111,3.4,7.0,9.8
-45580.03938,4.3,5.4,8.7
-45580.57695,5.3,5.7,10.2
-45583.14446,5.8,4.8,8.7
-45580.61596,5.9,6.5,9.8
-45581.16312,6.4,5.5,8.7
-45582.07068,6.5,5.8,9.8
-45581.84283,7.1,5.6,8.7
-45580.66758,8.7,9.1,9.1
-45580.42204,9.1,9.3,9.8
-45579.92764,3.6,6.4,9.8
-45580.41646,3.9,9.4,9.1
-45579.99478,4.5,8.9,9.1
-45580.30713,5.4,12.1,9.1
-45580.07396,6.0,8.9,9.8
-45580.20251,6.2,8.8,9.1
-45580.63835,6.8,12.2,9.1
-45579.9932,6.9,13.0,9.8
-45580.157,7.4,6.2,9.8
-45582.49086,7.5,5.1,8.7
-45580.05449,8.8,8.7,10.2
-45579.94561,4.2,9.7,9.5
-45580.32237,4.6,5.8,9.5
-45580.17363,5.4,4.9,10.6
-45580.58785,5.5,6.4,9.5
-45580.06505,6.0,6.7,9.5
-45580.37786,6.5,13.1,9.5
-45580.18721,6.8,5.4,10.6
-45582.01675,6.9,5.9,9.5
-45580.09115,8.1,9.1,9.5
-45580.33385,5.9,13.2,9.5
-45580.20077,6.1,8.9,9.6
-45580.22169,6.8,13.0,9.6
-45580.0548,7.4,5.1,10.5
-45580.04623,7.5,6.2,9.6
-45579.98247,9.2,6.3,9.6
-45580.06197,3.5,9.8,10.1
-45580.48224,5.8,6.5,9.6
-45580.7287,5.9,4.8,10.5
-45580.58091,5.9,12.0,9.2
-45582.50624,6.4,5.8,9.6
-45580.44863,6.5,5.5,10.5
-45580.80559,6.5,12.3,9.2
-45580.20744,6.7,8.9,9.2
-45580.17994,7.0,5.6,10.5
-45579.98006,7.3,12.7,9.6
-45581.60982,7.8,5.0,8.8
-45580.06374,8.5,8.6,10.1
-45580.18464,9.0,8.5,10.1
-45580.57282,9.0,9.3,9.6
-45580.8256,3.4,9.5,9.2
-45579.91912,4.3,9.7,9.7
-45580.44625,4.7,5.8,9.7
-45579.94798,4.8,8.8,9.2
-45580.33871,5.1,6.4,9.2
-45583.5971,5.5,4.9,8.8
-45581.21511,5.6,5.6,10.1
-45580.12434,5.8,13.2,9.7
-45579.96807,6.1,8.1,10.1
-45580.20292,6.4,13.1,9.7
-45582.89788,6.9,5.4,8.8
-45579.94563,8.0,9.1,9.7
-45580.15232,8.2,9.0,9.2
-45580.04682,3.3,6.5,9.7
-45580.89735,4.6,5.5,8.8
-45580.74716,5.0,4.9,10.1
-45580.26376,5.4,6.4,9.7
-45583.36235,5.8,5.0,9.6
-45580.316,6.1,6.7,9.7
-45581.86845,6.8,5.9,9.7
-45580.58409,3.5,8.5,9.6
-45580.13073,4.0,8.6,9.6
-45580.15693,4.3,5.2,9.6
-45580.03236,5.9,6.3,10.5
-45580.15105,6.2,11.6,9.6
-45583.3488,6.4,5.3,9.6
-45580.13995,6.5,6.0,10.5
-45581.75475,7.5,4.9,9.6
-45580.49986,9.0,9.8,9.6
-45580.03771,3.3,7.6,10.1
-45580.06164,4.6,8.6,9.2
-45580.08453,5.0,6.2,10.1
-45580.07739,5.1,7.7,8.8
-45582.4636,5.4,5.1,9.7
-45582.85047,6.8,5.2,9.7
-45580.05432,6.9,8.7,9.2
-45579.99712,8.3,8.8,10.1
-45580.04685,9.2,10.6,9.7
-45580.29358,3.4,10.0,9.2
-45580.08762,3.9,8.4,9.7
-45580.78277,4.7,5.3,9.7
-45582.74684,5.1,5.1,9.2
-45579.91843,6.4,12.5,10.1
-45579.96636,6.9,6.1,8.8
-45582.25299,7.2,5.7,9.2
-45580.61029,7.9,4.8,9.7
-45580.32426,9.1,8.3,9.2
-45580.11611,3.5,9.3,10.1
-45579.99952,3.8,9.2,10.2
-45580.49693,5.3,12.7,8.8
-45579.95202,5.9,11.5,9.2
-45580.28431,6.1,11.7,9.1
-45580.07178,6.3,11.6,9.8
-45580.92386,6.5,12.9,8.8
-45580.09909,6.6,11.7,9.7
-45580.80518,6.8,12.8,8.7
-45580.28311,7.2,7.1,8.8
-45579.95757,9.0,7.0,10.1
-45580.13733,4.3,8.7,9.1
-45580.68652,5.6,12.6,8.7
-45581.5434,7.4,4.9,9.8
-45581.30516,7.7,5.6,9.1
-45580.49705,3.4,8.5,9.8
-45580.09115,4.1,8.6,9.8
-45580.20899,5.2,6.9,8.7
-45582.76503,6.5,5.3,9.8
-45580.44997,9.0,9.5,8.7
-45580.383,9.1,9.8,9.8
-45579.95085,3.6,7.7,10.2
-45580.12452,3.8,8.4,9.5
-45580.83351,4.6,5.3,9.5
-45583.13403,5.5,5.1,9.5
-45582.91008,5.9,5.0,9.8
-45579.91224,6.2,7.5,10.6
-45580.04211,6.4,8.6,9.1
-45580.164,6.7,11.7,9.5
-45579.9535,6.8,6.1,10.6
-45583.18974,6.9,5.2,9.5
-45580.1118,7.1,8.5,9.1
-45581.1304,7.8,4.8,9.5
-45580.01134,8.6,8.9,10.2
-45579.91805,3.4,9.1,10.4
-45579.97367,3.5,10.2,9.3
-45580.01499,4.9,12.7,8.9
-45580.88849,5.8,12.8,8.9
-45580.07381,6.4,11.4,9.3
-45580.93725,6.6,12.6,8.9
-45579.91199,7.2,6.6,10.4
-45580.28629,7.8,5.4,10.0
-45579.92834,7.9,5.9,8.9
-45580.14013,8.6,8.3,10.0
-45579.91937,4.4,8.5,10.0
-45580.97536,5.4,6.0,8.9
-45579.92258,9.0,8.1,9.3
-45580.59293,9.2,9.7,8.9
-45580.89462,3.3,8.7,9.3
-45579.91138,3.8,7.8,10.0
-45580.2418,4.6,5.1,10.0
-45582.21128,5.0,5.3,9.3
-45579.97226,5.1,6.0,10.4
-45579.97733,5.4,8.6,9.3
-45580.02317,5.5,5.0,10.7
-45581.64381,5.5,5.3,10.0
-45582.39829,5.8,5.2,9.9
-45580.21506,5.9,8.7,9.4
-45579.96077,6.0,6.8,10.4
-45580.04795,6.1,8.5,9.3
-45580.05388,6.3,8.4,10.0
-45582.64304,6.4,5.1,9.9
-45579.97366,6.4,5.2,10.8
-45580.03396,6.6,8.5,9.9
-45581.90179,6.9,5.0,10.0
-45579.99822,6.9,5.3,10.7
-45580.14391,7.5,13.1,8.9
-45580.97022,9.1,8.9,9.0
-45580.2079,3.5,7.9,9.9
-45580.59585,3.6,8.6,9.4
-45579.98,4.1,5.1,9.4
-45579.92463,4.3,5.0,9.9
-45579.93721,5.8,5.1,10.8
-45579.9592,6.0,9.3,9.0
-45580.98765,6.3,12.7,9.0
-45579.91078,6.4,7.7,10.3
-45580.88627,7.5,5.5,9.9
-45580.06424,8.0,5.6,9.9
-45580.17134,8.6,9.8,9.4
-45580.07551,9.0,10.4,9.9
-45579.92668,3.9,9.0,10.3
-45580.18292,5.1,12.5,9.0
-45580.61522,5.5,12.9,9.0
-45579.91227,5.6,11.7,9.9
-45580.78181,6.8,6.3,9.3
-45581.57796,7.4,5.8,9.0
-45579.97293,8.2,5.7,9.4
-45580.79407,3.3,8.7,8.9
-45582.49753,5.0,5.3,8.9
-45581.50777,5.4,6.0,9.3
-45580.5605,5.5,5.3,10.4
-45580.1236,6.0,6.8,10.0
-45579.98927,7.5,13.1,9.3
-45579.93992,8.2,9.4,10.0
-45580.75673,9.2,9.7,9.3
-45580.24737,3.4,9.1,10.0
-45580.44704,5.1,6.0,10.0
-45579.91026,5.7,7.9,10.4
-45580.59935,5.8,12.8,9.3
-45579.91971,6.1,8.5,8.9
-45580.74803,6.9,5.0,10.4
-45579.92574,7.9,5.9,9.3
-45580.03745,9.1,7.2,10.0
-45579.91093,5.4,12.5,9.9
-45579.99924,5.9,12.4,10.0
-45579.94703,6.2,9.2,9.9
-45579.98481,6.5,11.9,10.0
-45580.68818,6.6,12.6,9.3
-45579.99201,7.1,9.1,9.3
-45580.18775,3.9,9.0,9.9
-45580.03208,5.1,12.5,9.4
-45580.32632,5.5,12.9,9.4
-45579.91307,5.6,9.1,9.9
-45580.08696,6.0,9.3,9.4
-45580.11784,6.1,12.6,9.9
-45580.62884,6.3,12.7,9.4
-45579.92644,6.6,8.5,10.3
-45579.96376,6.8,11.8,9.9
-45581.458,7.4,5.8,9.4
-45580.1615,7.5,5.5,10.3
-45579.91176,3.5,7.9,10.3
-45580.52168,3.6,8.6,9.0
-45581.10099,5.8,5.2,10.3
-45580.09822,5.9,8.7,9.0
-45581.27944,6.4,5.1,10.3
-45581.21881,6.5,6.2,9.4
-45580.20716,8.7,9.5,9.9
-45580.81271,9.1,8.9,9.4
-45580.0545,4.1,5.1,9.0
-45580.33626,5.3,12.7,9.2
-45580.11433,5.8,11.8,9.7
-45581.57458,5.9,6.1,9.4
-45580.32944,6.4,12.5,9.7
-45580.02957,6.6,9.1,9.7
-45579.96855,6.7,6.8,9.4
-45579.93851,7.0,9.3,9.2
-45580.05713,7.1,12.6,9.7
-45581.79453,7.2,5.7,8.8
-45579.96742,9.1,8.3,8.8
-45580.47161,3.5,9.3,9.7
-45580.71695,6.5,12.9,9.2
-45580.08982,7.9,4.8,10.1
-45580.06777,8.7,8.1,10.1
-45580.06194,3.3,7.6,9.7
-45580.08356,3.9,8.4,10.1
-45580.21519,4.7,5.3,10.1
-45580.06008,5.0,6.2,9.7
-45581.32263,5.4,5.1,10.1
-45579.94376,5.6,8.5,10.1
-45581.60845,6.8,5.2,10.1
-45580.04753,8.1,8.9,9.2
-45580.10843,8.3,8.8,9.7
-45580.42821,8.8,9.7,9.2
-45579.9841,4.5,9.1,9.6
-45582.91279,5.1,5.1,8.8
-45580.01584,5.4,11.9,9.6
-45580.9964,5.5,6.2,9.2
-45580.17758,6.2,9.0,9.6
-45580.30021,6.8,12.4,9.6
-45581.18294,6.9,6.1,9.2
-45580.33197,3.9,9.2,9.6
-45580.43417,8.7,8.9,9.6
-45580.09368,3.4,8.5,10.2
-45580.69913,3.4,9.3,9.5
-45579.97515,4.1,8.6,10.2
-45580.42827,5.1,6.2,9.5
-45580.27436,5.9,11.8,9.5
-45580.61512,6.4,6.0,9.1
-45580.51376,6.5,12.5,9.5
-45580.08055,6.7,9.1,9.5
-45580.2743,7.0,12.6,9.5
-45579.99902,8.2,8.8,9.5
-45579.98313,9.1,9.8,10.2
-45580.28004,3.8,9.2,9.8
-45579.94693,4.4,9.1,9.8
-45581.57621,5.9,5.0,10.2
-45579.95034,6.4,8.6,8.7
-45581.43775,6.5,5.3,10.2
-45580.70689,6.8,12.8,9.1
-45579.94698,7.5,6.4,9.1
-45580.26112,8.6,8.9,9.8
-45580.79119,9.0,9.5,9.1
-45579.97814,5.5,11.9,9.8
-45580.67995,5.6,12.6,9.1
-45579.92578,5.9,11.3,9.5
-45580.16663,6.1,9.1,9.1
-45580.069,6.3,9.0,9.8
-45580.09004,6.9,12.4,9.8
-45580.65873,7.4,4.9,10.2
-45581.07048,7.7,5.6,8.7
-45580.56944,3.4,9.8,9.5
-45582.308,5.1,4.9,9.5
-45582.84096,5.7,5.6,9.5
-45579.91141,6.2,6.6,10.6
-45580.05579,7.4,6.2,10.2
-45580.01262,8.4,8.6,9.5
-45580.69819,9.1,8.5,9.5
-45580.21102,3.8,9.9,9.8
-45579.99185,6.2,8.8,8.7
-45580.15089,6.8,12.2,8.7
-45582.47421,7.5,5.1,9.1
-45579.95032,7.5,7.7,8.7
-45580.00082,7.7,8.5,9.1
-45580.38025,8.8,8.7,9.8
-45580.17059,3.5,8.3,9.1
-45580.34144,4.3,5.4,9.1
-45581.48105,5.3,5.7,9.8
-45583.99069,5.8,4.8,9.1
-45580.21765,5.9,6.5,10.2
-45580.9541,6.5,5.8,10.2
-45580.06201,8.6,10.2,9.8
-45579.94963,9.0,10.0,9.1
-45580.97548,4.6,5.5,9.2
-45580.05292,4.7,5.8,10.1
-45581.60716,5.0,4.9,9.7
-45583.67507,5.5,4.9,9.2
-45582.32061,5.6,5.6,9.7
-45583.13999,6.4,5.5,9.1
-45580.92598,6.8,5.9,10.1
-45583.34187,6.9,5.4,9.2
-45582.66777,7.1,5.6,9.1
-45580.31135,8.7,9.1,8.7
-45580.05369,9.1,9.3,10.2
-45580.65225,3.4,9.5,8.8
-45580.43265,3.5,9.8,9.7
-45580.16236,5.4,6.4,10.1
-45579.96221,5.9,12.0,8.8
-45580.18717,6.1,6.7,10.1
-45580.51569,6.5,12.3,8.8
-45579.96455,6.7,8.9,8.8
-45580.05195,7.2,8.4,9.2
-45581.50416,7.8,5.0,9.2
-45579.94896,8.4,5.3,9.2
-45580.17939,8.5,8.6,9.7
-45580.53982,9.0,8.5,9.7
-45580.18904,3.9,9.9,9.6
-45581.73333,5.2,5.7,9.6
-45583.48833,5.9,5.4,9.4
-45582.04289,6.6,5.6,9.9
-45579.92652,6.7,6.7,10.5
-45580.08773,8.7,10.2,9.6
-45580.55518,8.9,8.7,9.6
-45579.98088,9.0,9.1,10.3
-45580.13071,3.4,8.1,9.4
-45580.1547,4.2,4.8,9.4
-45580.61624,4.9,5.7,9.9
-45580.23133,5.1,13.1,9.0
-45580.58346,5.5,12.3,9.0
-45580.10694,5.7,8.9,9.0
-45580.54118,5.8,5.9,10.3
-45580.20527,6.4,6.4,10.3
-45583.93139,6.5,4.9,9.4
-45580.29613,6.9,12.0,9.0
-45582.24036,7.4,5.3,9.4
-45580.46166,8.6,9.3,9.0
-45580.12579,8.7,10.0,9.9
-45580.20425,9.1,10.2,9.4
-45579.91846,3.3,9.7,10.3
-45580.86341,3.5,8.9,8.9
-45580.46225,3.8,8.8,9.0
-45579.99548,7.5,6.0,10.3
-45580.41587,9.2,8.7,9.9
-45579.99746,3.4,10.4,10.0
-45579.91607,4.4,5.6,10.0
-45581.49464,4.7,4.9,9.3
-45580.89855,5.1,5.5,10.0
-45580.2729,5.5,5.8,10.4
-45580.60541,5.8,12.2,8.9
-45579.91372,6.3,7.1,10.4
-45580.38862,6.4,12.1,8.9
-45579.99516,6.9,6.5,10.4
-45581.04692,7.9,5.2,9.3
-45580.27247,8.7,8.5,9.3
-45580.17391,9.1,7.9,10.0
-45581.43971,5.0,5.8,8.9
-45582.31671,5.3,5.7,9.2
-45582.8741,5.4,5.5,9.3
-45579.92154,5.7,5.7,10.7
-45583.15023,5.8,4.8,9.7
-45580.01333,6.0,8.3,10.0
-45583.13341,6.1,5.6,9.3
-45581.71907,6.3,5.7,10.0
-45583.78858,6.8,4.8,9.3
-45579.9815,7.0,8.3,9.2
-45580.05231,7.5,12.5,8.9
-45579.91627,8.3,9.2,8.9
-45580.48926,3.5,8.3,9.7
-45579.91294,4.1,5.5,9.2
-45580.05104,4.3,5.4,9.7
-45580.12168,5.3,7.1,8.8
-45582.87146,6.4,5.5,9.7
-45580.00212,6.5,5.8,8.8
-45580.1343,6.6,6.7,10.1
-45581.96546,7.1,5.6,9.7
-45580.47306,7.2,12.7,8.8
-45580.08905,8.7,9.1,10.1
-45580.38393,9.0,10.0,9.7
-45580.84668,9.1,9.3,8.8
-45580.04796,3.3,10.6,9.7
-45580.06407,6.0,8.9,8.8
-45579.96553,6.2,8.8,10.1
-45581.48369,7.5,5.1,9.7
-45580.60262,8.8,8.7,9.2
-45580.03211,9.2,7.6,10.1
-45580.02852,3.9,9.4,10.1
-45582.78113,5.4,4.9,9.6
-45582.92558,6.8,5.4,9.6
-45580.69477,6.9,13.0,8.8
-45580.30523,7.4,6.2,8.8
-45580.81353,4.7,5.5,9.6
-45579.95904,5.5,6.4,10.5
-45579.94327,6.0,6.7,10.5
-45579.91618,6.3,7.3,10.5
-45580.08793,6.9,5.9,10.5
-45580.71467,7.9,5.0,9.6
-45579.91979,5.8,6.5,10.6
-45580.09669,6.4,5.8,10.6
-45582.17404,7.4,5.1,9.5
-45580.55084,3.4,8.3,9.5
-45580.02552,3.4,9.5,10.2
-45580.02966,4.2,5.4,9.5
-45580.58749,5.8,13.2,8.7
-45583.70591,5.9,4.8,9.5
-45580.74203,6.4,13.1,8.7
-45583.23191,6.5,5.5,9.5
-45582.54275,7.0,5.6,9.5
-45580.25792,7.3,6.9,8.7
-45580.56341,9.0,8.5,9.1
-45580.45481,9.1,10.0,9.5
-45580.41742,3.5,9.8,9.1
-45579.983,3.6,10.7,9.8
-45580.10459,3.8,8.2,9.8
-45580.38712,4.6,5.5,9.8
-45580.4657,4.7,5.8,8.7
-45582.61533,5.0,4.9,9.1
-45582.43264,5.5,4.9,9.8
-45582.81471,5.6,5.6,9.1
-45580.19482,6.3,6.6,10.2
-45582.26287,6.9,5.4,9.8
-45580.64661,7.8,5.0,9.8
-45580.26115,8.5,8.6,9.1
-45580.57178,3.3,9.7,8.9
-45579.98875,5.1,6.4,10.2
-45580.51429,5.4,13.1,8.9
-45580.60144,6.8,13.2,8.9
-45580.96336,7.4,5.3,10.0
-45580.90144,7.5,6.0,8.9
-45579.94832,7.5,8.6,9.3
-45579.93727,8.0,8.5,9.3
-45579.92254,8.2,8.4,10.0
-45580.90657,9.2,8.7,9.3
-45580.23993,3.4,8.1,10.0
-45581.3651,4.9,5.7,9.3
-45579.92141,5.3,6.6,10.4
-45580.33685,5.8,5.9,8.9
-45580.21126,5.9,4.9,10.7
-45581.97652,5.9,5.4,10.0
-45582.33819,6.5,4.9,10.0
-45583.09031,6.6,5.6,9.3
-45579.95048,6.7,8.3,10.0
-45580.90819,9.0,9.1,8.9
-45580.07306,9.1,10.2,10.0
-45580.29961,4.4,5.6,9.4
-45580.56737,4.7,4.9,9.9
-45580.07761,5.0,5.8,10.3
-45582.12342,5.1,5.5,9.4
-45581.61867,5.4,5.5,9.9
-45582.15863,6.1,5.6,9.9
-45579.93149,6.1,7.0,10.3
-45579.96023,6.2,8.2,9.9
-45582.90274,6.3,5.7,9.4
-45580.09059,6.5,5.4,10.7
-45582.40651,6.8,4.8,9.9
-45580.21895,7.4,12.9,9.0
-45579.9191,3.4,10.4,9.4
-45579.98812,3.5,8.9,10.3
-45580.52034,3.6,9.6,9.0
-45581.78778,5.5,5.8,9.0
-45579.96282,5.6,6.7,10.3
-45579.99265,7.0,8.9,9.0
-45580.30182,7.9,5.2,9.9
-45580.27017,8.7,8.5,9.9
-45580.78596,3.4,9.1,9.4
-45579.92954,4.8,9.2,9.4
-45579.96826,5.3,9.0,9.4
-45580.02648,5.8,12.8,9.9
-45580.59392,5.9,12.4,9.4
-45580.78796,5.9,13.0,9.0
-45580.43273,6.5,11.9,9.4
-45580.08395,6.6,12.6,9.9
-45580.02447,6.7,9.3,9.4
-45580.18253,7.2,6.6,9.4
-45581.38098,7.8,5.4,9.0
-45580.04044,7.9,5.9,9.9
-45580.00073,8.4,4.9,9.0
-45580.04128,8.6,8.3,9.0
-45580.01306,9.0,6.7,9.9
-45579.94068,9.0,8.1,10.3
-45580.02017,3.3,8.7,10.3
-45581.38383,4.6,5.1,9.0
-45580.26343,5.0,5.3,10.3
-45580.96773,5.1,6.0,9.4
-45583.45456,5.5,5.3,9.0
-45579.93297,6.1,8.5,10.3
-45580.72816,6.8,6.3,9.9
-45583.84277,6.9,5.0,9.0
-45579.99489,7.4,12.3,9.4
-45580.10965,8.2,9.4,9.4
-45580.54433,4.3,5.0,8.9
-45580.06732,4.4,8.5,9.0
-45580.04209,5.1,8.6,9.0
-45580.9745,5.4,6.0,9.9
-45581.0171,5.9,6.1,10.0
-45580.06014,6.2,6.9,9.9
-45580.89132,6.5,6.2,10.0
-45579.98113,6.7,6.8,10.0
-45580.31908,9.2,9.7,9.9
-45580.054,3.4,7.4,10.0
-45580.50949,3.9,9.0,9.3
-45583.7365,5.8,5.2,8.9
-45583.93385,6.4,5.1,8.9
-45580.60307,7.4,5.8,10.0
-45580.51133,8.7,9.5,9.3
-45580.27816,9.1,8.9,10.0
-45580.0297,4.5,9.3,9.3
-45580.00376,5.0,12.9,9.3
-45580.35229,5.4,12.5,9.3
-45580.09106,5.6,9.1,9.3
-45580.75798,6.1,12.6,9.3
-45580.14136,6.2,9.2,9.3
-45580.00858,6.3,12.7,10.0
-45580.29835,6.8,11.8,9.3
-45580.39346,5.8,5.0,10.6
-45581.03939,5.9,6.3,9.5
-45580.35649,6.4,5.3,10.6
-45582.00465,6.5,6.0,9.5
-45580.30601,6.9,12.8,9.5
-45580.03981,7.4,6.4,9.5
-45582.08048,7.5,5.5,8.9
-45580.2999,8.0,5.6,8.9
-45580.17263,8.4,9.6,9.5
-45580.68411,9.1,9.5,9.5
-45579.96736,3.2,6.3,9.8
-45579.91425,3.9,8.4,8.7
-45581.4465,4.7,5.3,8.7
-45580.65064,5.1,5.1,10.2
-45583.33884,5.4,5.1,8.7
-45580.88368,5.5,6.2,9.8
-45580.40133,5.7,12.6,9.5
-45580.14265,6.0,9.1,9.5
-45581.17665,6.9,6.1,9.8
-45580.85034,3.5,9.3,9.1
-45580.0008,4.6,6.0,9.8
-45580.60771,5.0,6.2,9.1
-45579.92148,6.0,7.9,10.2
-45580.14685,6.5,12.9,9.8
-45583.30554,6.8,5.2,8.7
-45579.98007,8.1,8.9,9.8
-45580.18677,8.3,8.8,9.1
-45580.30549,8.8,9.7,9.8
-45579.9312,3.4,10.0,10.2
-45579.91087,5.3,12.7,9.8
-45580.30819,5.8,11.8,9.1
-45580.94495,6.4,12.5,9.1
-45580.13996,6.6,9.1,9.1
-45580.5468,7.2,5.7,10.2
-45581.19923,7.9,4.8,8.7
-45580.07583,9.1,8.3,10.2
-45580.62405,3.8,9.2,9.2
-45580.13149,5.5,11.9,9.2
-45580.16983,5.6,12.6,9.7
-45580.01032,5.7,9.3,9.2
-45580.08512,6.1,9.1,9.7
-45580.23293,6.3,9.0,9.2
-45580.58198,6.9,12.4,9.2
-45580.47329,7.1,12.6,9.1
-45582.85713,7.4,4.9,8.8
-45580.20711,7.7,5.6,10.1
-45580.04041,9.2,6.5,9.7
-45580.10495,4.4,9.1,9.2
-45583.77767,5.9,5.0,8.8
-45580.00912,6.4,8.6,10.1
-45580.17461,6.8,12.8,9.7
-45580.47116,9.0,9.5,9.7
-45580.32166,3.4,8.5,8.8
-45580.00127,4.1,8.6,8.8
-45580.16873,4.2,5.2,8.8
-45579.96888,4.3,8.7,10.1
-45581.05226,5.8,6.3,9.7
-45581.89016,6.4,6.0,9.7
-45583.10864,6.5,5.3,8.8
-45580.20588,8.5,9.6,9.7
-45580.50889,8.6,8.9,9.2
-45580.09979,9.1,9.8,8.8
-45579.98835,3.3,6.3,9.6
-45580.01282,4.7,6.0,9.6
-45579.99407,5.2,12.7,9.6
-45580.8106,5.4,6.2,9.6
-45580.41917,5.5,5.1,10.5
-45579.9209,6.3,7.8,10.5
-45580.3544,6.4,12.9,9.6
-45580.42968,6.9,5.2,10.5
-45579.94314,8.0,8.9,9.6
-45580.48686,8.9,9.7,9.6
-45580.32626,3.4,10.0,9.8
-45580.66629,3.5,9.3,8.7
-45579.98283,5.9,11.5,9.8
-45580.65266,6.4,12.5,8.7
-45580.20175,6.6,11.7,9.1
-45581.51504,6.8,6.1,9.6
-45580.50912,7.1,12.6,8.7
-45581.43144,7.2,5.7,9.8
-45581.27049,7.9,4.8,9.1
-45580.47096,9.1,8.3,9.8
-45580.14163,3.9,8.4,9.1
-45581.53909,4.7,5.3,9.1
-45579.96281,5.0,6.2,8.7
-45581.55444,5.1,5.1,9.8
-45583.52533,5.4,5.1,9.1
-45580.28407,5.5,6.2,10.2
-45580.03131,5.6,8.5,9.1
-45579.95735,5.7,6.8,10.2
-45583.79508,6.8,5.2,9.1
-45580.42046,6.9,6.1,10.2
-45579.94742,6.9,8.7,9.8
-45579.9549,8.8,9.7,10.2
-45580.0371,3.8,10.1,9.5
-45579.91516,4.1,5.3,9.5
-45579.98746,4.2,8.7,9.5
-45581.77538,5.0,5.1,9.6
-45579.91362,6.0,7.4,10.5
-45580.23956,6.0,11.7,9.5
-45580.16528,6.5,8.6,9.5
-45580.02117,6.8,8.7,9.6
-45581.2726,7.6,5.6,9.5
-45579.93906,3.5,6.8,10.1
-45580.42232,3.5,10.0,9.6
-45580.07114,5.3,8.4,9.2
-45580.00061,5.8,11.5,9.6
-45584.10235,5.9,5.0,9.2
-45580.16555,6.4,8.6,9.7
-45583.82312,6.5,5.3,9.2
-45581.67035,7.3,5.7,9.6
-45579.97912,8.5,9.6,10.1
-45580.24888,8.6,8.9,8.8
-45580.50146,9.0,8.3,9.6
-45580.10537,9.0,9.5,10.1
-45580.68922,3.4,8.5,9.2
-45580.08961,3.9,10.1,9.7
-45580.15517,4.1,8.6,9.2
-45580.2255,4.2,5.2,9.2
-45579.94687,4.3,8.7,9.7
-45580.49305,5.8,6.3,10.1
-45580.05654,6.3,9.0,8.8
-45580.99224,6.4,6.0,10.1
-45580.62267,6.9,12.4,8.8
-45582.71643,7.4,4.9,9.2
-45580.7551,7.7,5.6,9.7
-45580.00528,8.7,10.4,9.7
-45580.60436,9.1,9.8,9.2
-45580.43025,3.8,9.2,8.8
-45581.20154,5.1,6.0,9.0
-45580.24694,5.4,6.0,10.3
-45583.17662,5.5,5.3,9.4
-45580.08332,6.1,8.5,9.9
-45580.14642,6.1,11.7,9.7
-45579.97484,6.2,6.9,10.3
-45579.97844,6.3,8.4,9.4
-45580.22061,6.3,11.6,9.2
-45583.49143,6.9,5.0,9.4
-45580.07309,7.4,12.3,9.0
-45579.92374,9.2,9.7,10.3
-45580.41258,3.3,8.7,9.9
-45580.14687,3.5,10.2,9.9
-45581.04769,4.6,5.1,9.4
-45581.04962,5.0,5.3,9.9
-45580.39087,6.5,11.9,9.0
-45580.16877,6.8,6.3,10.3
-45581.06571,7.8,5.4,9.4
-45579.95095,8.3,9.9,9.9
-45579.93242,8.4,4.9,9.4
-45580.30288,9.0,8.1,9.9
-45580.95902,3.4,9.1,9.0
-45580.88018,5.9,12.4,9.0
-45579.94699,6.4,11.4,9.9
-45579.93011,6.7,9.3,9.0
-45579.95375,3.8,10.3,10.0
-45580.38618,3.9,9.0,8.9
-45580.16477,5.0,12.9,8.9
-45580.54926,5.4,12.5,8.9
-45579.92228,5.6,9.1,8.9
-45579.96492,5.6,11.7,9.3
-45580.01195,6.2,9.2,8.9
-45579.99769,7.4,5.8,10.4
-45581.92364,7.5,5.5,9.3
-45580.4516,8.0,5.6,9.3
-45580.25263,3.6,8.6,10.0
-45580.43735,4.3,5.0,9.3
-45579.91599,4.9,8.4,9.3
-45583.79401,5.8,5.2,9.3
-45580.22487,5.9,6.1,10.4
-45580.0103,5.9,8.7,10.0
-45580.9982,6.1,12.6,8.9
-45584.04627,6.4,5.1,9.3
-45580.17623,6.5,6.2,10.4
-45579.9713,6.6,8.5,9.3
-45579.92991,6.7,6.8,10.4
-45580.05187,8.6,9.8,10.0
-45580.22533,8.7,9.5,8.9
-45579.92857,9.1,8.9,10.4
-45579.99863,3.4,6.7,10.0
-45581.40831,4.9,5.7,8.9
-45580.29821,5.4,13.1,9.3
-45582.0995,5.8,5.9,9.3
-45580.74461,5.9,5.4,10.4
-45580.09861,6.4,6.4,9.3
-45581.02126,6.5,4.9,10.4
-45581.89476,6.6,5.6,8.9
-45580.09869,7.1,6.7,9.3
-45580.11879,8.6,9.3,10.0
-45580.82793,9.0,9.1,9.3
-45580.74273,3.3,9.7,9.3
-45580.17673,3.8,8.8,10.0
-45579.93485,5.0,12.3,9.3
-45579.94623,5.7,8.9,10.0
-45579.96545,6.1,9.5,9.3
-45580.42941,6.8,13.2,9.3
-45580.16637,7.4,5.3,10.4
-45580.76044,7.5,6.0,9.3
-45579.93055,8.8,7.6,10.0
-45580.80585,9.2,8.7,8.9
-45580.3438,3.5,8.9,9.9
-45580.58891,3.6,9.6,9.4
-45580.06267,5.8,12.2,9.9
-45580.48687,5.9,13.0,9.4
-45580.10285,6.4,12.1,9.9
-45580.01751,7.0,8.9,9.4
-45579.98602,7.8,8.7,9.0
-45579.95438,8.7,8.5,10.3
-45579.99213,4.7,4.9,10.3
-45580.67826,5.0,5.8,9.9
-45582.4279,5.1,5.5,9.0
-45580.59308,5.4,5.5,10.3
-45582.27347,5.5,5.8,9.4
-45579.91445,5.6,8.1,10.3
-45580.90948,6.1,5.6,10.3
-45579.96654,6.2,8.2,10.3
-45581.55565,6.3,5.7,9.0
-45581.15598,6.8,4.8,10.3
-45580.45817,6.9,6.5,9.4
-45580.00877,7.4,12.9,9.4
-45580.08229,8.1,9.3,9.4
-45580.03752,8.3,9.2,9.9
-45580.01111,9.0,7.4,9.9
-45580.53737,3.5,9.5,9.6
-45580.22811,4.0,9.6,9.6
-45580.19578,4.4,5.6,9.0
-45580.11447,5.1,4.9,10.5
-45580.29647,5.7,5.6,10.5
-45580.25069,5.8,12.0,9.6
-45580.49045,6.2,6.6,9.6
-45580.41682,6.4,12.3,9.6
-45580.12506,6.6,8.9,9.6
-45580.19246,6.8,12.2,9.7
-45580.17945,8.3,9.0,9.6
-45580.26738,3.9,9.4,9.7
-45579.93846,4.5,8.9,9.7
-45580.03546,5.4,12.1,9.7
-45580.24526,6.0,8.9,9.2
-45580.18458,6.2,8.8,9.7
-45580.52291,6.9,13.0,9.2
-45580.69595,7.4,6.2,9.2
-45580.65925,7.5,5.1,10.1
-45580.46493,8.8,8.7,8.8
-45580.07118,9.2,7.6,9.7
-45580.16347,3.5,8.3,10.1
-45581.79397,5.3,5.7,8.8
-45580.45221,5.4,6.4,9.1
-45581.8899,5.8,4.8,10.1
-45581.62193,6.4,5.5,10.1
-45582.1611,6.5,5.8,9.2
-45580.09657,6.6,6.7,9.7
-45579.9387,6.6,8.1,10.1
-45580.96235,7.1,5.6,10.1
-45580.31684,7.2,12.7,9.2
-45580.35619,8.7,9.1,9.7
-45580.02218,9.0,10.0,10.1
-45580.90913,9.1,9.3,9.2
-45580.00783,3.8,8.2,10.2
-45579.93493,4.6,5.5,10.2
-45580.586,4.7,5.8,9.1
-45582.61113,5.0,4.9,8.7
-45581.24413,5.5,4.9,10.2
-45581.44184,5.6,5.6,8.7
-45579.94992,5.7,8.3,10.2
-45580.6018,5.8,13.2,9.1
-45580.5219,6.3,6.6,9.8
-45579.95744,6.3,8.0,10.2
-45581.50363,6.8,5.9,9.1
-45581.07554,6.9,5.4,10.2
-45579.9642,8.0,9.1,9.1
-45580.01425,8.2,9.0,9.8
-45580.40175,3.4,9.5,9.8
-45580.08039,4.1,9.6,9.8
-45580.71222,6.4,13.1,9.1
-45580.20774,6.5,12.3,9.8
-45580.08531,7.8,5.0,10.2
-45579.93205,8.5,8.6,8.7
-45579.93673,8.6,7.9,10.2
-45580.22704,9.0,8.5,8.7
-45580.04368,9.1,6.8,9.8
-45580.4489,3.8,9.4,9.5
-45580.14312,5.9,12.0,9.8
-45580.13157,6.7,6.7,9.5
-45580.00694,6.7,8.9,9.8
-45580.42801,8.6,9.1,9.5
-45580.21999,3.3,7.8,9.9
-45580.44635,3.8,8.7,9.4
-45580.01459,4.4,8.9,9.5
-45580.20457,4.5,5.1,9.9
-45580.20204,5.5,12.1,9.5
-45580.62143,5.7,6.0,9.0
-45580.35037,6.1,6.2,10.3
-45580.26057,6.3,8.8,9.5
-45580.28109,6.9,12.2,9.5
-45580.33971,8.8,9.9,9.4
-45580.02708,9.2,8.8,10.3
-45582.09418,5.6,5.3,9.9
-45579.97859,5.7,8.6,9.4
-45579.94935,5.8,11.6,9.9
-45583.87973,6.0,5.1,9.4
-45582.72502,6.2,5.0,9.9
-45579.95978,6.2,5.3,10.8
-45580.04452,7.6,13.1,9.0
-45579.93278,8.9,9.4,10.3
-45580.04549,3.6,10.2,9.4
-45579.94918,3.7,9.1,10.3
-45580.02371,4.0,10.0,9.9
-45580.12257,4.1,9.3,9.0
-45580.44798,5.3,12.8,9.0
-45580.96423,6.5,12.6,9.0
-45580.61624,7.0,12.5,9.0
-45581.58049,7.2,5.9,9.0
-45581.30964,7.3,5.4,9.9
-45580.04372,8.5,8.3,9.9
-45579.93339,3.3,10.3,9.3
-45580.73637,5.6,12.9,8.9
-45580.04063,6.1,11.9,8.9
-45580.83273,6.8,12.7,8.9
-45580.54346,7.6,5.5,10.0
-45580.85265,8.0,4.9,9.3
-45580.19557,8.8,8.2,10.0
-45579.95351,3.2,9.0,10.4
-45579.93954,5.2,8.7,9.3
-45581.39712,5.3,5.2,10.0
-45580.14515,6.2,11.5,9.3
-45580.03459,6.5,8.5,10.0
-45582.09376,6.7,5.1,10.0
-45580.10514,6.7,5.2,10.7
-45579.91109,7.0,8.6,10.0
-45583.09147,7.1,5.3,9.3
-45580.79583,7.7,5.8,8.9
-45580.70891,3.5,8.6,9.3
-45580.12448,3.6,7.9,10.0
-45580.09278,4.0,8.5,9.3
-45579.9841,4.2,8.4,10.0
-45580.5735,4.8,5.0,10.0
-45580.01798,4.9,12.8,8.7
-45580.90579,5.2,6.1,8.9
-45580.14152,7.0,6.0,10.4
-45582.00598,7.2,4.8,9.8
-45580.35164,7.3,13.0,8.9
-45580.43822,7.9,5.7,9.1
-45579.92166,4.2,9.0,10.2
-45580.84232,5.8,12.7,8.7
-45580.07999,6.5,11.7,9.8
-45580.85867,6.6,12.9,8.7
-45580.01663,3.6,9.3,10.2
-45580.06857,5.0,8.5,9.1
-45582.65974,5.7,5.1,9.8
-45580.11001,6.0,8.6,9.8
-45583.8158,6.1,5.3,9.1
-45580.151,6.2,8.7,9.1
-45582.92002,6.3,5.2,9.8
-45580.05015,8.8,8.8,10.2
-45580.4781,9.2,9.9,9.1
-45580.50832,3.2,8.4,9.8
-45580.12848,4.4,5.3,9.8
-45580.12744,4.5,8.6,9.1
-45582.77473,5.3,5.0,9.5
-45580.73592,6.0,6.0,10.2
-45583.35601,6.7,5.3,9.5
-45579.97561,6.9,11.6,9.5
-45581.67975,7.6,4.9,9.5
-45580.129,8.2,5.4,9.5
-45580.64338,3.3,8.4,9.6
-45580.50477,3.6,8.5,9.5
-45580.49644,4.5,5.3,9.6
-45581.39061,4.8,5.2,9.5
-45583.06802,5.6,5.1,9.6
-45580.03003,5.7,6.2,10.5
-45580.20887,6.1,8.6,9.6
-45583.46278,6.2,5.2,9.6
-45580.10438,6.3,6.1,10.5
-45580.19532,6.4,11.7,9.6
-45579.99408,6.6,6.0,10.6
-45582.27725,7.3,4.8,9.6
-45580.41942,3.7,8.5,9.7
-45580.12906,4.8,6.1,8.8
-45580.00584,4.8,8.7,9.2
-45581.27416,4.9,5.2,9.7
-45580.33469,7.1,6.2,10.1
-45580.37671,7.2,13.2,8.8
-45580.05394,8.5,8.9,10.1
-45580.03322,3.5,7.7,10.1
-45582.06689,5.2,5.0,9.7
-45582.98395,6.6,5.3,9.7
-45580.05788,6.7,8.6,9.2
-45583.56404,7.0,5.1,9.2
-45580.11534,7.4,7.0,8.8
-45580.50932,9.2,8.2,9.7
-45580.21775,3.2,10.1,9.2
-45580.16388,3.3,9.2,10.1
-45580.6714,5.5,12.6,8.8
-45579.92854,6.2,12.4,10.1
-45580.98326,6.3,12.8,8.8
-45579.98636,6.8,11.6,9.7
-45582.09422,7.4,5.6,9.2
-45581.04518,7.7,4.9,9.7
-45580.38863,8.1,5.5,9.2
-45580.11986,8.9,8.0,9.7
-45580.30756,4.0,8.9,9.6
-45579.94438,5.1,5.6,10.5
-45579.93656,5.2,13.2,9.6
-45580.84596,6.0,12.5,8.8
-45582.2786,6.2,5.9,9.6
-45580.26478,6.6,13.1,9.6
-45580.07777,7.1,12.1,9.6
-45580.25872,7.2,5.0,10.5
-45580.21833,7.3,6.3,9.6
-45580.94853,3.2,9.4,9.2
-45580.16315,4.5,5.8,9.6
-45579.96839,4.6,8.9,9.2
-45580.57236,5.6,6.4,9.6
-45580.61044,5.7,4.9,10.5
-45580.63992,6.0,13.1,9.2
-45580.24288,6.2,13.0,9.7
-45580.54742,6.3,5.4,10.5
-45580.79577,6.3,12.2,9.2
-45582.24804,7.6,5.1,8.8
-45580.06841,3.3,9.9,10.1
-45579.97575,3.6,8.3,8.8
-45579.98273,4.0,8.1,10.1
-45581.73054,4.8,5.4,8.8
-45580.64849,4.9,5.9,9.7
-45580.556,5.7,12.1,9.2
-45580.32435,6.1,12.3,9.7
-45582.23496,6.6,5.8,9.7
-45582.17067,6.7,5.5,8.8
-45580.0612,6.9,8.8,9.2
-45580.55969,7.0,6.4,9.2
-45581.34803,7.1,4.9,10.1
-45579.93542,8.0,5.3,10.1
-45580.3361,8.2,5.2,8.8
-45580.00189,8.3,8.7,10.1
-45579.98829,9.2,6.9,9.7
-45580.07395,3.2,7.1,9.8
-45579.96589,3.5,6.4,9.7
-45579.97879,4.4,5.8,9.8
-45583.28554,5.3,4.8,8.8
-45580.85491,5.5,5.6,10.2
-45583.44918,5.6,4.9,8.7
-45580.64808,5.7,6.4,9.8
-45581.26922,5.8,5.7,10.1
-45581.27611,6.0,5.5,10.2
-45581.90348,6.2,5.4,8.7
-45579.94189,7.8,9.2,9.2
-45580.3778,8.4,9.1,9.2
-45580.84772,8.9,9.0,9.1
-45581.0019,9.2,9.2,9.1
-45579.94983,3.6,9.8,10.2
-45580.5733,3.7,9.5,9.1
-45580.11964,4.3,8.8,9.1
-45580.43809,4.5,5.5,8.7
-45581.67478,5.0,5.6,8.7
-45579.92574,5.8,9.4,9.1
-45581.61228,6.1,5.8,9.1
-45581.94087,6.3,5.9,9.8
-45580.21619,6.4,8.9,9.1
-45580.8101,6.6,12.3,9.1
-45580.01589,7.0,12.1,9.8
-45580.22143,7.2,6.3,9.8
-45583.01625,7.3,5.0,8.7
-45580.01903,8.6,8.6,10.2
-45580.12792,4.1,8.9,9.8
-45580.48947,4.8,5.9,9.5
-45580.02178,5.2,4.8,10.6
-45580.21965,5.3,6.5,9.5
-45580.50461,6.0,12.3,9.5
-45580.42702,6.3,13.0,9.5
-45580.21175,6.6,5.5,10.6
-45582.46097,6.7,5.8,9.5
-45580.04595,6.7,13.1,9.8
-45579.93248,7.6,6.2,9.5
-45580.1559,9.1,7.7,9.8
-45579.94424,3.6,7.2,10.0
-45582.37847,4.9,4.8,8.9
-45582.79178,5.2,5.4,8.9
-45580.78451,5.3,5.9,10.0
-45580.02489,5.8,6.6,9.3
-45580.61704,6.5,5.6,10.4
-45583.8935,6.6,4.9,8.9
-45580.50469,6.7,6.4,10.0
-45580.42975,7.0,5.5,10.4
-45582.10187,7.1,5.8,9.3
-45580.14154,7.3,12.4,9.3
-45579.95665,7.9,9.0,9.3
-45580.43154,8.5,9.3,9.3
-45579.99128,5.4,8.9,9.3
-45580.49127,5.6,12.3,9.3
-45580.0059,6.0,12.1,10.0
-45580.60336,6.2,12.0,9.3
-45579.93288,6.8,9.4,9.3
-45581.80669,7.7,5.3,8.9
-45580.21732,8.3,5.0,8.9
-45580.28943,8.9,8.4,8.9
-45580.91639,3.3,8.8,9.3
-45580.09387,3.8,9.7,10.0
-45580.17781,4.2,9.4,9.4
-45579.91474,6.3,13.2,10.0
-45580.19812,7.6,6.0,10.0
-45580.28273,3.5,9.6,9.9
-45580.68971,3.6,8.9,9.4
-45580.10619,4.0,9.5,9.9
-45580.1465,5.3,12.2,9.4
-45580.24352,5.9,8.8,9.4
-45579.96446,6.5,9.5,9.4
-45580.45809,6.7,12.1,9.4
-45580.273,7.0,13.1,9.4
-45579.91607,7.1,12.3,9.9
-45583.2263,7.2,5.2,9.0
-45580.51747,7.3,6.1,9.9
-45580.18385,8.4,8.5,9.0
-45580.74768,9.1,8.6,9.0
-45580.82137,4.4,4.9,9.0
-45580.21484,5.5,6.7,9.4
-45581.49916,5.6,5.8,9.9
-45580.53121,6.0,6.4,9.4
-45580.61283,6.2,6.5,9.9
-45580.62221,8.8,9.2,9.4
-45579.95583,3.2,10.5,10.0
-45580.0895,3.3,7.3,9.9
-45580.64698,5.6,12.3,8.9
-45582.97398,5.7,5.5,9.0
-45581.36644,6.1,4.9,10.3
-45580.17117,6.2,12.0,8.9
-45583.93524,6.3,4.8,9.0
-45580.65572,6.8,5.7,10.3
-45581.54498,7.7,5.3,9.3
-45579.92823,8.1,5.1,10.0
-45580.15939,8.3,5.0,9.3
-45580.35939,8.9,8.4,9.3
-45580.88588,3.3,8.8,8.9
-45582.62854,5.2,5.4,9.3
-45580.00226,5.9,5.6,10.7
-45579.99748,4.1,8.3,10.0
-45582.08928,4.9,4.8,9.3
-45581.79197,6.5,5.6,10.0
-45584.0008,6.6,4.9,9.3
-45580.06712,6.7,6.4,10.4
-45580.01649,7.0,4.8,10.7
-45581.44377,7.0,5.5,10.0
-45581.62798,7.1,5.8,8.9
-45580.29374,7.3,12.4,8.9
-45579.93511,8.4,10.0,10.0
-45580.1671,8.5,9.3,8.9
-45580.05346,3.2,8.0,9.4
-45580.58421,4.4,4.9,9.4
-45580.38058,4.7,5.6,9.9
-45580.10245,5.3,5.9,10.4
-45580.52965,5.6,5.8,10.3
-45582.74086,6.1,4.9,9.9
-45580.16357,6.2,6.5,10.3
-45580.16553,8.9,10.1,9.9
-45579.91115,3.5,9.6,10.3
-45580.79845,3.6,8.9,9.0
-45583.1584,5.7,5.5,9.4
-45579.93106,6.1,5.4,10.8
-45583.99061,6.3,4.8,9.4
-45581.72356,6.8,5.7,9.9
-45580.53703,7.0,13.1,9.0
-45580.06404,7.3,6.1,10.3
-45580.73678,8.8,9.2,9.0
-45580.12983,9.2,10.3,9.9
-45580.26417,5.3,12.2,9.0
-45580.77338,9.1,8.6,9.4
-45580.17962,3.6,8.3,9.2
-45580.0203,3.7,10.4,9.9
-45581.67316,4.8,5.4,9.2
-45579.92463,5.2,6.5,10.1
-45580.14656,5.9,8.8,9.0
-45581.1861,6.6,5.8,10.1
-45580.61931,6.7,12.1,9.0
-45582.81082,7.2,5.2,9.4
-45579.96709,8.4,8.5,9.4
-45579.93745,8.5,10.2,9.7
-45580.73337,3.2,9.4,8.8
-45580.19078,4.9,5.9,10.1
-45583.28227,5.3,4.8,9.2
-45582.3725,5.8,5.7,9.7
-45583.27445,6.7,5.5,9.2
-45582.46862,7.1,4.9,9.7
-45579.95002,7.7,6.2,10.1
-45579.91758,8.4,9.1,8.8
-45579.97108,8.9,7.5,10.1
-45580.23505,5.7,12.1,8.8
-45580.7849,6.0,13.1,8.8
-45579.9257,6.1,12.3,10.1
-45580.05658,7.4,8.5,9.2
-45580.08196,8.1,8.6,9.2
-45580.37442,8.2,5.2,9.2
-45579.95659,9.2,6.9,10.1
-45580.43811,3.3,9.9,9.7
-45580.41065,3.7,9.8,9.6
-45582.24339,5.4,5.6,9.6
-45580.26042,6.0,5.8,10.5
-45583.11133,6.1,5.5,9.6
-45580.26231,6.3,12.2,8.8
-45579.92697,6.9,6.6,10.5
-45582.07862,7.6,5.1,9.2
-45580.33148,8.0,5.3,9.7
-45580.33723,8.1,5.3,9.5
-45580.05423,8.3,8.7,9.7
-45580.39362,8.7,8.6,9.6
-45580.1745,8.9,10.3,9.6
-45580.37677,9.2,10.1,9.6
-45580.54839,3.2,9.9,9.5
-45582.78902,5.9,5.7,9.5
-45583.14942,7.0,4.9,9.5
-45580.32059,3.6,9.8,9.8
-45579.95785,4.1,8.9,10.2
-45579.99065,6.4,8.9,8.7
-45580.22714,6.6,12.3,8.7
-45583.06672,7.3,5.0,9.1
-45580.27538,8.6,8.6,9.8
-45579.96626,9.1,7.7,10.2
-45580.07396,3.7,9.5,8.7
-45579.92039,5.0,7.0,8.7
-45581.92129,5.5,5.6,9.8
-45583.87582,5.6,4.9,9.1
-45582.56161,6.0,5.5,9.8
-45580.09925,7.2,6.3,10.2
-45580.78367,7.3,7.6,8.7
-45579.97616,3.3,8.2,9.1
-45580.71587,4.5,5.5,9.1
-45581.95599,5.0,5.6,9.1
-45580.02065,5.4,8.3,9.1
-45580.2196,5.7,6.4,10.2
-45583.52159,6.2,5.4,9.1
-45580.87945,6.3,5.9,10.2
-45580.13151,8.8,10.3,9.8
-45580.66838,8.9,9.0,8.7
-45580.71972,9.2,9.2,8.7
-45580.23982,5.7,11.9,9.5
-45580.5494,6.3,12.4,9.5
-45580.03382,6.9,9.0,9.5
-45580.97157,7.0,6.2,9.5
-45580.1209,7.1,5.1,10.6
-45580.01026,7.2,12.0,9.5
-45580.27602,8.4,8.9,9.5
-45580.7926,3.2,9.2,9.5
-45579.98204,4.6,9.1,9.5
-45579.98904,5.1,12.6,9.5
-45581.37797,5.7,5.1,10.2
-45579.96122,6.0,8.6,10.2
-45580.44327,6.0,12.9,9.5
-45582.68059,6.1,5.3,8.7
-45579.98627,6.2,8.7,8.7
-45579.96281,8.1,5.8,9.5
-45580.37325,8.8,8.8,9.8
-45580.11216,3.2,8.4,10.2
-45579.91421,5.5,8.5,10.2
-45580.61,5.6,6.2,9.1
-45581.69117,6.0,6.0,9.8
-45580.10854,6.2,6.1,9.1
-45581.56409,6.3,5.2,10.2
-45580.36108,3.6,9.3,9.8
-45579.98822,4.9,12.8,9.1
-45580.80672,5.8,12.7,9.1
-45579.97142,5.9,9.2,9.8
-45580.01247,6.5,9.1,9.8
-45580.77075,6.6,12.9,9.1
-45580.1597,6.7,12.5,9.8
-45580.96608,7.2,4.8,10.2
-45580.08759,7.3,6.5,9.1
-45580.22067,7.9,5.7,8.7
-45579.94,8.4,8.1,10.2
-45580.55606,3.3,9.2,9.7
-45580.41598,4.0,9.1,9.1
-45580.06012,4.2,9.0,9.8
-45580.85001,6.0,12.5,9.2
-45580.26432,6.1,12.9,9.7
-45580.79601,6.3,12.8,9.2
-45580.09542,8.0,5.8,9.7
-45579.99066,9.1,6.4,9.8
-45580.17605,9.2,8.2,10.1
-45580.13708,3.7,8.5,10.1
-45580.52545,4.9,5.2,10.1
-45581.05246,5.2,5.0,10.1
-45580.80203,5.3,6.3,9.2
-45580.51905,5.5,12.6,9.2
-45580.07362,5.6,11.9,9.7
-45580.34,6.2,12.4,9.7
-45581.35284,6.7,6.0,9.2
-45579.97163,6.8,9.0,9.7
-45580.697,7.1,6.2,9.7
-45580.26812,7.2,13.2,9.2
-45581.92782,7.4,5.6,8.8
-45580.38192,7.7,4.9,10.1
-45580.16299,8.1,5.5,8.8
-45580.08781,8.9,8.0,10.1
-45580.44705,3.7,9.3,9.6
-45580.09992,4.3,9.0,9.6
-45580.22361,4.8,6.1,9.2
-45579.98528,5.8,8.4,10.1
-45580.00129,5.8,9.2,9.6
-45580.58147,6.0,5.3,10.5
-45582.00917,6.1,6.0,9.6
-45580.12469,6.4,9.1,9.6
-45581.70884,6.6,5.3,10.1
-45580.38473,6.6,12.5,9.6
-45583.54141,7.0,5.1,8.8
-45581.56498,7.2,5.9,9.4
-45580.25032,8.5,8.9,9.7
-45580.24052,8.6,9.6,9.2
-45580.54822,8.9,8.8,9.6
-45580.64458,9.2,9.4,9.6
-45580.2629,3.7,9.1,9.9
-45580.30584,4.1,9.3,9.4
-45579.97342,4.3,9.2,9.9
-45580.19269,5.3,12.8,9.4
-45579.96847,5.8,9.0,9.9
-45579.92184,6.4,9.3,9.9
-45580.61562,6.5,12.6,9.4
-45580.0423,6.6,11.9,9.9
-45580.34517,7.0,12.5,9.4
-45580.4131,7.3,5.4,10.3
-45579.92465,8.5,8.3,10.3
-45580.43059,3.8,8.7,9.0
-45580.89365,5.6,5.3,10.3
-45581.83886,5.7,6.0,9.4
-45580.04674,5.7,8.6,9.0
-45584.06856,6.0,5.1,9.0
-45581.1272,6.1,6.2,9.9
-45581.34463,6.2,5.0,10.3
-45580.886,6.3,6.3,9.4
-45579.9229,6.8,8.4,10.3
-45580.00302,6.9,6.9,9.4
-45580.28027,8.9,9.4,9.9
-45580.40261,9.2,8.8,9.9
-45580.55414,3.5,8.6,8.9
-45580.18128,4.0,8.5,8.9
-45579.95787,4.8,5.0,10.4
-45580.09733,4.9,6.3,9.3
-45581.03747,5.2,6.1,9.3
-45580.42751,5.3,5.2,10.4
-45579.92196,5.9,7.8,10.4
-45580.5155,6.1,11.9,9.3
-45580.88192,6.6,6.2,9.3
-45580.85151,6.7,5.1,10.4
-45580.83356,7.0,6.0,10.0
-45583.23682,7.1,5.3,8.9
-45580.14463,7.3,13.0,9.3
-45580.01786,8.4,9.5,10.0
-45580.21262,9.1,9.6,10.0
-45580.30015,3.2,9.0,10.0
-45579.91552,5.0,9.1,9.3
-45580.00985,5.2,5.0,10.6
-45580.47969,5.6,12.9,9.3
-45579.94277,5.7,12.5,10.0
-45579.98812,6.3,11.8,10.0
-45580.55909,6.8,12.7,9.3
-45579.9292,7.6,5.5,10.4
-45580.72045,7.7,5.8,9.3
-45581.01754,8.0,4.9,8.9
-45580.08723,3.2,6.9,9.8
-45579.97683,4.8,6.1,9.5
-45580.55795,5.3,6.3,9.5
-45580.28722,5.5,12.6,9.5
-45580.51895,6.0,12.5,9.5
-45579.96215,6.1,8.6,8.7
-45583.19705,6.2,5.2,8.7
-45580.50038,6.3,12.8,9.5
-45580.30919,6.6,5.3,10.6
-45581.91828,6.7,6.0,9.5
-45580.05588,7.2,13.2,9.5
-45579.95286,8.2,9.7,9.8
-45580.36,8.6,9.6,9.5
-45580.7914,8.9,8.8,9.1
-45580.01817,3.3,8.4,8.7
-45579.91335,4.4,8.6,10.2
-45580.77405,4.5,5.3,8.7
-45583.47988,5.6,5.1,8.7
-45581.10061,5.7,6.2,9.8
-45580.07657,5.8,9.2,9.1
-45580.17255,5.9,12.7,9.8
-45581.44971,6.0,5.3,10.2
-45580.58907,6.1,6.0,9.1
-45581.5192,6.3,6.1,9.8
-45579.94202,6.3,8.7,10.2
-45580.16227,6.4,9.1,9.1
-45580.87416,6.6,12.5,9.1
-45579.9709,7.0,11.9,9.8
-45582.92506,7.3,4.8,8.7
-45579.95845,7.8,5.7,10.2
-45580.94688,9.2,9.4,9.1
-45580.69089,3.7,9.3,9.1
-45580.11442,4.1,9.1,9.8
-45580.07533,4.3,9.0,9.1
-45580.09474,6.7,12.9,9.8
-45580.99552,3.2,9.2,9.2
-45579.97932,4.6,9.1,9.2
-45580.12867,5.1,12.6,9.2
-45579.95201,5.5,9.3,9.2
-45580.72134,6.0,12.9,9.2
-45580.29068,6.2,12.8,9.7
-45580.87907,6.3,12.4,9.2
-45582.28323,7.6,4.9,8.8
-45580.01297,3.3,10.1,10.1
-45580.34006,3.6,8.5,8.8
-45581.96617,4.8,5.2,8.8
-45580.17747,5.2,6.3,9.7
-45580.06803,5.4,12.6,9.7
-45580.43698,5.7,11.9,9.2
-45580.33177,6.1,12.5,9.7
-45581.81032,6.6,6.0,9.7
-45583.20699,6.7,5.3,8.8
-45580.10793,6.9,9.0,9.2
-45580.99578,7.0,6.2,9.2
-45581.28164,7.1,5.1,10.1
-45580.45542,7.5,5.6,10.1
-45579.91155,8.0,5.5,10.1
-45580.10114,8.2,5.4,8.8
-45579.93941,9.2,7.1,9.7
-45579.91018,3.5,6.2,9.7
-45580.27943,4.0,9.1,9.6
-45580.1338,4.9,6.1,9.7
-45583.37025,5.3,5.0,8.8
-45581.10604,5.6,6.2,9.6
-45580.55222,5.7,5.1,10.5
-45580.33558,5.8,12.7,9.6
-45581.7538,6.2,6.1,9.6
-45579.98344,6.6,8.6,10.1
-45580.31589,6.6,12.9,9.6
-45580.00457,7.1,11.9,9.6
-45580.28366,7.2,4.8,10.5
-45579.94934,7.2,12.0,9.2
-45580.00658,8.3,9.7,9.6
-45580.27062,8.4,8.9,9.2
-45580.33352,8.7,9.6,9.7
-45580.67981,3.6,9.1,9.4
-45580.12423,4.0,9.3,9.9
-45580.25414,4.2,9.2,9.4
-45580.21207,5.9,9.0,9.4
-45580.6636,6.3,5.2,10.5
-45580.11613,6.4,12.6,9.9
-45580.08236,6.5,9.3,9.4
-45580.35348,6.7,11.9,9.4
-45580.31262,7.0,12.9,9.4
-45582.93894,7.2,5.4,9.0
-45580.81574,7.3,5.9,9.9
-45579.97723,8.4,8.3,9.0
-45580.12076,3.3,7.5,9.9
-45579.94047,3.9,8.7,10.3
-45580.79986,4.4,5.1,9.0
-45579.95826,4.6,8.5,9.0
-45580.19179,5.3,12.4,9.4
-45581.18365,5.6,6.0,9.9
-45583.60552,5.7,5.3,9.0
-45581.23243,6.0,6.2,9.4
-45580.95836,6.2,6.3,9.9
-45584.14203,6.3,5.0,9.0
-45579.96681,6.9,8.4,9.0
-45580.59144,8.8,9.4,9.4
-45579.95568,3.6,7.4,10.0
-45583.09037,5.2,5.2,8.9
-45581.28638,6.1,5.1,10.3
-45583.90713,6.6,5.1,8.9
-45580.53662,7.0,5.3,10.4
-45580.08765,7.3,12.2,9.3
-45579.92888,7.9,8.8,9.3
-45580.32979,8.5,9.5,9.3
-45580.70591,9.0,9.6,9.3
-45579.91262,3.4,8.6,10.4
-45582.39689,4.9,5.0,8.9
-45580.54349,5.3,6.1,10.0
-45580.01239,5.4,9.1,9.3
-45580.43553,6.2,11.8,9.3
-45580.10805,6.5,6.8,10.0
-45580.79023,6.7,6.2,10.0
-45581.46772,7.1,6.0,9.3
-45581.5153,7.7,5.5,8.9
-45580.92344,3.3,9.0,9.3
-45579.92629,4.7,9.3,9.3
-45580.51954,5.6,12.5,9.3
-45579.98674,6.0,11.9,10.0
-45580.06537,6.8,9.2,9.3
-45580.63028,7.6,5.3,10.0
-45580.34852,7.6,5.8,10.0
-45579.94212,7.7,8.6,9.3
-45580.82755,8.0,5.1,9.3
-45580.1829,8.3,4.8,8.9
-45580.22581,8.8,8.4,10.0
-45579.95251,3.2,8.8,10.4
-45580.63724,5.6,13.1,8.9
-45580.38811,6.1,12.1,8.9
-45579.94442,6.2,11.3,9.3
-45580.6985,6.2,13.2,8.9
-45583.12963,6.4,5.6,9.3
-45582.17265,6.7,4.9,10.0
-45580.36197,7.7,6.0,8.9
-45580.19557,3.6,8.1,10.0
-45579.97962,4.3,5.7,9.3
-45580.59797,4.8,4.8,10.0
-45581.46673,5.2,5.9,8.9
-45581.27633,5.3,5.4,10.0
-45580.01698,5.9,6.6,10.4
-45580.00627,6.5,8.3,10.0
-45580.04197,6.7,5.4,10.7
-45582.81992,7.1,5.5,9.3
-45580.30305,3.3,8.0,9.9
-45580.22473,4.5,4.9,9.9
-45580.71718,4.6,5.6,9.4
-45579.91812,5.4,6.7,10.3
-45581.56121,5.7,5.8,9.0
-45580.20911,6.1,6.4,10.3
-45582.78145,6.2,4.8,9.9
-45582.59869,6.9,5.7,9.4
-45580.25578,7.0,5.8,10.4
-45580.35509,7.3,12.8,8.9
-45580.0106,7.6,12.9,9.0
-45580.05243,8.8,10.1,9.4
-45579.95756,8.9,9.2,10.3
-45580.02109,9.2,9.0,10.3
-45580.71888,3.4,9.6,9.0
-45579.96196,3.7,8.9,10.3
-45580.06545,4.0,9.8,9.9
-45580.01111,4.8,13.2,9.0
-45580.42693,5.3,13.0,9.0
-45581.90067,5.6,5.5,9.9
-45583.94809,6.0,4.9,9.4
-45579.91239,6.2,5.5,10.8
-45580.56913,7.0,12.3,9.0
-45581.0452,7.2,6.1,9.0
-45581.42047,7.3,5.2,9.9
-45580.1571,8.5,8.5,9.9
-45580.38387,9.0,8.6,9.9
-45580.28291,3.7,8.3,9.7
-45580.65385,4.8,5.9,8.8
-45581.17189,4.9,5.4,9.7
-45582.10678,5.2,4.8,9.7
-45582.61509,5.9,5.7,9.2
-45580.18251,6.4,6.7,10.1
-45582.75558,6.6,5.5,9.7
-45580.37613,6.7,5.8,8.8
-45583.62285,7.0,4.9,9.2
-45580.1333,7.1,6.4,10.1
-45580.04082,8.5,9.1,10.1
-45580.14557,3.3,9.4,10.1
-45580.88415,6.3,13.0,8.8
-45579.93599,7.6,6.2,8.8
-45580.55364,8.1,5.3,9.2
-45580.57693,9.2,8.4,9.7
-45580.58542,3.2,9.9,9.2
-45580.54329,3.3,8.2,9.6
-45580.41175,4.5,5.5,9.6
-45581.42521,5.0,5.6,9.6
-45580.51704,6.0,12.3,8.8
-45579.92915,6.2,12.2,10.1
-45580.21503,6.3,5.9,10.5
-45579.92678,6.8,8.8,10.1
-45581.00583,7.7,5.1,9.7
-45580.10252,8.2,8.7,9.2
-45579.91829,3.5,10.7,9.6
-45583.13732,5.6,4.9,9.6
-45579.99009,5.7,6.4,10.5
-45583.26385,6.2,5.4,9.6
-45579.92512,7.2,6.3,10.5
-45582.80687,5.3,4.8,9.5
-45583.09082,6.7,5.5,9.5
-45582.24195,7.3,5.0,9.6
-45581.62695,7.6,5.1,9.5
-45580.18244,8.2,5.2,9.5
-45580.00663,3.4,10.7,9.8
-45580.27902,3.6,8.3,9.5
-45579.99192,3.7,9.8,9.1
-45581.26712,4.8,5.4,9.5
-45580.03221,4.9,13.0,8.7
-45580.06798,6.6,5.8,10.6
-45581.96442,7.2,5.0,9.8
-45580.41472,8.7,8.6,9.1
-45579.99194,3.6,9.5,10.2
-45579.94005,4.2,8.8,10.2
-45580.27052,5.2,13.2,8.7
-45580.71277,6.6,13.1,8.7
-45580.06548,7.5,12.6,8.7
-45580.46159,3.2,8.2,9.8
-45580.08836,4.4,5.5,9.8
-45581.24165,5.1,5.6,9.8
-45582.7077,5.4,5.6,9.1
-45582.73387,5.7,4.9,9.8
-45580.9628,6.0,5.8,10.2
-45583.13792,6.1,5.5,9.1
-45582.73512,6.3,5.4,9.8
-45580.03633,6.9,6.6,10.2
-45580.03842,8.8,9.0,10.2
-45580.04635,9.2,10.1,9.1
-45580.53008,3.3,9.4,9.7
-45580.44392,3.7,9.5,9.6
-45580.01018,4.3,8.8,9.6
-45579.93429,5.2,12.0,9.6
-45580.19704,5.5,5.6,10.5
-45579.91937,5.8,9.4,9.6
-45580.45568,6.0,5.5,10.5
-45582.51461,6.1,5.8,9.6
-45580.70123,6.3,13.0,9.2
-45580.1929,6.4,8.9,9.6
-45580.3667,6.6,12.3,9.6
-45580.2327,6.8,6.6,9.6
-45580.24406,7.6,6.2,9.2
-45580.53389,8.9,9.0,9.6
-45580.66907,9.2,9.2,9.6
-45580.05809,3.2,9.9,8.8
-45580.12378,3.7,8.3,10.1
-45580.45969,4.9,5.4,10.1
-45581.09725,5.2,4.8,10.1
-45580.38867,5.3,6.5,9.2
-45580.13192,5.6,12.1,9.7
-45580.63642,5.9,5.7,8.8
-45580.81175,6.0,12.3,9.2
-45580.20478,6.1,13.1,9.7
-45580.31771,6.2,12.2,9.7
-45580.28421,6.4,6.7,9.7
-45579.96309,6.4,8.1,10.1
-45582.25503,6.7,5.8,9.2
-45580.01471,6.8,8.8,9.7
-45580.21305,7.1,6.4,9.7
-45580.35422,7.7,5.1,10.1
-45579.92224,8.0,8.6,10.1
-45580.49859,8.1,5.3,8.8
-45580.03587,8.9,7.8,10.1
-45580.20978,9.2,8.4,10.1
-45580.6101,4.8,5.9,9.2
-45581.82485,5.4,5.6,8.7
-45581.45788,5.7,4.9,10.2
-45579.96018,5.8,8.2,10.1
-45581.13592,6.1,5.5,8.7
-45581.53339,6.6,5.5,10.1
-45583.55988,7.0,4.9,8.8
-45580.22667,8.5,9.1,9.7
-45580.08006,3.2,8.2,10.2
-45580.00309,4.5,5.8,9.1
-45580.42869,5.1,5.6,10.2
-45579.92079,5.5,8.3,10.2
-45580.09911,5.6,6.4,9.1
-45582.08592,6.0,5.8,9.8
-45581.03558,6.2,5.9,9.1
-45581.40625,6.3,5.4,10.2
-45579.98059,6.9,6.6,9.8
-45580.03595,7.5,12.6,9.1
-45580.35682,8.8,9.0,9.8
-45580.35046,3.6,9.5,9.8
-45580.01701,4.9,13.0,9.1
-45579.91933,5.3,12.0,9.8
-45579.91617,5.9,9.4,9.8
-45580.06479,6.5,8.9,9.8
-45580.15573,6.7,12.3,9.8
-45580.27733,7.1,12.1,9.1
-45580.91918,7.2,5.0,10.2
-45580.2305,8.7,8.6,8.7
-45580.31613,4.0,8.9,9.1
-45580.08068,4.2,8.8,9.8
-45580.26124,5.2,13.2,9.1
-45580.09741,5.8,5.7,10.6
-45580.67263,6.6,13.1,9.1
-45580.15229,7.1,4.9,10.6
-45580.66204,7.3,6.3,9.1
-45579.94133,7.8,9.2,9.5
-45580.28763,8.4,9.1,9.5
-45580.75785,3.2,9.4,9.5
-45579.95331,3.6,6.7,10.0
-45580.31707,5.7,12.1,9.5
-45580.38036,6.0,13.1,9.5
-45580.51596,6.3,12.2,9.5
-45580.06926,6.5,6.7,9.5
-45580.0153,6.9,8.8,9.5
-45580.54446,7.0,6.4,9.5
-45579.93177,4.0,8.3,8.9
-45579.96903,4.8,4.8,10.4
-45581.48763,5.2,5.9,9.3
-45580.34178,5.3,5.4,10.4
-45579.92883,5.9,8.0,10.4
-45581.6419,6.4,5.6,8.9
-45579.91072,6.5,8.3,10.4
-45580.30649,6.6,6.4,9.3
-45580.92257,6.7,4.9,10.4
-45581.10396,7.0,5.8,10.0
-45582.75339,7.1,5.5,8.9
-45580.15885,7.3,12.8,9.3
-45580.04231,8.4,9.3,10.0
-45579.94992,5.7,12.3,10.0
-45580.31379,5.9,6.6,10.0
-45580.66213,6.1,12.1,9.3
-45580.00949,6.3,12.0,10.0
-45579.97266,7.6,5.3,10.4
-45580.98142,8.0,5.1,8.9
-45580.32447,3.2,8.8,10.0
-45580.17731,3.9,9.7,9.3
-45580.42248,5.6,13.1,9.3
-45580.54429,6.2,13.2,9.3
-45580.23589,7.7,6.0,9.3
-45580.70675,3.4,9.6,9.4
-45580.28001,3.7,8.9,9.9
-45580.21831,4.1,9.5,9.4
-45579.95597,4.3,9.4,9.9
-45580.16897,5.3,13.0,9.4
-45581.04643,7.2,6.1,9.4
-45579.9585,7.2,8.7,9.0
-45579.94038,3.3,8.0,10.3
-45580.76846,4.6,5.6,9.0
-45580.00773,5.8,8.8,9.9
-45580.275,6.3,6.5,9.4
-45580.07111,6.6,12.1,9.9
-45580.31373,7.0,12.3,9.4
-45580.49893,7.3,5.2,10.3
-45579.93317,8.5,8.5,10.3
-45579.99189,9.0,8.6,10.3
-45580.03697,3.3,6.6,9.9
-45580.76398,5.6,5.5,10.3
-45582.46298,5.7,5.8,9.4
-45584.07654,6.0,4.9,9.0
-45580.77255,6.1,6.4,9.9
-45579.92526,6.8,8.2,10.3
-45582.20226,6.9,5.7,9.0
-45580.37908,9.2,9.0,9.9
-45580.20892,3.9,8.7,9.9
-45580.55712,4.4,5.1,9.4
-45579.91475,6.1,7.7,10.3
-45581.40622,6.2,4.8,10.3
-45580.27834,6.2,6.3,10.3
-45580.29493,8.9,9.2,9.9
-45580.22099,8.9,9.9,9.9
-45580.82044,3.6,9.1,9.0
-45580.10132,4.2,9.2,9.0
-45580.35963,5.6,6.0,10.3
-45579.95627,5.6,8.6,9.9
-45583.45183,5.7,5.3,9.4
-45580.1978,5.9,11.6,9.4
-45582.6527,6.1,5.1,9.9
-45579.97695,6.1,5.2,10.8
-45583.98423,6.3,5.0,9.4
-45580.59844,7.0,12.9,9.0
-45580.15685,7.3,5.9,10.3
-45580.6419,8.8,9.4,9.0
-45580.03998,9.2,10.5,9.9
-45579.92754,3.5,10.8,9.9
-45580.09327,3.7,10.2,9.9
-45580.40177,5.3,12.4,9.0
-45580.7365,5.6,12.5,8.9
-45580.13707,5.9,9.0,9.0
-45579.95218,6.5,9.3,9.0
-45580.33117,6.7,11.9,9.0
-45582.63318,7.2,5.4,9.4
-45581.36994,7.7,5.5,9.3
-45579.92644,8.1,4.9,10.0
-45580.14756,8.3,4.8,9.3
-45580.05112,8.9,8.2,9.3
-45580.03993,3.2,10.3,10.0
-45580.95488,3.3,9.0,8.9
-45580.07202,6.1,11.4,9.3
-45579.93097,6.3,11.5,10.0
-45579.96416,7.1,8.6,9.3
-45580.30553,3.4,8.6,10.0
-45580.07502,4.1,8.5,10.0
-45582.07607,4.9,5.0,9.3
-45582.81348,5.2,5.2,9.3
-45580.02222,6.4,8.5,9.3
-45583.93723,6.6,5.1,9.3
-45580.14049,6.7,6.2,10.4
-45580.00663,7.0,5.0,10.7
-45581.60326,7.0,5.3,10.0
-45581.01936,7.1,6.0,8.9
-45579.95637,7.3,12.2,8.9
-45579.97335,8.4,9.8,10.0
-45580.57484,9.0,9.6,8.9
-45580.27617,3.6,10.0,9.8
-45579.91817,4.3,8.4,9.3
-45580.03149,5.3,6.1,10.4
-45579.95588,6.5,6.8,10.4
-45580.65413,6.6,12.5,8.7
-45580.38488,7.8,5.7,9.8
-45580.40907,3.7,9.3,8.7
-45579.94143,4.1,9.1,10.2
-45582.78075,6.0,5.3,9.8
-45580.28986,6.4,11.7,9.1
-45579.98087,7.2,6.5,10.2
-45583.06026,7.3,4.8,9.1
-45580.47916,3.3,8.4,9.1
-45580.94121,4.5,5.3,9.1
-45580.10314,5.4,8.5,9.1
-45583.82567,5.6,5.1,9.1
-45580.05972,6.1,8.6,9.1
-45584.03267,6.2,5.2,9.1
-45580.65359,6.3,6.1,10.2
-45580.13815,6.3,8.7,9.8
-45580.03631,8.8,10.5,9.8
-45580.56586,8.9,8.8,8.7
-45580.6168,9.2,9.4,8.7
-45580.37124,3.2,10.1,9.5
-45580.39408,5.7,6.2,10.2
-45581.76214,7.4,5.6,9.5
-45580.25299,8.1,5.5,9.5
-45580.14368,6.0,6.0,10.5
-45583.35824,6.1,5.3,9.6
-45580.23359,6.2,8.7,9.6
-45580.00713,6.7,8.6,9.5
-45583.08063,7.0,5.1,9.5
-45580.00725,8.9,10.5,9.6
-45580.49408,9.2,9.9,9.6
-45580.43791,3.6,8.5,9.2
-45580.32023,3.7,10.0,9.6
-45581.82384,4.8,5.2,9.2
-45579.92479,5.8,6.9,10.1
-45580.91683,6.6,6.0,10.1
-45580.39403,7.9,5.7,9.6
-45580.00229,9.0,10.7,9.7
-45580.07994,4.9,6.1,10.1
-45580.22929,5.1,12.6,8.8
-45580.12679,5.2,6.3,10.1
-45583.27918,5.3,5.0,9.2
-45580.09408,6.6,8.6,9.7
-45583.70814,6.7,5.3,9.2
-45579.91524,7.0,6.2,8.8
-45582.40582,7.1,5.1,9.7
-45580.03371,8.7,9.6,10.1
-45580.79485,3.2,9.2,8.8
-45580.9281,6.0,12.9,8.8
-45580.264,8.2,5.4,9.2
-45579.94634,8.9,7.3,10.1
-45579.98065,9.2,7.1,10.1
-45580.35021,3.3,10.1,9.7
-45580.50465,4.3,4.8,8.9
-45580.08176,5.2,6.6,9.3
-45579.91962,6.1,12.5,10.1
-45580.70348,6.3,12.4,8.8
-45579.91979,6.5,5.9,10.7
-45580.5914,6.5,6.4,10.0
-45581.17397,7.5,5.6,9.7
-45582.12398,7.6,4.9,9.2
-45580.26708,8.0,5.5,9.7
-45583.08036,5.8,5.4,8.9
-45581.33018,5.9,5.9,10.0
-45583.89855,6.4,4.9,8.9
-45580.5461,6.7,5.6,10.4
-45580.58969,8.7,9.3,9.3
-45580.2539,9.1,9.1,10.0
-45580.22785,3.2,9.7,10.0
-45580.04202,3.4,7.2,10.0
-45580.40952,3.9,8.8,9.3
-45580.00694,5.0,13.1,9.3
-45580.32361,5.4,12.3,9.3
-45580.13075,5.6,8.9,9.3
-45580.02684,6.2,9.4,9.3
-45580.42713,6.8,12.0,9.3
-45580.40982,7.4,6.0,10.0
-45582.40626,7.5,5.3,8.9
-45579.95648,8.3,8.4,8.9
-45580.79767,3.4,8.9,9.4
-45580.22486,3.7,9.6,9.9
-45579.9833,5.8,13.0,9.9
-45580.55455,5.9,12.2,9.4
-45580.5468,6.5,12.1,9.4
-45581.55317,7.8,5.2,9.0
-45579.99077,8.4,5.1,9.0
-45580.28273,8.6,8.5,9.0
-45579.9108,9.0,7.9,10.3
-45581.42363,4.6,4.9,9.0
-45580.19093,5.0,5.5,10.3
-45581.53699,5.1,5.8,9.4
-45581.25591,5.4,5.8,9.9
-45582.96553,5.5,5.5,9.0
-45580.12996,5.7,6.7,9.4
-45582.2825,6.0,5.6,9.0
-45579.96052,6.1,8.3,10.3
-45580.82327,6.2,5.7,10.3
-45580.34578,6.8,6.5,9.9
-45583.7657,6.9,4.8,9.0
-45580.01435,7.4,12.5,9.4
-45579.91406,7.6,9.1,9.4
-45580.19926,8.2,9.2,9.4
-45579.99164,3.3,6.5,9.6
-45580.50106,4.7,5.8,9.6
-45580.37682,5.4,6.4,9.6
-45580.47079,5.5,4.9,10.5
-45580.42869,5.5,12.1,9.2
-45580.21745,5.8,13.2,9.6
-45580.1989,6.1,6.7,9.6
-45580.24499,6.3,8.8,9.2
-45579.92026,6.4,9.6,9.6
-45580.29853,6.4,13.1,9.6
-45582.02221,6.8,5.9,9.6
-45580.33659,6.9,5.4,10.5
-45579.98818,8.0,9.1,9.6
-45580.55019,3.8,9.4,9.2
-45579.95047,3.9,9.9,10.1
-45580.04281,4.4,8.9,9.2
-45580.66938,5.2,5.7,10.1
-45583.41764,5.9,4.8,8.8
-45580.15036,6.1,8.9,9.7
-45580.12659,6.8,13.0,9.7
-45580.51968,6.9,12.2,9.2
-45582.82708,7.4,5.1,8.8
-45579.98867,7.5,6.2,9.7
-45580.16127,8.9,8.7,10.1
-45579.9865,9.2,6.3,9.7
-45579.95534,3.4,8.3,8.8
-45579.95012,4.2,5.4,8.8
-45581.09638,4.7,5.5,8.7
-45580.69972,5.1,4.9,10.2
-45580.48915,5.8,6.5,9.7
-45582.33672,6.4,5.8,9.7
-45581.8627,6.5,5.5,8.8
-45581.55325,6.9,5.9,9.8
-45582.099,7.0,5.6,8.8
-45579.91421,7.3,12.7,9.7
-45580.56825,8.6,9.1,9.2
-45579.91083,8.7,10.2,10.1
-45580.48157,9.0,9.3,9.7
-45580.04823,3.2,6.5,9.8
-45580.76929,3.5,9.5,9.1
-45580.2171,4.6,5.8,9.8
-45580.03576,5.0,6.4,9.1
-45583.34648,5.4,4.9,8.7
-45580.34631,5.5,6.4,9.8
-45581.01999,5.7,5.6,10.2
-45580.05617,5.9,13.2,9.8
-45580.29035,6.0,6.7,9.8
-45579.96864,6.0,8.1,10.2
-45580.09329,6.5,13.1,9.8
-45582.47775,6.8,5.4,8.7
-45579.95372,8.1,9.1,9.8
-45580.19475,8.3,9.0,9.1
-45579.97774,3.4,9.8,10.2
-45580.00575,4.2,9.7,9.8
-45579.94551,4.9,8.8,9.1
-45580.58343,5.8,12.0,9.1
-45580.47852,5.9,6.5,9.5
-45580.25195,6.4,5.5,10.6
-45580.87532,6.4,12.3,9.1
-45582.57248,6.5,5.8,9.5
-45580.19953,6.6,8.9,9.1
-45579.96513,7.1,5.6,10.6
-45580.11454,7.2,12.7,9.5
-45581.19194,7.9,5.0,8.7
-45579.97958,8.4,8.6,10.2
-45580.09702,9.1,8.5,10.2
-45580.71305,9.1,9.3,9.5
-45580.04769,3.4,9.3,10.2
-45579.92276,5.1,12.1,9.5
-45580.42476,5.8,4.8,10.6
-45580.2186,6.0,8.9,9.5
-45580.896,6.4,12.9,8.7
-45580.26372,6.9,13.0,9.5
-45580.3548,7.4,6.2,9.5
-45580.36264,5.2,12.7,8.7
-45580.02402,6.7,11.7,9.8
-45580.61233,7.3,7.1,8.7
-45579.91672,3.5,10.0,9.1
-45580.26981,3.8,8.4,9.8
-45580.4528,4.6,5.3,9.8
-45580.00682,4.7,6.0,8.7
-45580.09304,4.7,8.6,9.1
-45582.5671,5.0,5.1,9.1
-45580.23873,5.0,7.7,8.7
-45582.365,5.5,5.1,9.8
-45579.956,5.7,8.5,9.8
-45580.09099,6.8,8.7,9.1
-45582.42706,6.9,5.2,9.8
-45582.03622,7.3,5.7,9.1
-45580.67499,7.8,4.8,9.8
-45579.91969,8.2,8.8,10.2
-45580.18373,9.0,8.3,9.1
-45579.9593,3.2,7.6,10.2
-45580.6876,3.4,8.5,9.5
-45579.99451,4.1,8.6,9.5
-45580.07142,4.2,5.2,9.5
-45580.07536,5.1,6.2,10.2
-45579.94775,5.8,6.3,10.6
-45583.67761,5.9,5.0,9.5
-45580.19166,6.3,11.6,9.5
-45580.01159,6.4,6.0,10.6
-45583.51008,6.5,5.3,9.5
-45583.1076,6.8,5.2,9.6
-45582.23044,7.4,4.9,9.5
-45580.58031,9.1,9.8,9.5
-45580.01573,3.9,8.4,9.6
-45580.93014,4.7,5.3,9.6
-45582.71924,5.4,5.1,9.6
-45579.99377,5.5,6.2,10.5
-45579.92426,6.3,7.5,10.5
-45580.15152,6.6,11.7,9.6
-45580.02436,6.9,6.1,10.5
-45580.74214,7.9,4.8,9.6
-45579.99806,9.2,10.6,9.6
-45580.53438,3.5,8.5,9.7
-45579.97815,3.7,7.7,10.1
-45580.16019,4.0,8.6,9.7
-45580.07794,4.3,5.2,9.7
-45583.10603,5.8,5.0,9.7
-45583.10022,6.4,5.3,9.7
-45580.0634,6.5,8.6,9.2
-45580.04295,7.0,8.5,9.2
-45580.10393,8.7,8.9,10.1
-45580.44137,9.0,9.8,9.7
-45580.66959,9.1,9.5,8.8
-45580.00295,4.1,5.3,9.2
-45580.13763,4.2,8.7,9.2
-45580.81705,5.7,12.6,8.8
-45579.96415,6.0,9.1,8.8
-45580.05057,3.9,9.2,10.1
-45580.11187,6.2,11.6,9.7
-45580.76199,6.9,12.8,8.8
-45581.53588,7.5,4.9,9.7
-45581.57024,7.6,5.6,9.2
-45580.88074,3.2,8.7,9.4
-45580.53844,4.7,5.1,9.9
-45580.01417,5.0,6.0,10.3
-45582.32183,5.1,5.3,9.4
-45581.7857,5.4,5.3,9.9
-45581.07786,5.5,6.0,9.0
-45580.06335,6.0,8.5,9.4
-45580.36045,6.0,11.7,9.2
-45580.01299,6.1,6.8,10.3
-45580.06399,6.2,8.4,9.9
-45582.35275,6.8,5.0,9.9
-45580.05896,6.9,6.3,9.0
-45580.20928,7.4,13.1,9.0
-45579.98368,8.9,10.6,9.9
-45580.19944,3.4,10.2,9.4
-45580.05411,6.5,11.4,9.4
-45580.86933,6.7,12.6,9.0
-45579.94573,7.0,9.1,9.0
-45580.26183,7.9,5.4,9.9
-45580.23228,8.7,8.3,9.9
-45580.17161,9.1,8.1,9.4
-45579.97564,3.5,9.1,10.3
-45580.07761,5.0,12.5,8.9
-45580.88983,5.9,12.8,9.0
-45581.35746,7.5,5.8,8.9
-45580.26958,7.8,5.9,9.0
-45580.17587,3.4,7.9,10.0
-45580.45517,3.7,8.6,9.3
-45580.58024,5.4,12.9,8.9
-45581.01005,6.2,12.7,8.9
-45580.8531,7.4,5.5,10.0
-45580.20292,8.7,9.8,9.3
-45580.00116,9.1,10.4,10.0
-45580.13702,5.8,8.7,9.3
-45580.07592,5.8,12.4,9.9
-45580.17398,5.9,5.1,10.7
-45582.1424,5.9,5.2,10.0
-45580.07659,6.4,11.9,9.9
-45582.24826,6.5,5.1,10.0
-45580.16089,6.5,5.2,10.7
-45579.91827,6.5,7.7,10.4
-45579.91151,6.6,9.3,9.9
-45579.98954,6.7,8.5,10.0
-45580.53611,6.7,12.6,9.4
-45580.00243,7.0,9.1,9.4
-45579.94013,8.7,8.3,10.3
-45580.89113,9.0,8.9,8.9
-45580.32156,3.5,9.1,9.9
-45580.45653,5.0,6.0,9.9
-45580.70518,5.4,5.3,10.3
-45580.03088,5.5,8.6,9.0
-45580.5442,5.9,12.8,9.4
-45579.91795,6.0,8.5,9.0
-45579.95072,6.2,8.4,10.3
-45581.10136,6.8,5.0,10.3
-45580.17576,7.8,5.9,9.4
-45579.92338,8.1,9.5,9.4
-45580.02184,8.3,9.4,9.9
-45579.99613,9.0,7.2,9.9
-45580.86634,3.2,8.7,9.0
-45579.9733,4.7,5.1,10.3
-45582.74199,5.1,5.3,9.0
-45581.62031,5.5,6.0,9.4
-45581.27458,5.8,6.1,9.3
-45580.17376,6.1,6.8,9.9
-45580.8872,6.9,6.3,9.4
-45580.00096,7.4,13.1,9.4
-45580.45358,3.7,8.6,8.9
-45580.05734,5.8,8.7,8.9
-45580.86841,5.9,5.2,10.4
-45580.84533,6.4,6.2,9.3
-45580.94793,6.5,5.1,10.4
-45580.09635,8.6,9.5,10.0
-45580.83395,9.0,8.9,9.3
-45580.16159,3.8,9.0,10.0
-45579.97486,5.0,12.5,9.3
-45580.33931,5.4,12.9,9.3
-45580.00405,6.0,12.6,10.0
-45580.09708,6.1,9.3,9.3
-45580.73948,6.2,12.7,9.3
-45580.0968,7.4,5.5,10.4
-45581.2461,7.5,5.8,9.3
-45580.46668,3.8,9.2,9.5
-45580.08392,4.4,9.1,9.5
-45580.89692,5.4,6.2,9.1
-45580.11693,5.5,11.9,9.5
-45579.96519,5.7,9.3,9.5
-45580.21072,6.3,9.0,9.5
-45580.32399,6.9,12.4,9.5
-45580.01565,7.0,6.8,9.5
-45580.44722,8.6,8.9,9.5
-45580.16667,3.2,7.6,9.8
-45580.02797,3.8,8.4,10.2
-45579.96451,4.6,5.3,10.2
-45580.15401,4.7,6.0,9.1
-45582.58532,5.0,5.1,8.7
-45580.2259,5.1,6.2,9.8
-45581.17126,5.5,5.1,10.2
-45579.94574,5.7,8.5,10.2
-45580.73597,6.8,6.1,9.1
-45581.20002,6.9,5.2,10.2
-45579.99717,8.0,8.9,9.1
-45580.02768,8.2,8.8,9.8
-45580.4783,8.9,9.7,9.1
-45580.41495,3.4,9.3,9.8
-45580.29045,5.2,12.7,9.1
-45580.09157,5.9,11.8,9.8
-45580.18043,6.0,9.1,9.2
-45580.81993,6.4,12.9,9.1
-45580.2069,6.5,12.5,9.8
-45579.96759,6.7,9.1,9.8
-45580.21493,6.8,12.4,9.7
-45580.0281,7.0,12.6,9.8
-45581.5775,7.3,5.7,8.7
-45580.70078,7.5,4.9,10.1
-45581.47146,7.6,5.6,8.8
-45580.09872,7.8,4.8,10.2
-45579.97846,8.6,8.1,10.2
-45579.93085,9.0,8.3,8.7
-45580.0192,9.1,7.0,9.8
-45580.26854,3.9,9.2,9.7
-45579.94136,4.5,9.1,9.7
-45579.98306,5.4,11.9,9.7
-45580.67987,5.7,12.6,9.2
-45580.13189,6.2,9.0,9.7
-45580.56125,6.9,12.8,9.2
-45580.25774,7.4,6.4,9.2
-45581.83337,5.8,5.0,10.1
-45580.10353,5.9,6.3,9.2
-45581.8058,6.4,5.3,10.1
-45579.95501,6.5,8.6,8.8
-45580.37266,8.7,8.9,9.7
-45580.84211,9.1,9.5,9.2
-45580.18037,3.5,8.5,10.1
-45580.05832,4.0,8.6,10.1
-45580.17244,5.8,11.8,9.6
-45580.43262,6.4,12.5,9.6
-45581.25796,6.5,6.0,9.2
-45580.06049,6.6,9.1,9.6
-45580.02145,7.2,5.7,10.5
-45580.06823,9.0,9.8,10.1
-45580.55783,3.5,9.3,9.6
-45580.12211,5.0,6.2,9.6
-45580.08113,5.1,5.1,10.5
-45579.91375,6.0,7.9,10.5
-45580.1274,7.1,12.6,9.6
-45580.1202,8.3,8.8,9.6
-45580.29243,8.6,9.1,8.8
-45579.96234,3.5,7.0,10.1
-45581.53348,5.2,5.7,9.7
-45584.05643,5.9,4.8,9.2
-45583.32768,6.5,5.5,9.2
-45582.80414,7.0,5.6,9.2
-45580.12243,9.0,9.3,10.1
-45580.2812,3.4,8.3,9.2
-45580.19663,3.9,9.9,9.7
-45580.13361,4.2,5.4,9.2
-45580.08581,5.5,12.1,8.8
-45580.28345,5.8,6.5,10.1
-45579.9338,6.1,8.9,10.1
-45580.0571,6.3,8.8,8.8
-45581.26368,6.4,5.8,10.1
-45580.41099,6.9,12.2,8.8
-45582.66139,7.4,5.1,9.2
-45580.0121,7.6,8.5,9.2
-45580.13495,8.7,10.2,9.7
-45580.49709,8.9,8.7,9.7
-45580.30818,9.1,10.0,9.2
-45580.21606,3.8,9.4,8.8
-45580.14145,7.4,7.7,8.8
-45581.83082,5.0,4.9,9.6
-45582.54325,5.6,5.6,9.6
-45579.97077,6.3,6.6,10.5
-45580.05762,7.5,6.2,10.1
-45580.15774,8.5,8.6,9.6
-45580.59446,9.0,8.5,9.6
-45580.49184,3.5,9.8,9.6
-45580.26981,3.8,9.9,9.5
-45582.08523,5.3,5.7,9.5
-45580.54988,8.8,8.7,9.5
-45580.37582,3.4,9.8,9.8
-45580.4223,3.5,9.5,8.7
-45580.10851,6.0,6.7,10.2
-45580.15451,6.4,12.3,8.7
-45580.02415,7.3,8.4,9.1
-45581.28124,7.9,5.0,9.1
-45580.10445,8.4,8.6,9.8
-45580.50047,9.1,8.5,9.8
-45581.31172,4.7,5.5,9.1
-45581.60819,5.1,4.9,9.8
-45580.13996,5.5,6.4,10.2
-45579.97097,5.6,8.3,9.1
-45582.18076,5.7,5.6,9.8
-45583.4213,6.8,5.4,9.1
-45580.62906,6.9,5.9,10.2
-45580.32076,3.9,8.8,8.9
-45583.57769,5.4,4.9,9.1
-45579.95785,7.4,6.0,10.4
-45580.16804,5.0,13.1,8.9
-45580.49907,5.4,12.3,8.9
-45579.9942,5.6,8.9,8.9
-45580.24343,6.8,12.0,8.9
-45582.12278,7.5,5.3,9.3
-45579.91975,8.1,8.5,10.0
-45579.93214,8.3,8.4,9.3
-45580.42881,4.3,4.8,9.3
-45580.3304,4.8,5.7,10.0
-45580.36582,5.9,5.9,10.4
-45584.10899,6.4,4.9,9.3
-45580.09505,6.5,6.4,10.4
-45581.6609,6.7,5.6,10.0
-45579.91381,7.0,6.7,10.4
-45580.01342,8.6,10.0,10.0
-45580.52452,8.7,9.3,8.9
-45579.99014,9.0,10.2,9.3
-45581.6469,5.1,5.8,9.0
-45583.51035,5.8,5.4,9.3
-45583.13922,6.0,5.6,9.4
-45580.01849,6.1,8.3,9.9
-45582.03141,6.2,5.7,9.9
-45583.51455,6.9,4.8,9.4
-45580.1582,7.4,12.5,9.0
-45579.99384,8.2,9.2,9.0
-45579.9232,9.1,9.1,10.4
-45580.1037,4.5,5.6,9.9
-45581.08257,4.6,4.9,9.4
-45580.93821,5.0,5.5,9.9
-45580.39298,5.4,5.8,10.3
-45582.91402,5.5,5.5,9.4
-45580.07181,6.8,6.5,10.3
-45580.07044,3.5,10.4,9.9
-45579.94532,5.3,8.8,9.0
-45580.71452,5.9,12.2,9.0
-45580.60901,6.5,12.1,9.0
-45581.19021,7.8,5.2,9.4
-45579.93008,8.4,5.1,9.4
-45580.1539,8.6,8.5,9.4
-45580.21258,9.0,7.9,9.9
-45580.95268,3.4,8.9,9.0
-45580.71379,4.6,5.5,9.5
-45583.20278,5.5,4.9,9.5
-45579.98469,6.8,5.9,10.6
-45582.99522,6.9,5.4,9.5
-45581.11092,7.8,5.0,9.5
-45580.02167,3.2,10.6,9.8
-45579.97437,3.8,9.4,10.2
-45579.99073,6.1,8.9,8.7
-45579.91497,6.3,8.8,10.2
-45580.73147,6.8,13.0,8.7
-45581.49074,7.4,5.1,9.8
-45579.92149,7.5,6.2,8.7
-45580.71986,8.9,8.7,9.1
-45580.46964,3.4,8.3,9.8
-45580.21048,4.6,5.8,8.8
-45579.91799,5.0,6.4,10.1
-45582.10463,5.2,5.7,9.1
-45580.76267,5.2,7.1,8.7
-45582.95886,5.9,4.8,9.8
-45582.54593,6.5,5.5,9.8
-45580.04518,6.7,6.7,10.2
-45582.67507,6.8,5.4,9.7
-45581.87755,7.0,5.6,9.8
-45579.99191,7.1,8.3,9.1
-45580.33765,7.3,12.7,8.7
-45579.94976,7.6,12.6,8.8
-45579.98267,8.3,9.0,10.1
-45579.99759,8.6,9.1,10.2
-45580.68978,9.0,9.3,8.7
-45580.3318,9.1,10.0,9.8
-45580.58582,3.4,9.8,9.2
-45580.68649,4.7,5.5,9.7
-45582.80117,5.1,4.9,9.2
-45582.52645,5.4,4.9,9.7
-45582.9646,5.7,5.6,9.2
-45580.2807,6.2,6.6,10.1
-45579.9244,6.4,12.3,10.1
-45580.44348,6.9,5.9,8.8
-45580.58161,7.9,5.0,9.7
-45580.1675,8.4,8.6,9.2
-45580.09863,3.5,9.5,10.1
-45579.97125,4.0,9.6,10.1
-45583.40423,5.8,4.8,9.6
-45580.66482,5.9,13.2,8.8
-45580.78149,6.5,13.1,8.8
-45579.92853,6.6,8.9,10.1
-45582.1902,7.1,5.6,9.6
-45579.93327,9.0,6.8,10.1
-45580.71693,9.1,8.5,9.2
-45580.00157,3.3,10.6,9.6
-45580.48187,3.5,8.3,9.6
-45580.11749,4.3,5.4,9.6
-45579.98476,5.9,6.5,10.5
-45582.73014,6.4,4.9,9.9
-45579.92841,6.4,5.4,10.8
-45583.10179,6.4,5.5,9.6
-45580.25549,6.5,5.8,10.5
-45579.95395,6.6,8.3,9.9
-45583.02032,6.7,5.6,9.4
-45581.69887,7.5,5.1,9.6
-45579.91898,8.7,9.3,10.3
-45580.42943,9.0,10.0,9.6
-45580.9776,9.1,9.1,9.0
-45580.30114,3.5,8.1,9.9
-45579.98454,4.1,4.9,9.4
-45579.9203,4.3,4.8,9.9
-45581.04815,4.8,5.7,9.4
-45579.91708,5.2,6.6,10.3
-45579.95483,5.8,4.9,10.8
-45582.22543,5.8,5.4,9.9
-45580.71756,5.9,5.9,9.0
-45580.99467,7.5,5.3,9.9
-45579.9167,8.3,8.4,9.9
-45580.15301,9.0,10.2,9.9
-45580.72645,3.2,9.7,9.0
-45579.93705,3.9,8.8,10.3
-45580.10313,5.1,12.3,9.0
-45580.55041,5.5,13.1,9.0
-45580.79198,5.8,13.0,8.9
-45580.5501,6.9,13.2,9.0
-45581.13366,7.4,6.0,9.0
-45579.92394,3.4,8.9,10.4
-45580.18321,3.7,9.6,8.9
-45581.61011,5.4,5.8,8.9
-45579.95425,5.7,6.7,10.4
-45580.33388,7.8,5.2,10.0
-45579.93796,7.9,8.7,9.3
-45580.16012,8.6,8.5,10.0
-45579.94786,3.2,8.7,10.4
-45580.04705,3.8,8.0,10.0
-45580.52647,4.5,5.6,9.3
-45580.26069,4.6,4.9,10.0
-45582.00889,5.0,5.5,9.3
-45580.01738,5.1,5.8,10.4
-45580.0335,5.5,4.8,10.7
-45581.48173,5.5,5.5,10.0
-45580.86332,5.5,6.0,10.0
-45581.80488,6.0,5.6,10.0
-45579.91372,6.0,7.0,10.4
-45582.80675,6.2,5.7,9.3
-45580.04189,6.3,6.9,10.0
-45579.98808,6.3,8.2,10.0
-45581.95214,6.9,4.8,10.0
-45579.93841,6.9,5.5,10.7
-45580.13979,7.5,12.9,8.9
-45581.71468,4.7,5.1,8.9
-45580.84787,5.0,6.0,9.3
-45580.19489,5.1,5.3,10.4
-45583.28411,5.4,5.3,8.9
-45579.95495,5.9,12.8,10.0
-45583.87256,6.8,5.0,8.9
-45580.50217,6.9,6.3,10.0
-45579.91521,7.5,12.3,9.3
-45580.20547,8.3,9.4,9.3
-45579.99111,9.1,6.7,10.0
-45580.80888,3.5,9.1,9.3
-45580.0258,5.1,12.9,9.4
-45579.93196,5.2,9.0,9.3
-45580.09965,5.7,9.1,9.4
-45580.65206,5.8,12.4,9.3
-45579.92206,6.1,9.3,9.9
-45580.10987,6.2,12.7,9.9
-45580.51324,6.4,11.9,9.3
-45580.06759,6.6,9.3,9.3
-45579.95717,6.7,12.6,10.0
-45580.18808,6.9,11.8,9.4
-45580.01456,7.3,6.6,9.3
-45582.35065,7.4,5.5,9.0
-45580.06606,7.8,5.9,10.0
-45581.04688,7.9,5.4,8.9
-45580.12085,8.1,5.6,9.0
-45580.02484,8.7,8.3,8.9
-45579.99584,3.5,7.4,9.9
-45580.54191,3.8,9.0,9.4
-45580.07237,4.4,9.3,9.4
-45580.35889,5.5,12.5,9.4
-45580.62102,6.0,12.6,9.4
-45580.1387,6.3,9.2,9.4
-45584.05787,6.5,5.1,9.0
-45580.63082,7.5,5.8,9.9
-45580.42469,8.6,9.5,9.4
-45579.93922,8.9,6.5,9.9
-45580.35086,9.0,8.9,9.9
-45579.9657,3.7,8.6,10.3
-45580.30123,4.2,5.0,9.0
-45581.18091,5.8,6.1,9.9
-45583.8981,5.9,5.2,9.0
-45580.0256,6.6,6.8,9.9
-45579.95258,6.7,8.5,9.0
-45580.01626,3.5,10.0,10.1
-45579.92654,5.2,12.7,9.7
-45579.92709,5.3,9.2,9.2
-45580.44408,5.9,11.8,9.2
-45581.12049,6.4,6.2,9.9
-45580.84357,6.5,12.5,9.2
-45580.15348,6.7,9.1,9.2
-45580.50172,7.0,12.6,9.2
-45580.63363,7.3,5.7,10.1
-45581.61468,7.8,4.8,8.8
-45580.16604,9.0,8.3,10.1
-45580.89113,3.4,9.3,9.2
-45580.26208,6.4,12.9,9.7
-45580.4234,8.9,9.7,9.7
-45579.99407,3.3,6.3,9.7
-45580.07021,4.7,6.0,9.7
-45580.75939,5.1,6.2,9.2
-45583.58116,5.5,5.1,8.8
-45579.93787,6.8,8.7,10.1
-45583.48476,6.9,5.2,8.8
-45579.93966,8.0,8.9,9.7
-45580.11411,8.2,8.8,9.2
-45580.11968,3.8,8.4,8.8
-45581.21051,4.6,5.3,8.8
-45580.70415,5.0,5.1,10.1
-45580.76654,5.4,6.2,9.7
-45580.25788,5.6,12.6,9.6
-45580.13026,6.1,9.1,9.6
-45581.42693,6.8,6.1,9.7
-45580.08795,7.4,4.9,10.5
-45579.98936,9.2,6.5,9.6
-45581.04022,5.8,6.3,9.6
-45580.68492,5.9,5.0,10.5
-45582.00292,6.4,6.0,9.6
-45580.57319,6.5,5.3,10.5
-45580.26216,6.8,12.8,9.6
-45580.24486,8.5,9.6,9.6
-45580.55078,9.0,9.5,9.6
-45579.95238,3.2,6.3,9.5
-45580.14113,5.4,5.1,10.6
-45581.01086,5.5,6.2,9.5
-45579.99866,5.7,6.8,9.5
-45580.43904,6.5,12.9,9.5
-45580.2699,6.8,5.2,10.6
-45581.37612,6.9,6.1,9.5
-45580.02098,8.1,8.9,9.5
-45580.48336,8.8,9.7,9.5
-45579.94774,4.2,8.7,10.2
-45580.30274,4.3,5.2,8.7
-45580.16129,4.9,7.8,8.7
-45580.12953,5.3,12.7,9.5
-45581.03112,5.9,6.3,9.8
-45581.67824,6.5,6.0,9.8
-45580.04361,3.4,6.8,9.8
-45580.20592,3.5,8.5,8.7
-45579.96108,4.5,9.1,9.1
-45583.57203,5.8,5.0,8.7
-45582.69349,6.4,5.3,8.7
-45579.95858,6.5,8.6,10.2
-45580.03922,6.9,12.8,9.8
-45580.09335,8.4,9.6,9.8
-45580.61848,8.7,8.9,9.1
-45580.40893,9.1,9.5,9.8
-45580.5225,3.9,9.2,9.1
-45580.02961,3.9,10.1,9.6
-45579.96172,5.6,9.3,9.1
-45580.12683,5.7,12.6,9.8
-45579.91167,5.9,7.6,10.5
-45580.01808,6.0,9.1,9.8
-45580.20523,6.2,9.0,9.1
-45580.19995,6.4,8.6,9.6
-45580.72782,6.8,12.4,9.1
-45582.51796,7.5,4.9,8.7
-45580.1773,7.6,5.6,10.2
-45580.89224,7.7,5.6,9.6
-45579.98754,4.7,6.0,10.1
-45581.55374,5.0,5.1,9.7
-45580.33122,5.1,6.2,8.8
-45583.61666,5.5,5.1,9.2
-45580.01186,5.7,8.5,9.2
-45580.19795,6.1,11.7,9.6
-45580.66476,6.8,6.1,10.1
-45580.00015,6.8,8.7,9.7
-45583.6314,6.9,5.2,9.2
-45580.06477,8.9,9.7,10.1
-45580.16945,3.8,8.4,9.2
-45581.16917,4.6,5.3,9.2
-45580.35948,5.4,6.2,10.1
-45580.83132,3.4,9.3,8.8
-45580.37675,3.5,10.0,9.7
-45580.84148,6.5,12.5,8.8
-45580.20212,6.7,11.7,9.2
-45580.65174,7.0,12.6,8.8
-45581.47523,7.3,5.7,9.7
-45581.50414,7.8,4.8,9.2
-45580.49935,9.0,8.3,9.7
-45580.15767,3.8,10.1,9.8
-45580.01583,3.9,9.2,8.7
-45579.98037,5.8,11.5,9.7
-45580.08354,6.0,11.7,9.8
-45579.9725,6.2,9.0,8.7
-45580.13809,6.2,11.6,9.1
-45579.96686,7.4,6.4,10.2
-45582.52327,7.5,4.9,9.1
-45580.80357,7.6,5.6,9.8
-45580.51828,3.5,8.5,9.1
-45580.24217,4.0,8.6,9.1
-45580.05532,4.2,8.7,9.8
-45580.47956,4.3,5.2,9.1
-45584.06933,5.8,5.0,9.1
-45580.37848,5.9,6.3,10.2
-45580.72714,6.5,6.0,10.2
-45580.10179,6.5,8.6,9.8
-45580.49441,6.8,12.4,8.7
-45579.95749,8.6,10.4,9.8
-45580.28505,8.7,8.9,8.7
-45580.4408,9.0,9.8,9.1
-45580.03192,9.1,9.5,10.2
-45580.44882,3.4,10.0,9.5
-45580.88383,3.5,9.1,8.9
-45582.2519,5.1,5.1,9.5
-45580.06111,5.2,8.4,9.1
-45580.07107,5.9,11.5,9.5
-45583.8106,6.4,5.3,9.1
-45579.91506,6.9,8.7,9.5
-45582.02523,7.2,5.7,9.5
-45580.57354,9.1,8.3,9.5
-45580.33425,3.2,8.7,10.0
-45580.0677,3.4,10.2,10.0
-45579.94438,4.5,8.5,9.3
-45581.45424,4.7,5.1,9.3
-45581.01176,5.1,5.3,10.0
-45580.15551,5.5,6.0,10.4
-45580.79924,5.8,12.4,8.9
-45579.94412,6.3,6.9,10.4
-45580.05163,6.4,11.9,8.9
-45580.05776,6.9,6.3,10.4
-45580.91394,7.9,5.4,9.3
-45580.01319,8.7,8.3,9.3
-45580.23932,9.1,8.1,10.0
-45580.98146,5.0,6.0,8.9
-45579.95862,5.0,8.6,9.3
-45583.14992,5.4,5.3,9.3
-45579.926,5.5,8.6,10.0
-45580.01769,5.8,8.7,9.9
-45583.73931,5.9,5.2,9.4
-45580.04412,6.0,8.5,10.0
-45583.86295,6.5,5.1,9.4
-45579.92149,6.7,8.5,9.4
-45583.78914,6.8,5.0,9.3
-45579.92085,7.2,8.8,9.0
-45579.99289,9.0,8.9,10.3
-45580.30401,3.7,8.6,9.9
-45580.16179,4.2,5.0,9.4
-45580.2422,5.1,12.9,9.0
-45580.63521,5.5,12.5,9.0
-45580.04741,5.7,9.1,9.0
-45580.36359,5.8,6.1,10.3
-45580.97072,6.0,12.6,9.0
-45580.06262,6.3,9.2,9.0
-45580.34622,6.4,6.2,10.3
-45579.97467,6.6,6.8,10.3
-45579.95635,6.9,11.8,9.0
-45582.04565,7.4,5.5,9.4
-45580.16213,8.6,9.5,9.0
-45580.16792,8.7,9.8,9.9
-45579.92071,9.1,10.4,9.4
-45580.59376,3.8,9.0,9.0
-45579.98091,3.9,10.3,9.9
-45579.92346,5.4,12.3,9.9
-45580.19564,5.7,11.7,9.4
-45580.03357,7.4,8.6,9.0
-45580.0536,7.5,5.8,10.3
-45580.23841,8.1,5.6,9.4
-45580.06854,8.1,8.5,9.0
-45580.72656,3.2,9.7,9.4
-45580.01543,3.5,6.7,9.9
-45580.20235,3.9,8.8,9.9
-45580.01112,5.1,12.3,9.4
-45580.28478,5.5,13.1,9.4
-45579.94337,5.6,8.9,9.9
-45580.97181,5.8,5.4,10.3
-45579.96875,6.0,9.5,9.4
-45579.94594,6.6,8.3,10.3
-45580.00469,6.8,12.0,9.9
-45580.30803,6.9,13.2,9.4
-45580.89081,7.4,6.0,9.4
-45580.23073,7.5,5.3,10.3
-45579.97075,8.9,7.6,9.9
-45579.93993,3.5,8.1,10.3
-45580.06648,4.1,4.9,9.0
-45581.13825,4.8,5.7,9.0
-45581.35959,6.4,4.9,10.3
-45580.53881,6.5,6.4,9.4
-45582.48101,6.7,5.6,9.0
-45580.20969,7.0,6.7,9.4
-45580.22324,8.7,9.3,9.9
-45580.80235,9.1,9.1,9.4
-45580.39342,4.5,5.6,8.9
-45582.16641,5.0,5.5,8.9
-45582.16132,5.4,5.8,9.3
-45580.06615,5.7,6.7,10.0
-45582.24487,5.9,5.9,9.4
-45580.62424,6.0,5.6,10.4
-45580.33443,6.8,6.5,9.3
-45579.98572,7.5,12.9,9.3
-45580.03623,8.0,9.3,9.3
-45580.27255,3.4,8.9,10.0
-45580.52976,3.7,9.6,9.3
-45580.64388,5.1,5.8,10.0
-45580.45143,5.5,5.5,10.4
-45579.91483,5.7,8.1,10.4
-45580.54664,5.8,13.0,9.3
-45579.99649,5.9,12.2,10.0
-45580.89036,6.2,5.7,8.9
-45579.92374,6.3,8.2,10.4
-45580.79267,6.9,4.8,10.4
-45579.95854,8.2,9.2,10.0
-45580.05042,9.1,7.4,10.0
-45580.07388,3.4,8.3,10.2
-45581.62793,6.4,5.8,9.1
-45580.00425,6.5,12.1,10.0
-45580.02442,6.7,6.7,9.8
-45579.95238,7.1,8.9,9.3
-45579.93642,9.1,10.0,10.2
-45580.27118,3.8,9.4,9.8
-45579.97497,4.4,8.9,9.8
-45581.58932,5.2,5.7,8.7
-45581.63566,5.9,4.8,10.2
-45581.2654,6.5,5.5,10.2
-45579.93282,6.7,8.1,10.2
-45580.64129,6.8,13.0,9.1
-45580.82773,7.0,5.6,10.2
-45580.26843,7.3,12.7,9.1
-45580.52651,7.5,6.2,9.1
-45580.24691,8.6,9.1,9.8
-45580.87137,9.0,9.3,9.1
-45580.09461,5.1,6.4,9.5
-45580.02244,5.5,12.1,9.8
-45580.07356,5.6,5.6,10.6
-45580.22191,6.1,8.9,9.1
-45580.31857,6.3,6.6,9.5
-45580.12528,6.3,8.8,9.8
-45580.07122,6.9,12.2,9.8
-45580.61101,7.4,5.1,10.2
-45580.14402,8.2,9.0,9.5
-45580.44701,8.9,8.7,8.7
-45580.67102,3.4,9.5,9.5
-45580.31673,3.9,9.4,9.6
-45580.15465,4.1,9.6,9.5
-45579.94194,4.5,8.9,9.6
-45580.08716,5.4,12.1,9.6
-45580.37567,5.9,12.0,9.5
-45580.23272,6.2,8.8,9.6
-45580.49982,6.5,12.3,9.5
-45580.15033,6.7,8.9,9.5
-45580.26303,6.8,12.2,9.6
-45580.41514,8.7,9.1,9.6
-45580.06413,3.4,9.8,8.8
-45580.19126,4.0,9.6,9.7
-45580.03942,5.3,5.7,10.5
-45580.18208,5.8,12.0,9.7
-45580.32224,6.4,12.3,9.7
-45580.63659,6.5,13.1,9.2
-45580.10211,6.6,6.7,9.6
-45580.07886,6.6,8.9,9.7
-45580.08604,7.9,5.0,10.1
-45580.02419,8.4,8.6,8.8
-45580.0048,8.7,7.9,10.1
-45580.36809,9.1,8.5,8.8
-45580.46266,3.5,9.5,9.7
-45580.28675,4.6,5.8,9.2
-45581.38979,5.4,4.9,10.1
-45579.93188,5.6,8.3,10.1
-45581.69573,5.7,5.6,8.8
-45580.57627,5.9,13.2,9.2
-45579.93211,6.2,8.0,10.1
-45581.46441,6.8,5.4,10.1
-45580.11294,8.1,9.1,9.2
-45580.12003,8.3,9.0,9.7
-45580.06009,3.9,8.2,10.1
-45580.16144,4.7,5.5,10.1
-45582.94227,5.1,4.9,8.8
-45580.53608,5.5,6.4,9.2
-45580.53663,6.2,6.6,9.7
-45581.83836,6.9,5.9,9.2
-45580.13034,4.0,9.3,8.9
-45579.92653,4.1,10.0,10.0
-45580.99463,6.4,12.6,8.9
-45580.52796,7.1,12.5,8.9
-45581.23158,7.2,5.4,10.0
-45581.44138,7.3,5.9,8.9
-45580.00607,8.4,8.3,10.0
-45580.16295,3.2,7.8,10.0
-45580.30337,3.9,8.7,9.3
-45579.96538,4.4,5.1,10.0
-45580.37986,5.2,12.8,8.9
-45580.45114,5.6,6.0,8.9
-45580.01002,5.6,8.6,9.3
-45580.12399,5.7,5.0,10.7
-45581.89268,5.7,5.3,10.0
-45579.92173,5.9,11.6,10.0
-45584.05589,6.1,5.1,9.3
-45582.37383,6.3,5.0,10.0
-45580.15159,6.3,5.3,10.7
-45579.9245,6.3,7.6,10.4
-45579.97594,7.7,13.1,8.9
-45580.36291,8.9,9.9,9.3
-45580.75989,3.4,8.6,9.4
-45580.0261,3.7,7.9,9.9
-45579.95422,4.1,8.5,9.4
-45580.93469,4.9,5.0,9.9
-45581.47585,5.2,5.2,9.9
-45581.05079,5.3,6.1,9.0
-45580.18017,6.0,6.2,10.4
-45580.07648,6.4,8.5,9.9
-45579.93904,6.6,5.2,10.8
-45583.12519,7.0,5.3,9.4
-45580.2279,7.1,6.0,10.3
-45580.4077,7.2,13.0,9.0
-45579.91662,9.0,9.6,10.3
-45580.01562,3.3,9.0,10.3
-45580.75323,5.7,12.9,9.0
-45580.38637,6.0,11.9,9.0
-45579.94934,6.1,11.4,9.9
-45580.14514,6.3,11.5,9.4
-45582.5222,6.6,5.1,9.9
-45580.71654,6.9,12.7,9.0
-45581.09352,7.6,5.8,9.0
-45580.29947,9.2,8.0,9.9
-45580.06396,3.2,10.3,9.4
-45580.41348,3.7,8.5,9.6
-45581.47205,4.9,5.2,9.6
-45582.31233,5.2,5.0,9.6
-45579.93403,5.3,6.3,10.5
-45583.23651,6.6,5.3,9.6
-45580.10456,6.7,6.0,10.5
-45580.54278,7.7,5.5,9.9
-45580.51528,8.1,4.9,9.4
-45580.30654,8.9,8.2,9.9
-45580.548,9.2,8.2,9.6
-45580.57548,3.3,8.4,9.7
-45580.08511,4.4,8.6,9.2
-45580.38691,4.5,5.3,9.7
-45580.01151,6.8,11.6,9.6
-45581.225,7.7,4.9,9.6
-45579.93952,8.3,5.4,9.6
-45579.99448,8.9,8.0,9.6
-45580.07561,5.1,8.5,9.2
-45582.8109,5.6,5.1,9.7
-45583.83581,6.0,5.3,9.2
-45580.99898,6.1,6.0,10.1
-45580.16938,6.1,8.6,9.7
-45583.20953,6.2,5.2,9.7
-45580.19999,6.3,8.7,9.2
-45580.15453,8.9,8.8,10.1
-45580.15211,9.2,9.4,10.1
-45580.08114,3.7,9.3,10.1
-45579.9394,4.3,9.0,10.1
-45580.93903,5.9,12.7,8.8
-45580.144,6.4,11.7,9.7
-45580.85667,6.7,12.9,8.8
-45582.03999,7.3,4.8,9.7
-45580.03962,3.3,10.1,9.1
-45579.93329,3.6,10.0,9.2
-45579.92277,4.0,10.2,9.7
-45579.92325,4.8,12.8,8.8
-45580.5301,5.4,12.6,8.7
-45580.65391,6.1,12.5,8.7
-45581.8688,7.5,5.6,9.1
-45581.08848,7.6,4.9,9.8
-45580.73453,7.8,5.7,9.2
-45579.94628,8.2,5.4,9.8
-45580.06256,8.8,8.0,9.8
-45580.09676,3.2,9.2,10.2
-45582.02397,5.3,5.0,9.8
-45580.92748,6.2,12.8,8.7
-45580.0485,6.6,8.6,9.1
-45579.91634,6.9,11.6,9.8
-45580.62879,8.0,5.5,9.1
-45579.96946,3.4,7.7,10.2
-45580.42568,3.6,8.5,9.8
-45580.86756,4.8,5.2,9.8
-45580.22697,4.9,6.1,8.7
-45580.02949,4.9,8.7,9.1
-45580.0083,5.9,8.4,9.8
-45582.60457,6.7,5.3,9.8
-45580.26467,7.0,6.2,10.2
-45583.4651,7.1,5.1,9.1
-45580.25056,7.3,13.2,8.7
-45579.96494,8.4,8.9,10.2
-45579.93855,5.6,6.2,10.6
-45583.4325,5.7,5.1,9.5
-45580.18307,6.0,8.6,9.5
-45583.67748,6.3,5.2,9.5
-45580.23599,6.5,11.7,9.5
-45582.73952,7.2,4.8,9.5
-45580.72092,3.2,8.4,9.5
-45579.99686,3.4,6.4,9.8
-45579.9402,4.1,8.1,10.2
-45580.39943,4.4,5.3,9.5
-45580.4006,4.8,5.9,9.8
-45581.92978,4.9,5.4,8.7
-45582.99191,5.2,4.8,8.7
-45581.03597,5.9,5.7,10.2
-45579.98898,6.2,6.1,10.6
-45581.46601,6.6,5.5,8.7
-45581.92876,6.7,5.8,9.8
-45581.20965,7.0,4.9,10.2
-45580.46721,7.1,6.4,9.1
-45580.4419,8.5,9.1,9.1
-45579.97834,3.2,9.9,10.2
-45580.93194,3.3,9.4,9.1
-45579.9246,4.7,8.9,9.1
-45580.55754,5.6,12.1,9.1
-45580.21069,6.0,12.3,9.8
-45580.71446,6.1,13.1,9.1
-45580.81548,6.2,12.2,9.1
-45580.14483,6.3,13.0,9.8
-45580.10773,6.8,8.8,9.1
-45579.97371,7.4,12.6,9.5
-45581.85167,7.7,5.1,8.7
-45579.92848,8.2,8.7,10.2
-45580.00427,8.3,5.2,8.7
-45580.06217,9.2,8.4,8.7
-45580.00834,4.4,5.8,9.5
-45580.30912,5.6,4.9,10.6
-45580.685,5.7,6.4,9.5
-45580.31686,6.2,5.4,10.6
-45582.33102,6.3,5.9,9.5
-45580.1916,7.0,12.1,9.5
-45579.98747,7.3,5.0,10.6
-45580.25956,4.1,8.9,9.5
-45579.94561,5.2,6.5,9.6
-45580.06856,5.3,13.2,9.5
-45580.41935,6.1,12.3,9.6
-45580.33548,6.2,13.0,9.6
-45580.32978,6.7,13.1,9.5
-45580.49912,7.2,6.3,9.5
-45580.68583,3.6,9.5,9.2
-45580.23792,4.0,8.9,9.7
-45580.70085,4.9,5.9,9.6
-45580.30963,5.3,4.8,10.5
-45582.41281,6.6,5.8,9.6
-45580.16821,6.6,13.1,9.7
-45580.38302,6.7,5.5,10.5
-45580.11403,7.3,6.3,9.7
-45579.92924,9.0,7.7,9.7
-45580.15927,4.2,8.8,9.2
-45579.9856,5.3,12.0,9.2
-45579.98213,5.9,9.4,9.2
-45580.23714,6.5,8.9,9.2
-45580.70528,6.7,12.3,9.2
-45580.02673,7.1,12.1,9.7
-45579.93183,3.3,7.1,9.7
-45580.02147,3.7,9.8,10.1
-45580.25027,4.4,5.5,8.8
-45580.14265,4.5,5.8,9.7
-45581.99276,5.1,5.6,8.8
-45580.99714,5.4,5.6,10.1
-45580.51538,5.6,6.4,9.7
-45583.6832,5.7,4.9,8.8
-45582.1509,6.0,5.8,9.2
-45581.62915,6.1,5.5,10.1
-45582.14128,6.2,5.9,9.7
-45582.42719,6.3,5.4,8.8
-45580.10421,6.9,6.6,9.2
-45583.30678,7.2,5.0,8.8
-45580.11722,8.7,8.6,10.1
-45580.74183,8.8,9.0,9.2
-45579.91818,8.9,10.3,10.1
-45580.01749,9.2,10.1,10.1
-45580.89482,3.2,8.8,9.4
-45580.13084,3.9,9.7,9.9
-45580.4692,5.7,12.3,9.4
-45580.00059,6.2,13.2,9.9
-45580.16489,7.7,6.0,9.9
-45579.9425,8.9,6.9,9.9
-45580.11546,9.2,7.5,9.9
-45582.04913,4.8,4.8,9.0
-45580.05415,5.5,8.9,9.4
-45580.10434,6.1,12.1,9.9
-45580.529,6.3,12.0,9.4
-45580.69722,6.6,6.4,9.9
-45582.22926,7.0,5.8,9.4
-45582.10786,7.6,5.3,9.0
-45580.47687,8.2,5.0,9.0
-45580.29027,8.8,8.4,9.0
-45579.92364,4.0,8.3,10.3
-45580.85935,5.2,5.9,9.9
-45582.99808,5.3,5.4,9.0
-45582.7559,5.6,5.5,8.9
-45580.15385,5.9,6.6,9.4
-45581.03121,6.0,4.9,10.4
-45580.90406,6.4,5.6,10.3
-45583.99412,6.7,4.9,9.0
-45580.56568,7.1,5.5,10.3
-45580.17652,7.2,12.4,9.4
-45579.92269,7.8,9.0,9.4
-45580.32346,8.4,9.3,9.4
-45580.06967,3.2,7.3,10.0
-45581.11114,4.5,4.9,8.9
-45580.10479,5.2,12.2,9.3
-45580.14507,5.4,6.7,9.3
-45581.33524,5.7,5.8,10.0
-45580.08907,6.1,6.4,9.3
-45583.67107,6.2,4.8,8.9
-45579.9601,6.3,5.8,10.7
-45580.49019,6.3,6.5,10.0
-45579.96489,6.4,9.5,9.3
-45580.37483,6.9,5.7,10.4
-45580.75303,8.9,9.2,9.3
-45580.9376,9.2,9.0,9.3
-45580.2055,3.4,9.6,10.0
-45580.67251,3.7,8.9,9.3
-45580.00801,4.1,9.5,10.0
-45580.21526,5.8,8.8,9.3
-45580.59549,6.6,12.1,9.3
-45580.28399,7.1,13.1,9.3
-45580.5091,7.2,6.1,10.0
-45583.01521,7.3,5.2,8.9
-45580.19907,8.5,8.5,8.9
-45580.59763,9.0,8.6,8.9
-45580.02694,4.0,8.3,9.9
-45580.08863,4.3,9.4,9.3
-45581.64887,4.8,4.8,9.4
-45580.17932,5.2,5.9,10.3
-45579.92693,6.4,7.0,10.3
-45580.17073,6.6,6.4,10.3
-45581.804,7.0,5.8,9.0
-45580.034,8.5,10.0,9.9
-45580.94308,3.2,8.8,9.0
-45580.0392,3.3,10.5,9.9
-45582.69893,5.3,5.4,9.4
-45580.02,5.5,8.9,9.0
-45579.92021,6.2,11.3,9.9
-45580.46953,6.3,12.0,9.0
-45582.14959,6.4,5.6,9.9
-45583.77128,6.7,4.9,9.4
-45581.57281,7.1,5.5,9.9
-45580.38096,7.2,12.4,9.0
-45581.68593,7.6,5.3,9.4
-45580.14869,8.4,9.3,9.0
-45580.25736,8.8,8.4,9.4
-45579.97019,3.6,10.4,10.0
-45579.989,5.2,12.2,8.9
-45580.71335,5.7,12.3,9.0
-45580.08161,5.8,8.8,8.9
-45580.46975,6.6,12.1,8.9
-45582.73685,7.3,5.2,9.3
-45580.16001,8.0,5.1,9.9
-45580.29466,8.2,5.0,9.4
-45580.10954,8.5,8.5,9.3
-45580.7358,9.0,8.6,9.3
-45580.64485,3.7,8.9,8.9
-45580.93318,4.5,4.9,9.3
-45583.14066,5.6,5.5,9.3
-45580.37262,5.7,5.8,10.4
-45582.35476,6.0,4.9,10.0
-45580.0959,6.0,5.4,10.7
-45584.1035,6.2,4.8,9.3
-45580.07382,6.3,6.5,10.4
-45581.34378,6.9,5.7,10.0
-45580.49864,7.1,13.1,8.9
-45580.0185,7.2,6.1,10.4
-45580.80982,8.9,9.2,8.9
-45580.96232,9.2,9.0,8.9
-45580.4951,3.6,9.8,9.5
-45580.1281,4.6,5.6,10.0
-45582.58956,5.5,5.6,9.5
-45583.24683,6.0,5.5,9.5
-45580.26462,8.6,8.6,9.5
-45580.04815,8.8,10.1,10.0
-45580.36849,3.2,9.9,9.8
-45580.09915,6.1,5.8,10.6
-45581.86561,7.7,5.1,9.1
-45580.12394,8.0,8.6,9.1
-45580.08484,8.1,5.3,9.8
-45579.9888,8.2,8.7,9.8
-45579.95387,8.8,10.3,9.5
-45580.61601,3.3,9.4,8.7
-45580.74381,6.1,13.1,8.7
-45580.03787,7.5,8.5,9.1
-45579.96781,7.6,6.2,10.2
-45580.18032,8.3,5.2,9.1
-45580.5051,9.2,8.4,9.1
-45580.00808,4.8,5.9,10.2
-45583.13651,5.2,4.8,9.1
-45580.00357,5.3,6.5,10.2
-45582.20362,5.9,5.7,9.8
-45583.16586,6.6,5.5,9.1
-45582.38284,7.0,4.9,9.8
-45580.08261,3.7,8.3,9.1
-45582.05239,4.9,5.4,9.1
-45582.17241,5.1,5.6,9.2
-45580.28173,5.6,6.4,10.1
-45579.94597,6.0,5.8,8.8
-45580.8651,6.7,5.8,10.2
-45580.20472,8.9,10.3,9.7
-45580.22116,3.2,8.2,9.2
-45579.98893,3.3,7.1,10.1
-45580.46052,4.4,5.5,9.2
-45580.171,5.1,7.0,8.8
-45582.01692,5.4,5.6,9.7
-45579.98646,5.5,8.3,9.2
-45583.94061,5.7,4.9,9.2
-45582.88125,6.1,5.5,9.7
-45581.14844,6.2,5.9,10.1
-45583.63975,6.3,5.4,9.2
-45580.63531,8.8,9.0,8.8
-45580.35333,9.2,10.1,9.7
-45580.4407,3.6,9.5,8.8
-45580.35218,3.7,9.8,9.7
-45580.04634,4.0,8.9,10.1
-45580.55034,6.7,12.3,8.8
-45583.20896,7.2,5.0,9.2
-45580.02091,7.2,7.6,8.8
-45580.09782,7.3,6.3,10.1
-45580.38126,8.7,8.6,9.7
-45580.03141,9.0,7.7,10.1
-45582.57584,5.8,5.7,9.6
-45579.94084,6.5,6.7,10.5
-45580.05432,6.5,8.9,8.8
-45579.95224,7.0,6.4,10.5
-45582.72173,7.1,4.9,9.6
-45579.91432,7.8,8.4,9.2
-45580.4876,3.3,9.9,9.6
-45580.39014,3.7,9.3,9.7
-45580.35949,4.1,9.1,9.2
-45580.05577,4.3,9.0,9.7
-45580.64967,6.7,12.9,9.2
-45580.09439,7.0,11.9,9.2
-45580.34081,7.2,6.5,9.2
-45581.05122,7.3,4.8,10.1
-45580.66063,7.8,5.7,8.8
-45580.43463,8.0,5.3,9.6
-45580.0203,8.3,8.7,9.6
-45579.96691,9.0,6.4,9.7
-45580.7452,5.7,6.2,9.2
-45579.9772,5.8,9.2,9.7
-45580.77045,5.9,12.7,9.2
-45581.89752,6.1,6.0,9.7
-45580.68584,6.3,6.1,9.2
-45580.07999,6.4,9.1,9.7
-45580.28532,6.6,12.5,9.7
-45579.98882,8.5,8.1,10.1
-45580.54093,9.2,9.4,9.7
-45580.20778,3.3,8.4,10.1
-45580.65781,3.3,9.2,9.6
-45579.96818,4.5,5.3,10.1
-45581.58436,5.6,5.1,10.1
-45583.09835,6.0,5.3,8.8
-45580.01276,6.1,8.6,10.1
-45581.90377,6.2,5.2,10.1
-45580.02736,6.3,8.7,8.8
-45580.11235,8.0,5.8,9.6
-45580.48942,8.9,8.8,9.7
-45580.12658,5.6,11.9,9.6
-45580.3569,6.1,12.9,9.6
-45580.43985,6.2,12.4,9.6
-45580.02734,6.8,9.0,9.6
-45580.39702,7.0,5.1,10.5
-45580.74869,7.1,6.2,9.6
-45579.92218,7.3,12.0,9.6
-45579.9242,7.4,5.6,10.5
-45580.32228,8.5,8.9,9.6
-45580.57317,3.6,9.3,9.5
-45580.07932,5.9,9.2,9.5
-45582.01429,6.0,6.0,9.5
-45580.36074,6.1,5.3,10.6
-45580.13578,6.5,9.1,9.5
-45580.43924,6.7,12.5,9.5
-45580.56592,8.8,8.8,9.5
-45580.14478,3.4,7.7,9.8
-45580.20765,4.2,9.0,9.5
-45580.54981,4.9,6.1,9.1
-45580.7037,5.2,6.3,9.1
-45580.9578,5.3,5.0,10.2
-45579.97983,5.9,8.4,10.2
-45579.91468,6.5,7.9,10.2
-45581.31909,6.7,5.3,10.2
-45583.29306,7.1,5.1,8.7
-45579.91138,7.2,12.0,9.8
-45580.13851,8.4,8.9,9.8
-45580.30465,8.7,9.6,9.1
-45580.06423,3.6,8.5,10.2
-45580.21784,4.8,5.2,10.2
-45580.49321,5.4,12.6,9.1
-45580.05726,5.7,11.9,9.8
-45580.94865,6.1,12.5,9.1
-45580.23418,6.3,12.4,9.8
-45580.78507,6.6,6.0,9.1
-45579.92403,6.9,9.0,9.8
-45580.83152,7.0,6.2,9.8
-45580.24371,7.3,13.2,9.1
-45581.59898,7.5,5.6,8.7
-45580.36844,7.6,4.9,10.2
-45580.33892,8.0,5.5,8.7
-45579.99001,8.8,8.0,10.2
-45580.47459,3.2,9.2,9.8
-45579.97363,5.6,8.6,8.9
-45580.70454,5.7,5.3,10.4
-45580.9026,6.0,6.2,10.0
-45580.15035,6.0,12.9,9.8
-45583.93756,6.1,5.1,8.9
-45580.88417,6.2,12.8,9.1
-45581.03493,6.3,5.0,10.4
-45579.94375,8.1,5.8,9.8
-45580.16584,8.8,9.4,10.0
-45580.33789,3.9,8.7,8.9
-45579.99566,4.2,9.2,10.0
-45580.17841,5.2,12.8,9.3
-45581.6438,5.6,6.0,9.3
-45579.94462,5.9,9.0,10.0
-45580.46331,6.2,6.3,9.3
-45580.75425,6.4,12.6,9.3
-45579.9491,6.7,11.9,10.0
-45580.33517,7.1,12.5,9.3
-45580.31582,7.2,5.4,10.4
-45580.37365,3.3,9.0,9.9
-45580.20489,3.6,9.1,10.0
-45580.4126,4.0,9.3,9.3
-45579.91506,5.1,9.1,9.4
-45580.44231,5.7,12.9,9.4
-45580.06644,6.2,11.8,9.9
-45581.41625,7.3,5.9,9.3
-45580.96367,7.6,5.8,9.4
-45580.73688,8.1,4.9,9.0
-45580.02732,9.2,6.6,9.9
-45579.94019,9.2,8.0,10.3
-45580.22394,4.9,5.0,10.3
-45581.10479,5.3,6.1,9.4
-45580.00425,5.6,12.5,9.9
-45580.43669,6.0,11.9,9.4
-45580.41375,6.9,12.7,9.4
-45579.97306,7.7,5.5,10.3
-45579.94574,8.9,8.2,10.3
-45580.72185,3.4,8.6,9.0
-45580.17975,4.1,8.5,9.0
-45579.97356,5.3,8.7,9.0
-45581.19669,6.6,5.1,10.3
-45581.15356,6.7,6.2,9.4
-45583.41325,7.0,5.3,9.0
-45580.93658,7.1,6.0,9.9
-45580.15346,7.2,13.0,9.4
-45580.11745,8.5,9.5,9.9
-45580.29061,9.0,9.6,9.9
-45580.03811,4.8,5.8,10.2
-45583.15534,5.2,4.9,9.1
-45580.53221,5.2,5.2,10.3
-45580.06453,5.3,6.4,10.2
-45582.36198,5.9,5.6,9.8
-45579.93228,6.4,8.5,10.3
-45583.49966,6.6,5.4,9.1
-45582.4005,7.0,4.8,9.8
-45580.39226,3.2,9.8,9.8
-45581.90018,4.9,5.5,9.1
-45580.14315,6.2,12.3,8.7
-45580.75616,6.7,5.9,10.2
-45581.89539,7.7,5.0,9.1
-45580.09577,8.1,5.2,9.8
-45579.91531,8.2,8.6,9.8
-45580.51792,3.3,9.5,8.7
-45580.83836,6.1,13.0,8.7
-45579.93887,7.6,6.3,10.2
-45580.08859,8.0,8.7,9.1
-45580.13506,8.3,5.3,9.1
-45580.70037,9.2,8.5,9.1
-45580.44552,3.6,9.9,9.5
-45582.40356,5.5,5.7,9.5
-45583.40092,6.0,5.4,9.5
-45580.05232,6.1,5.9,10.6
-45580.36858,8.6,8.7,9.5
-45580.09654,8.8,10.2,9.5
-45580.53213,3.3,9.8,9.6
-45582.76487,5.8,5.6,9.6
-45579.96369,6.5,6.6,10.5
-45579.93273,7.0,6.5,10.5
-45580.49431,7.0,13.2,8.8
-45582.73442,7.1,4.8,9.6
-45580.46146,8.0,5.2,9.6
-45580.59266,3.6,9.4,8.8
-45580.33126,3.7,9.9,9.7
-45580.05208,4.0,8.8,10.1
-45580.42614,6.7,12.2,8.8
-45583.16766,7.2,5.1,9.2
-45580.18962,7.3,6.2,10.1
-45580.39048,8.7,8.7,9.7
-45580.01125,9.0,7.6,10.1
-45580.55693,4.4,5.4,9.2
-45581.90025,5.1,5.7,9.2
-45579.95145,5.3,12.1,8.8
-45580.1871,5.6,6.5,10.1
-45580.0488,6.5,8.8,8.8
-45580.01056,7.8,8.5,9.2
-45580.26331,8.9,10.2,9.7
-45580.42729,3.2,8.3,9.2
-45580.98491,3.2,8.9,9.0
-45579.97994,3.3,7.0,10.1
-45580.3385,5.1,7.1,8.8
-45581.87687,5.4,5.7,9.7
-45583.90572,5.7,4.8,9.2
-45579.95967,6.0,11.3,9.4
-45580.67457,6.0,13.2,9.0
-45583.00985,6.1,5.4,9.7
-45581.28322,6.2,5.8,10.1
-45583.34062,6.3,5.5,9.2
-45580.64329,8.8,9.1,8.8
-45580.40386,9.2,10.0,9.7
-45580.08285,3.3,10.4,9.9
-45579.92687,4.0,8.2,9.9
-45581.64698,4.8,4.9,9.4
-45580.23466,5.2,5.8,10.3
-45580.03486,5.5,8.8,9.0
-45580.6602,5.7,12.2,9.0
-45580.62023,6.3,12.1,9.0
-45580.12209,6.6,6.5,10.3
-45581.43242,7.0,5.9,9.0
-45581.75075,7.6,5.2,9.4
-45580.17045,8.0,5.0,9.9
-45580.27943,8.2,5.1,9.4
-45580.00819,8.5,10.1,9.9
-45580.38896,8.8,8.5,9.4
-45582.56742,5.3,5.5,9.4
-45583.31644,5.6,5.4,9.3
-45580.05813,6.0,5.5,10.7
-45584.13516,6.2,4.9,9.3
-45582.00475,6.4,5.7,9.9
-45583.76477,6.7,4.8,9.4
-45581.46423,6.9,5.6,10.0
-45581.6623,7.1,5.4,9.9
-45580.39984,7.2,12.5,9.0
-45580.2382,8.4,9.2,9.0
-45580.7687,8.9,9.3,8.9
-45580.025,3.3,8.1,9.3
-45580.91998,4.5,4.8,9.3
-45580.30239,5.7,5.9,10.4
-45582.37887,6.0,4.8,10.0
-45580.10817,6.3,6.4,10.4
-45580.96733,9.2,9.1,8.9
-45579.93984,3.6,10.5,10.0
-45579.92174,4.2,9.8,10.0
-45580.08978,4.6,5.7,10.0
-45580.21452,5.2,12.3,8.9
-45580.07266,5.8,8.9,8.9
-45580.3196,6.6,12.0,8.9
-45582.65723,7.3,5.3,9.3
-45580.01018,8.5,8.4,9.3
-45580.07573,8.8,10.0,10.0
-45580.79934,9.0,8.7,9.3
-45580.56695,3.7,8.8,8.9
-45579.91746,5.9,9.1,10.0
-45580.72454,6.4,12.7,9.3
-45579.93425,6.7,11.8,10.0
-45580.32299,7.1,12.4,9.3
-45580.53375,7.1,13.0,8.9
-45580.26972,7.2,5.5,10.4
-45580.04596,7.2,6.0,10.4
-45580.21611,3.6,9.0,10.0
-45580.43937,4.0,9.2,9.3
-45579.98638,4.2,9.3,10.0
-45580.16817,5.2,12.9,9.3
-45580.00104,5.6,8.7,8.9
-45583.98654,6.1,5.0,8.9
-45580.99281,6.3,5.1,10.4
-45581.71217,7.3,5.8,9.3
-45580.15693,8.8,9.5,10.0
-45580.31223,3.9,8.6,8.9
-45581.31734,5.6,6.1,9.3
-45580.7587,5.7,5.2,10.4
-45580.74862,6.0,6.3,10.0
-45580.81341,6.2,6.2,9.3
-45579.97828,6.8,6.8,9.3
-45580.84197,3.4,8.7,9.0
-45580.10807,4.1,8.4,9.0
-45580.20331,4.9,5.1,10.3
-45581.33133,5.3,6.0,9.4
-45580.02743,5.3,8.6,9.0
-45579.91491,5.8,7.9,10.3
-45581.242,6.6,5.0,10.3
-45580.85378,6.7,6.3,9.4
-45580.77501,7.1,6.1,9.9
-45580.14161,7.2,13.1,9.4
-45580.36317,3.3,9.1,9.9
-45580.49069,5.2,5.3,10.3
-45580.46591,5.7,12.8,9.4
-45580.0839,6.2,11.9,9.9
-45579.94818,6.4,8.4,10.3
-45583.56478,7.0,5.2,9.0
-45580.6781,7.6,5.9,9.4
-45580.70967,8.1,4.8,9.0
-45580.1266,8.5,9.4,9.9
-45580.28061,9.0,9.7,9.9
-45579.95667,9.2,8.1,10.3
-45580.64655,3.3,9.3,9.6
-45580.0829,5.6,11.8,9.6
-45580.00991,5.6,12.4,9.9
-45580.36691,6.0,11.8,9.4
-45580.38744,6.1,12.8,9.6
-45580.44347,6.2,12.5,9.6
-45579.99068,6.8,9.1,9.6
-45580.41844,6.9,12.6,9.4
-45580.42682,7.0,5.0,10.5
-45580.53266,7.1,6.3,9.6
-45579.95658,7.3,12.1,9.6
-45579.99492,7.7,5.4,10.3
-45579.93806,8.0,5.9,9.6
-45580.3056,8.5,8.8,9.6
-45579.95754,8.9,8.3,10.3
-45580.05124,9.2,6.7,9.9
-45580.21595,3.3,8.5,10.1
-45579.97982,4.5,5.2,10.1
-45580.4915,5.7,6.3,9.2
-45581.66144,6.1,6.1,9.7
-45581.13721,6.3,6.0,9.2
-45579.98188,7.6,13.2,9.2
-45580.4808,8.9,8.9,9.7
-45580.52551,9.2,9.5,9.7
-45580.03802,4.3,9.1,9.7
-45581.627,5.6,5.0,10.1
-45583.50221,6.0,5.2,8.8
-45579.99103,6.1,8.7,10.1
-45581.82952,6.2,5.3,10.1
-45579.97851,6.3,8.6,8.8
-45580.68167,6.7,12.8,9.2
-45579.97103,9.0,6.5,9.7
-45580.39603,3.7,9.2,9.7
-45580.332,4.1,9.0,9.2
-45580.49358,5.4,12.7,9.1
-45580.02854,5.7,11.8,9.8
-45579.94636,5.8,9.3,9.7
-45580.79771,5.9,12.6,9.2
-45580.9265,6.1,12.4,9.1
-45580.23056,6.3,12.5,9.8
-45580.11451,6.4,9.0,9.7
-45580.28745,6.6,12.4,9.7
-45580.5926,7.2,6.4,9.2
-45581.03252,7.3,4.9,10.1
-45581.3812,7.5,5.7,8.7
-45580.3813,7.6,4.8,10.2
-45580.86782,7.8,5.6,8.8
-45580.53624,8.0,5.4,8.7
-45579.93635,8.5,8.0,10.1
-45580.00807,8.8,8.1,10.2
-45580.46227,3.2,9.3,9.8
-45580.08647,3.4,7.6,9.8
-45580.73126,4.9,6.0,9.1
-45580.17374,6.0,12.8,9.8
-45580.83093,6.2,12.9,9.1
-45579.93077,7.2,12.1,9.8
-45580.1496,8.4,8.8,9.8
-45580.05482,8.7,9.7,9.1
-45580.91397,5.2,6.2,9.1
-45580.92291,5.3,5.1,10.2
-45579.97095,5.9,8.5,10.2
-45580.35344,6.6,6.1,9.1
-45579.92935,6.6,8.7,8.7
-45581.38397,6.7,5.2,10.2
-45583.33683,7.1,5.0,8.7
-45580.05742,3.6,8.4,10.2
-45580.58236,3.6,9.2,9.5
-45580.20787,4.2,9.1,9.5
-45580.19518,4.8,5.3,10.2
-45579.98477,5.3,11.9,9.5
-45580.03266,5.9,9.3,9.5
-45580.40662,6.1,5.2,10.6
-45580.17547,6.5,9.0,9.5
-45580.43404,6.7,12.4,9.5
-45580.55149,7.0,6.3,9.8
-45580.09136,3.7,9.2,10.1
-45579.92727,4.3,9.1,10.1
-45581.71259,6.0,6.1,9.5
-45580.09937,6.4,11.6,9.7
-45580.887,6.7,12.8,8.8
-45580.56072,8.8,8.9,9.5
-45579.94367,4.8,12.9,8.8
-45580.90518,5.9,12.6,8.8
-45582.02474,7.3,4.9,9.7
-45580.0374,7.6,13.2,8.8
-45580.99161,7.8,5.6,9.2
-45580.5896,3.3,8.5,9.7
-45580.06727,4.4,8.7,9.2
-45580.40865,4.5,5.2,9.7
-45580.02168,5.1,8.4,9.2
-45582.85238,5.6,5.0,9.7
-45580.86238,6.1,6.1,10.1
-45580.11928,6.3,8.6,9.2
-45580.14309,9.2,9.5,10.1
-45583.99755,6.0,5.2,9.2
-45580.17865,6.1,8.7,9.7
-45583.1283,6.2,5.3,9.7
-45580.07081,6.8,11.7,9.6
-45581.23189,7.7,4.8,9.6
-45580.13981,8.9,8.1,9.6
-45580.14602,8.9,8.9,10.1
-45580.60737,9.2,8.3,9.6
-45580.3268,3.7,8.4,9.6
-45581.41654,4.9,5.3,9.6
-45582.27645,5.2,5.1,9.6
-45579.94487,5.3,6.2,10.5
-45579.96148,5.8,8.5,9.6
-45579.91772,5.9,6.8,10.5
-45580.22948,6.0,8.7,9.5
-45583.57727,6.3,5.3,9.5
-45579.91295,6.5,7.5,10.5
-45583.31902,6.6,5.2,9.6
-45580.06556,6.7,6.1,10.5
-45579.91997,8.3,5.5,9.6
-45580.75782,3.2,8.5,9.5
-45580.42891,4.4,5.2,9.5
-45581.98536,5.3,5.1,9.8
-45579.92958,5.6,6.3,10.6
-45583.47677,5.7,5.0,9.5
-45580.01655,6.2,6.0,10.6
-45580.16739,6.5,11.6,9.5
-45580.11087,6.6,8.7,9.1
-45582.72984,7.2,4.9,9.5
-45579.95347,3.4,7.6,10.2
-45580.42002,3.6,8.4,9.8
-45580.83645,4.8,5.3,9.8
-45580.56789,4.9,6.0,8.7
-45580.08736,4.9,8.6,9.1
-45579.95783,5.2,6.2,8.7
-45580.06358,5.9,8.5,9.8
-45582.68396,6.7,5.2,9.8
-45580.18725,7.0,6.3,10.2
-45583.5095,7.1,5.0,9.1
-45579.97074,8.4,8.8,10.2
-45580.08562,3.2,9.3,10.2
-45580.28482,3.3,10.0,9.1
-45580.57346,5.4,12.7,8.7
-45580.42587,6.1,12.4,8.7
-45579.95177,6.9,11.7,9.8
-45580.30137,7.1,7.6,8.7
-45581.58479,7.5,5.7,9.1
-45581.10273,7.6,4.8,9.8
-45580.762,8.0,5.4,9.1
-45579.93218,8.2,5.5,9.8
-45580.16981,8.8,8.1,9.8
-45580.03622,5.6,8.7,9.3
-45580.10437,5.7,5.1,10.7
-45581.96219,5.7,5.2,10.0
-45584.10779,6.1,5.0,9.3
-45580.9058,6.2,12.9,8.7
-45582.31881,6.3,5.1,10.0
-45580.18753,6.3,5.2,10.7
-45579.93023,6.9,8.5,10.0
-45580.19363,3.2,7.9,10.0
-45580.24564,3.9,8.6,9.3
-45579.96625,4.4,5.0,10.0
-45580.18884,5.6,6.1,8.9
-45580.13385,6.0,6.3,10.4
-45579.92914,6.3,7.7,10.4
-45580.99818,6.4,12.7,8.9
-45580.51291,7.1,12.4,8.9
-45581.15768,7.2,5.5,10.0
-45579.94961,7.7,13.0,8.9
-45579.93541,8.4,8.2,10.0
-45580.47605,8.9,9.8,9.3
-45580.00758,3.3,9.1,10.3
-45580.23172,4.0,9.2,8.9
-45580.38038,5.2,12.9,8.9
-45580.7879,5.7,12.8,9.0
-45579.94144,5.9,11.7,10.0
-45580.24313,6.0,11.8,9.0
-45579.98337,6.1,11.5,9.9
-45580.05105,6.3,11.4,9.4
-45580.07289,6.6,11.5,9.3
-45581.66242,7.3,5.8,8.9
-45580.88214,7.6,5.9,9.0
-45580.33905,9.2,8.1,9.9
-45580.20904,3.2,10.2,9.4
-45580.78386,3.4,8.7,9.4
-45579.9418,3.7,7.8,9.9
-45580.91408,4.9,5.1,9.9
-45580.71846,6.9,12.6,9.0
-45580.16212,7.1,6.1,10.3
-45580.38893,7.2,13.1,9.0
-45580.58853,7.7,5.4,9.9
-45580.51004,8.1,4.8,9.4
-45579.9223,8.7,10.6,9.9
-45580.333,8.9,8.3,9.9
-45579.91035,4.3,8.5,9.9
-45581.42376,5.2,5.3,9.9
-45581.33691,5.3,6.0,9.0
-45580.05351,6.4,8.4,9.9
-45582.56752,6.6,5.0,9.9
-45579.9204,6.6,5.3,10.8
-45583.21404,7.0,5.2,9.4
-45579.91579,4.0,8.2,10.3
-45582.06154,4.8,4.9,9.0
-45580.00313,4.8,6.2,9.0
-45580.97962,5.2,5.8,9.9
-45582.78556,5.3,5.5,9.0
-45580.0067,5.9,6.7,9.4
-45580.8088,6.4,5.7,10.3
-45580.52093,6.6,6.5,9.9
-45583.88949,6.7,4.8,9.0
-45581.91427,7.0,5.9,9.4
-45580.62303,7.1,5.4,10.3
-45580.1915,7.2,12.5,9.4
-45579.97305,7.8,9.1,9.4
-45580.33653,8.4,9.2,9.4
-45580.90113,3.2,8.9,9.4
-45580.14414,3.9,9.6,9.9
-45579.91947,5.6,13.0,9.9
-45580.44278,5.7,12.2,9.4
-45580.43947,6.0,13.2,9.4
-45580.09292,6.1,12.0,9.9
-45582.18462,7.6,5.2,9.0
-45580.03066,7.7,6.1,9.9
-45580.45775,8.2,5.1,9.0
-45580.41918,8.8,8.5,9.0
-45579.95965,8.9,6.8,9.9
-45580.09615,9.2,7.4,9.9
-45580.02082,4.1,9.4,10.0
-45580.1358,5.2,12.3,9.3
-45579.98285,5.5,8.8,9.4
-45580.22554,5.8,8.9,9.3
-45580.58493,6.3,12.1,9.4
-45580.03566,6.4,9.4,9.3
-45580.53392,6.6,12.0,9.3
-45582.89199,7.3,5.3,8.9
-45580.11133,8.5,8.4,8.9
-45580.74546,9.0,8.7,8.9
-45580.06421,3.2,7.2,10.0
-45580.1959,3.4,9.7,10.0
-45580.63589,3.7,8.8,9.3
-45579.91286,4.3,9.5,9.3
-45583.14174,5.6,5.4,8.9
-45581.05203,6.0,4.8,10.4
-45583.89792,6.2,4.9,8.9
-45580.30116,7.1,13.0,9.3
-45580.63133,7.2,6.0,10.0
-45580.73788,8.9,9.3,9.3
-45581.09306,4.5,4.8,8.9
-45580.3335,5.4,6.6,9.3
-45581.18969,5.7,5.9,10.0
-45579.93053,6.3,5.9,10.7
-45580.63047,6.3,6.4,10.0
-45580.43834,6.9,5.6,10.4
-45580.15271,7.0,12.0,9.5
-45580.93089,9.2,9.1,9.3
-45580.20517,4.1,8.8,9.5
-45580.31759,5.6,4.8,10.6
-45580.49359,5.7,6.5,9.5
-45580.26174,6.2,5.5,10.6
-45582.61582,6.3,5.8,9.5
-45580.35181,6.7,13.0,9.5
-45580.71696,7.2,6.2,9.5
-45579.97318,7.3,5.1,10.6
-45579.96499,7.4,12.7,9.5
-45580.00404,3.2,9.8,10.2
-45580.43106,5.6,12.0,9.1
-45580.20115,6.0,12.2,9.8
-45580.88963,6.2,12.3,9.1
-45580.11707,6.3,13.1,9.8
-45580.12285,6.8,8.9,9.1
-45581.89075,7.7,5.0,8.7
-45579.93556,8.2,8.6,10.2
-45580.8856,3.3,9.5,9.1
-45580.02979,3.4,6.5,9.8
-45579.97353,4.7,8.8,9.1
-45583.06967,5.2,4.9,8.7
-45580.00751,5.7,13.2,9.8
-45580.76849,6.1,13.0,9.1
-45580.2589,9.2,8.5,8.7
-45580.5156,4.8,5.8,9.8
-45581.70104,4.9,5.5,8.7
-45580.04487,5.3,6.4,9.8
-45581.13878,5.9,5.6,10.2
-45582.20237,6.6,5.4,8.7
-45581.7481,6.7,5.9,9.8
-45581.23163,7.0,4.8,10.2
-45580.19794,7.1,6.5,9.1
-45580.42286,8.5,9.0,9.1
-45580.0019,3.2,8.3,8.8
-45580.45212,4.4,5.4,8.8
-45581.73796,5.1,5.7,8.8
-45580.27725,5.6,6.5,9.7
-45581.68917,6.0,5.9,9.2
-45581.72774,6.1,5.4,10.1
-45582.36202,6.2,5.8,9.7
-45579.95001,6.9,6.7,9.2
-45579.9476,8.9,10.2,10.1
-45579.9561,3.3,7.0,9.7
-45580.72992,3.6,9.4,9.2
-45580.24419,4.0,8.8,9.7
-45580.02224,4.5,5.9,9.7
-45580.90246,5.4,5.7,10.1
-45583.49713,5.7,4.8,8.8
-45581.67871,6.3,5.5,8.8
-45580.19466,6.6,13.0,9.7
-45580.39784,7.0,13.2,9.2
-45580.34599,7.3,6.2,9.7
-45580.73447,8.8,9.1,9.2
-45580.04731,9.2,10.0,10.1
-45580.15607,4.2,8.9,9.2
-45580.1938,5.3,12.1,9.2
-45580.2316,6.5,8.8,9.2
-45580.0014,7.1,12.0,9.7
-45580.00292,3.7,9.9,10.1
-45580.92758,4.9,5.8,9.6
-45580.09145,5.2,6.4,9.6
-45580.30094,5.3,4.9,10.5
-45582.17865,6.6,5.9,9.6
-45580.44059,6.7,5.4,10.5
-45580.66407,6.7,12.2,9.2
-45583.26381,7.2,5.1,8.8
-45580.11387,8.7,8.7,10.1
-45580.33773,3.2,8.6,10.0
-45581.48411,4.7,5.0,9.3
-45579.91702,5.0,8.7,9.3
-45581.05287,5.1,5.2,10.0
-45580.10693,5.5,6.1,10.4
-45580.1455,5.6,13.2,9.6
-45580.40093,6.1,12.2,9.6
-45579.93667,6.2,9.6,9.6
-45580.30559,6.2,13.1,9.6
-45579.97094,6.3,6.8,10.4
-45580.08913,6.9,6.2,10.4
-45580.88743,3.5,9.0,8.9
-45580.73799,5.0,6.1,8.9
-45583.24525,5.4,5.2,9.3
-45579.92063,5.5,8.7,10.0
-45580.03484,6.0,8.4,10.0
-45580.05632,6.2,8.5,9.3
-45579.91225,6.5,11.5,10.0
-45583.74018,6.8,5.1,9.3
-45579.91762,3.3,10.8,9.9
-45580.03294,3.4,10.3,10.0
-45580.60798,5.5,12.4,9.0
-45580.86451,5.8,12.5,8.9
-45580.95621,6.0,12.7,9.0
-45579.97011,6.3,9.3,9.0
-45579.93487,6.6,9.2,8.9
-45580.82707,7.9,5.5,9.3
-45580.2074,9.1,8.0,10.0
-45580.6118,3.8,9.1,9.0
-45580.01617,3.9,10.2,9.9
-45580.23416,5.1,12.8,9.0
-45580.10141,5.7,9.0,9.0
-45580.06623,5.7,11.6,9.4
-45580.08037,6.9,11.9,9.0
-45582.14936,7.4,5.4,9.4
-45580.02171,7.5,5.9,10.3
-45580.10568,8.1,5.7,9.4
-45580.29819,3.7,8.7,9.9
-45580.14994,4.2,5.1,9.4
-45580.02429,5.8,8.6,9.9
-45583.63046,5.9,5.3,9.4
-45580.26767,6.4,6.3,10.3
-45583.91252,6.5,5.0,9.4
-45579.93069,6.6,6.9,10.3
-45580.35238,8.6,9.4,9.0
-45580.14827,8.7,9.9,9.9
-45579.99546,9.0,8.8,10.3
-45580.3329,3.5,10.1,9.7
-45580.45145,5.8,6.0,10.3
-45580.70371,6.5,12.4,8.8
-45579.91719,6.7,9.0,8.8
-45579.95193,7.2,8.3,9.2
-45581.58861,7.3,5.6,9.7
-45581.51366,7.8,4.9,9.2
-45579.9116,8.4,5.4,9.2
-45580.87069,3.4,9.2,8.8
-45583.66353,5.5,5.0,9.2
-45579.92205,5.8,11.4,9.7
-45579.96152,6.7,11.6,9.2
-45579.95609,6.8,8.6,9.7
-45580.67852,7.0,12.7,8.8
-45580.44186,9.0,8.2,9.7
-45580.2921,3.8,8.5,9.2
-45581.22947,4.6,5.2,9.2
-45579.9621,4.7,6.1,10.1
-45581.58479,5.0,5.0,9.7
-45580.26035,5.4,6.3,10.1
-45579.93391,5.7,8.4,9.2
-45580.79512,6.8,6.0,10.1
-45583.50586,6.9,5.3,9.2
-45580.79212,7.7,5.7,9.6
-45580.07653,8.9,9.6,10.1
-45580.12028,3.9,10.0,9.6
-45579.91368,5.9,7.7,10.5
-45580.14135,6.1,11.6,9.6
-45580.22225,6.4,8.7,9.6
-45580.37385,3.4,10.1,9.5
-45582.28711,5.1,5.0,9.5
-45580.00284,5.9,11.4,9.5
-45579.91098,6.1,7.5,10.6
-45582.19674,7.2,5.6,9.5
-45580.46309,9.1,8.2,9.5
-45580.34928,3.5,8.4,9.1
-45580.27842,4.0,8.7,9.1
-45579.99884,4.2,8.6,9.8
-45580.41939,4.3,5.3,9.1
-45584.01729,5.8,5.1,9.1
-45580.48088,5.9,6.2,10.2
-45580.61438,6.5,6.1,10.2
-45580.09986,6.5,8.7,9.8
-45580.21944,9.0,9.9,9.1
-45580.04272,9.1,9.4,10.2
-45580.13168,5.2,8.5,9.1
-45580.04842,6.0,11.6,9.8
-45580.23913,6.2,11.7,9.1
-45584.01574,6.4,5.2,9.1
-45580.25517,8.7,8.8,8.7
-45580.68797,3.4,9.4,9.5
-45580.18771,3.8,10.0,9.8
-45580.07944,4.1,9.7,9.5
-45579.9246,6.2,9.1,8.7
-45580.47799,6.5,12.2,9.5
-45580.62219,6.8,12.5,8.7
-45582.51404,7.5,4.8,9.1
-45580.71815,7.6,5.7,9.8
-45580.26597,3.8,9.5,9.8
-45579.96117,4.4,8.8,9.8
-45579.98852,5.1,6.5,9.5
-45580.40291,5.4,13.2,9.1
-45580.03277,5.6,5.7,10.6
-45580.41686,5.9,12.1,9.5
-45580.0687,6.3,6.7,9.5
-45580.14557,6.7,8.8,9.5
-45580.60418,6.8,13.1,9.1
-45580.24841,7.5,6.3,9.1
-45580.15425,8.2,9.1,9.5
-45580.05984,3.4,8.2,10.2
-45580.00214,5.5,12.0,9.8
-45580.20742,6.1,8.8,9.1
-45580.09998,6.3,8.9,9.8
-45581.09888,6.4,5.9,9.1
-45580.21994,6.7,6.6,9.8
-45580.08312,6.9,12.3,9.8
-45580.63793,7.4,5.0,10.2
-45580.34245,8.9,8.6,8.7
-45581.91198,5.2,5.6,8.7
-45581.61169,5.9,4.9,10.2
-45581.35532,6.5,5.4,10.2
-45579.91109,6.7,8.0,10.2
-45580.01902,4.6,5.9,9.2
-45581.41141,5.4,4.8,10.1
-45581.09645,5.7,5.7,8.8
-45579.97261,6.2,8.1,10.1
-45581.37903,6.8,5.5,10.1
-45580.74193,7.0,5.7,10.2
-45580.25973,7.3,12.6,9.1
-45579.91442,7.6,12.7,9.2
-45580.05969,8.1,9.0,9.2
-45580.10679,8.3,9.1,9.7
-45580.25463,8.6,9.0,9.8
-45580.89464,9.0,9.2,9.1
-45580.0759,3.9,8.3,10.1
-45580.19059,4.7,5.4,10.1
-45582.89267,5.1,4.8,8.8
-45580.36229,5.5,6.5,9.2
-45580.21172,5.8,12.1,9.7
-45580.33718,6.2,6.7,9.7
-45580.10439,6.6,8.8,9.7
-45582.25968,6.9,5.8,9.2
-45580.46655,3.5,9.4,9.7
-45580.18003,4.0,9.7,9.7
-45580.30718,6.4,12.2,9.7
-45580.67389,6.5,13.0,9.2
-45580.07776,7.9,5.1,10.1
-45579.99498,8.4,8.7,8.8
-45579.9674,8.7,7.8,10.1
-45580.16791,9.1,8.4,8.8
-45580.07738,5.3,5.6,10.5
-45580.05748,5.4,12.0,9.6
-45580.2122,6.2,8.9,9.6
-45580.28281,6.6,6.6,9.6
-45580.28708,6.8,12.3,9.6
-45580.42404,8.7,9.0,9.6
-45579.9714,9.2,7.7,9.6
-45580.00154,3.5,6.6,9.9
-45579.92614,3.5,8.0,10.3
-45580.31163,3.9,9.5,9.6
-45580.04903,4.1,4.8,9.0
-45581.38846,4.8,5.6,9.0
-45580.89451,5.8,5.5,10.3
-45582.56211,5.9,5.8,9.4
-45581.38468,6.4,4.8,10.3
-45580.28366,6.5,6.5,9.4
-45579.94666,6.6,8.2,10.3
-45581.97649,6.7,5.7,9.0
-45580.31998,7.0,6.6,9.4
-45580.22966,8.7,9.2,9.9
-45580.80918,9.1,9.0,9.4
-45580.77757,3.2,9.6,9.4
-45580.19443,3.9,8.9,9.9
-45579.97936,5.1,12.2,9.4
-45579.92483,5.4,12.2,9.9
-45579.95326,5.6,8.8,9.9
-45580.03178,6.0,9.4,9.4
-45580.02,6.8,12.1,9.9
-45580.67366,7.4,6.1,9.4
-45579.94159,7.4,8.7,9.0
-45580.26258,7.5,5.2,10.3
-45580.02511,8.9,7.7,9.9
-45580.28643,3.4,8.8,10.0
-45580.453,3.7,9.7,9.3
-45580.303,5.5,13.0,9.4
-45580.51165,5.8,13.1,9.3
-45580.53609,6.4,13.2,9.3
-45580.06581,9.1,7.5,10.0
-45580.16774,4.5,5.7,8.9
-45582.35401,5.0,5.4,8.9
-45579.99915,5.9,12.3,10.0
-45579.99573,6.5,12.0,10.0
-45580.54574,6.8,6.4,9.3
-45579.94907,7.1,8.8,9.3
-45579.97916,7.5,12.8,9.3
-45580.54592,5.1,5.9,10.0
-45581.81036,5.4,5.9,9.3
-45580.50782,5.5,5.4,10.4
-45580.19603,5.7,6.6,10.0
-45579.91394,5.7,8.0,10.4
-45580.54343,6.0,5.7,10.4
-45581.56772,6.2,5.6,8.9
-45579.91068,6.3,8.3,10.4
-45580.77554,6.9,4.9,10.4
-45581.02827,7.5,5.2,9.9
-45580.06487,8.0,9.2,9.3
-45579.9495,8.2,9.3,10.0
-45579.99907,8.3,8.5,9.9
-45580.80971,3.2,9.6,9.0
-45579.9326,3.9,8.9,10.3
-45580.58462,5.5,13.0,9.0
-45582.1137,5.8,5.5,9.9
-45582.75065,6.4,4.8,9.9
-45582.77854,6.7,5.7,9.4
-45580.91735,7.4,6.1,9.0
-45579.93123,8.7,9.2,10.3
-45580.98106,9.1,9.0,9.0
-45580.25781,3.5,8.0,9.9
-45579.97294,4.1,4.8,9.4
-45579.92371,4.3,4.9,9.9
-45581.2197,4.8,5.6,9.4
-45579.95443,5.8,4.8,10.8
-45581.24276,5.9,5.8,9.0
-45580.11465,9.0,10.3,9.9
-45580.10684,3.8,8.1,10.0
-45580.32559,4.5,5.7,9.3
-45580.26392,4.6,4.8,10.0
-45582.12059,5.0,5.4,9.3
-45579.99086,5.1,5.9,10.4
-45581.2646,5.4,5.9,8.9
-45581.56936,5.5,5.4,10.0
-45579.9874,5.7,6.6,10.4
-45583.13742,6.2,5.6,9.3
-45580.0282,6.3,8.3,10.0
-45581.93131,6.9,4.9,10.0
-45579.96868,6.9,5.4,10.7
-45580.12341,7.5,12.8,8.9
-45579.92263,3.4,8.8,10.4
-45579.94625,3.7,9.7,8.9
-45580.03117,5.5,4.9,10.7
-45580.72227,5.8,13.1,8.9
-45581.67387,6.0,5.7,10.0
-45579.95946,6.4,11.3,9.3
-45580.69171,6.4,13.2,8.9
-45580.31267,7.8,5.3,10.0
-45580.1576,8.6,8.4,10.0
-45579.95354,7.9,8.6,9.3
-45580.29261,9.1,10.1,9.8
-45580.43812,3.4,8.2,9.8
-45582.41737,5.2,5.6,9.1
-45580.54241,5.2,7.0,8.7
-45582.94128,5.9,4.9,9.8
-45582.66474,6.5,5.4,9.8
-45580.11148,6.7,6.6,10.2
-45581.73975,7.0,5.7,9.8
-45580.30391,7.3,12.6,8.7
-45580.00546,8.6,9.0,10.2
-45580.74999,9.0,9.2,8.7
-45579.97227,3.2,10.7,9.8
-45579.95962,3.8,9.5,10.2
-45580.41162,5.4,13.2,8.7
-45580.6559,6.8,13.1,8.7
-45581.5198,7.4,5.0,9.8
-45580.59346,8.9,8.6,9.1
-45580.00332,3.8,8.3,9.5
-45580.77869,4.6,5.4,9.5
-45583.21077,5.5,4.8,9.5
-45579.91123,6.1,6.6,10.6
-45579.99201,6.1,8.8,8.7
-45580.01717,6.8,5.8,10.6
-45582.85613,6.9,5.5,9.5
-45581.08518,7.8,5.1,9.5
-45579.93675,3.3,10.7,9.6
-45580.45328,3.4,9.9,9.2
-45580.38839,3.5,8.2,9.6
-45579.95266,3.7,10.6,9.7
-45580.08818,4.3,5.5,9.6
-45583.39253,5.8,4.9,9.6
-45580.00985,5.9,6.4,10.5
-45583.2379,6.4,5.4,9.6
-45579.92315,6.4,12.2,10.1
-45580.19553,6.5,5.9,10.5
-45582.03658,7.1,5.7,9.6
-45581.73438,7.5,5.0,9.6
-45580.56477,7.9,5.1,9.7
-45580.20953,8.4,8.7,9.2
-45580.3728,9.0,10.1,9.6
-45580.55096,9.1,8.4,9.2
-45580.10774,3.5,9.4,10.1
-45579.95524,4.0,9.7,10.1
-45579.9974,4.6,5.9,8.8
-45580.86326,6.5,13.0,8.8
-45579.94946,6.6,8.8,10.1
-45582.55292,6.8,5.5,9.7
-45579.98934,7.6,12.7,8.8
-45579.97391,8.3,9.1,10.1
-45579.94838,9.0,6.9,10.1
-45579.96467,3.9,8.3,9.7
-45580.74065,4.7,5.4,9.7
-45582.79376,5.1,4.8,9.2
-45582.53981,5.4,4.8,9.7
-45582.64283,5.7,5.7,9.2
-45580.6486,5.9,5.1,10.5
-45580.19493,6.2,6.7,10.1
-45580.62683,6.5,5.2,10.5
-45580.8398,6.9,5.8,8.8
-45580.20776,8.5,9.7,9.6
-45580.56277,9.0,9.4,9.6
-45580.24163,5.6,12.7,9.6
-45581.35671,5.8,6.2,9.6
-45580.16859,6.1,9.0,9.6
-45581.73981,6.4,6.1,9.6
-45580.24345,6.8,12.9,9.6
-45580.09327,7.4,4.8,10.5
-45579.99495,9.2,6.4,9.6
-45579.94661,3.3,6.2,9.7
-45580.58745,5.1,6.3,9.2
-45583.62977,5.5,5.0,8.8
-45579.94645,6.8,8.6,10.1
-45583.24501,6.9,5.3,8.8
-45580.1,8.2,8.9,9.2
-45580.43321,8.9,9.6,9.7
-45579.98816,3.5,10.1,10.1
-45580.25479,3.8,8.5,8.8
-45581.28482,4.6,5.2,8.8
-45580.72725,5.0,5.0,10.1
-45579.94537,5.2,12.6,9.7
-45580.48339,5.4,6.3,9.7
-45580.50642,5.9,11.9,9.2
-45580.83547,6.5,12.4,9.2
-45580.19033,6.7,9.0,9.2
-45581.65792,6.8,6.0,9.7
-45580.49663,7.0,12.7,9.2
-45580.7124,7.3,5.6,10.1
-45581.62314,7.8,4.9,8.8
-45580.1497,9.0,8.2,10.1
-45580.91035,3.4,9.2,9.2
-45580.4792,3.9,9.3,9.1
-45579.93624,4.5,9.0,9.1
-45580.0131,5.6,9.2,9.1
-45580.11147,5.7,12.7,9.8
-45580.04642,6.0,9.0,9.8
-45580.28241,6.4,12.8,9.7
-45580.74444,6.8,12.5,9.1
-45580.01444,6.9,12.9,9.8
-45582.46807,7.5,4.8,8.7
-45580.13655,7.6,5.7,10.2
-45580.02945,3.4,6.9,9.8
-45580.08085,3.5,8.4,8.7
-45579.95393,4.2,8.6,10.2
-45580.19667,4.3,5.3,8.7
-45581.23917,5.9,6.2,9.8
-45580.17016,6.2,9.1,9.1
-45583.21734,6.4,5.2,8.7
-45581.47187,6.5,6.1,9.8
-45580.08247,8.4,9.7,9.8
-45580.54238,8.7,8.8,9.1
-45580.41486,9.1,9.4,9.8
-45580.14254,5.3,12.6,9.5
-45580.80419,5.5,6.3,9.5
-45583.52749,5.8,5.1,8.7
-45579.93672,6.5,8.7,10.2
-45580.47072,6.5,12.8,9.5
-45581.72407,6.9,6.0,9.5
-45579.91171,7.0,8.4,10.2
-45579.91228,7.0,9.2,9.5
-45579.93664,7.4,13.2,9.5
-45579.94621,3.2,6.2,9.5
-45580.81469,3.5,9.0,9.3
-45579.94724,5.2,9.1,9.3
-45580.16079,5.4,5.0,10.6
-45579.93883,5.9,12.9,10.0
-45580.42712,6.4,11.8,9.3
-45579.94194,6.7,12.7,10.0
-45580.2301,6.8,5.3,10.6
-45580.11637,7.8,5.8,10.0
-45580.49793,8.8,9.6,9.5
-45579.96172,9.1,6.6,10.0
-45579.94053,3.2,8.6,10.4
-45581.74581,4.7,5.0,8.9
-45580.22798,5.1,5.2,10.4
-45580.72835,5.5,6.1,10.0
-45580.65749,5.8,12.5,9.3
-45580.15105,6.3,6.8,10.0
-45580.12113,6.6,9.2,9.3
-45583.82157,6.8,5.1,8.9
-45580.64675,6.9,6.2,10.0
-45580.87651,7.9,5.5,8.9
-45580.07487,8.3,9.5,9.3
-45580.02123,3.5,7.5,9.9
-45580.63452,5.0,6.1,9.3
-45583.44409,5.4,5.2,8.9
-45584.10893,6.5,5.0,9.0
-45580.45831,8.6,9.4,9.4
-45580.36438,9.0,8.8,9.9
-45579.96709,3.7,8.7,10.3
-45580.28469,4.2,5.1,9.0
-45579.91485,4.8,8.5,9.0
-45580.02942,5.1,12.8,9.4
-45580.14074,5.7,9.0,9.4
-45581.35448,5.8,6.0,9.9
-45583.66247,5.9,5.3,9.0
-45579.94568,6.1,9.2,9.9
-45580.12417,6.2,12.6,9.9
-45580.94149,6.4,6.3,9.9
-45580.24273,6.9,11.9,9.4
-45580.53181,3.8,9.1,9.4
-45580.12303,4.4,9.2,9.4
-45580.34569,5.5,12.4,9.4
-45580.59966,6.0,12.7,9.4
-45580.09691,6.3,9.3,9.4
-45582.52496,7.4,5.4,9.0
-45580.53167,7.5,5.9,9.9
-45580.42351,3.4,9.2,9.8
-45580.28197,5.2,12.6,9.1
-45580.66791,5.4,6.3,9.1
-45580.11932,5.9,11.9,9.8
-45580.87128,6.4,12.8,9.1
-45580.21002,6.5,12.4,9.8
-45579.9879,6.7,9.0,9.8
-45580.0111,7.0,12.7,9.8
-45579.92445,7.1,9.2,9.1
-45581.88089,7.3,5.6,8.7
-45580.09307,7.8,4.9,10.2
-45579.95924,8.6,8.0,10.2
-45580.00678,9.1,7.1,9.8
-45580.21596,3.2,7.7,9.8
-45580.03212,3.8,8.5,10.2
-45579.97833,4.6,5.2,10.2
-45579.98377,4.7,6.1,9.1
-45582.62095,5.0,5.0,8.7
-45579.97602,5.1,6.3,9.8
-45581.21179,5.5,5.0,10.2
-45579.95126,5.7,8.4,10.2
-45581.09498,6.8,6.0,9.1
-45581.14178,6.9,5.3,10.2
-45580.09542,7.5,13.2,9.1
-45580.03023,8.2,8.9,9.8
-45580.61058,8.9,9.6,9.1
-45580.45809,3.8,9.3,9.5
-45580.06802,4.4,9.0,9.5
-45580.0763,5.5,11.8,9.5
-45580.01212,5.7,9.2,9.5
-45579.93088,6.3,7.9,10.2
-45580.17067,6.3,9.1,9.5
-45580.33484,6.9,12.5,9.5
-45579.91853,7.0,6.9,9.5
-45580.03031,8.0,8.8,9.1
-45579.95492,3.3,7.7,9.6
-45580.56632,3.5,9.2,9.6
-45579.92783,5.0,6.3,9.6
-45580.10129,5.1,5.0,10.5
-45580.21298,5.8,11.9,9.6
-45579.9176,6.0,7.8,10.5
-45580.42872,6.4,12.4,9.6
-45580.09344,6.6,9.0,9.6
-45580.11449,7.1,12.7,9.6
-45580.05787,7.2,5.6,10.5
-45580.16592,8.3,8.9,9.6
-45580.42321,8.6,8.8,9.5
-45581.7878,5.8,5.1,10.1
-45580.43071,5.9,6.2,9.2
-45581.88052,6.4,5.2,10.1
-45580.02009,6.5,8.7,8.8
-45580.38205,8.7,8.8,9.7
-45580.88106,9.1,9.4,9.2
-45580.17438,3.5,8.4,10.1
-45580.05632,4.0,8.7,10.1
-45579.94261,4.1,5.2,8.8
-45579.9464,5.4,11.8,9.7
-45580.66167,5.7,12.7,9.2
-45580.22654,6.0,9.0,9.2
-45580.09498,6.2,9.1,9.7
-45580.77327,6.5,6.1,9.2
-45580.21265,6.8,12.5,9.7
-45580.7158,7.5,4.8,10.1
-45581.26047,7.6,5.7,8.8
-45580.04716,9.0,9.9,10.1
-45580.26731,3.9,9.3,9.7
-45579.95791,4.5,9.0,9.7
-45580.30249,5.0,6.1,9.9
-45580.75413,5.4,5.2,10.3
-45580.04201,5.5,8.7,9.0
-45579.93328,6.2,8.5,10.3
-45581.05804,6.8,5.1,10.3
-45580.54362,6.9,12.9,9.2
-45580.00291,7.4,6.5,9.2
-45580.01121,8.3,9.5,9.9
-45580.75113,3.2,8.6,9.0
-45579.98402,4.7,5.0,10.3
-45582.84291,5.1,5.2,9.0
-45581.31442,5.5,6.1,9.4
-45580.03768,6.1,6.9,9.9
-45580.05836,6.4,11.8,9.9
-45580.52057,6.7,12.7,9.4
-45581.10465,6.9,6.2,9.4
-45580.00392,7.4,13.0,9.4
-45580.0335,8.1,9.4,9.4
-45579.93007,8.7,8.2,10.3
-45580.33166,3.5,9.0,9.9
-45580.07318,5.8,12.5,9.9
-45580.5177,5.9,12.9,9.4
-45579.9321,6.6,9.2,9.9
-45580.02782,7.0,9.0,9.4
-45580.45352,7.8,5.8,9.4
-45580.15475,3.8,9.1,10.0
-45579.9664,5.0,12.4,9.3
-45580.35537,5.4,12.8,9.3
-45580.1321,7.4,5.4,10.4
-45580.97941,7.5,5.9,9.3
-45579.99813,9.0,7.3,9.9
-45579.92834,5.7,9.0,10.0
-45581.70479,5.8,6.0,9.3
-45579.99051,6.0,12.7,10.0
-45580.14936,6.1,9.2,9.3
-45580.77022,6.2,12.6,9.3
-45580.48807,3.7,8.7,8.9
-45579.98827,5.8,8.6,8.9
-45580.80982,5.9,5.3,10.4
-45580.42982,6.4,6.3,9.3
-45580.98966,6.5,5.0,10.4
-45580.10854,8.6,9.4,10.0
-45580.82689,9.0,8.8,9.3
-45580.4417,4.3,4.9,9.3
-45580.38831,4.8,5.6,10.0
-45580.44114,5.9,5.8,10.4
-45584.07884,6.4,4.8,9.3
-45580.06016,6.5,6.5,10.4
-45581.53272,6.7,5.7,10.0
-45579.94314,7.0,6.6,10.4
-45579.98893,8.6,10.1,10.0
-45583.30813,5.8,5.5,9.3
-45580.56492,8.7,9.2,8.9
-45579.92761,9.1,9.0,10.4
-45579.92302,3.8,10.4,10.0
-45580.32688,3.9,8.9,8.9
-45580.17052,5.0,13.0,8.9
-45580.35084,5.4,12.2,8.9
-45580.01125,5.6,8.8,8.9
-45580.4683,6.8,12.1,8.9
-45579.94975,7.4,6.1,10.4
-45582.19246,7.5,5.2,9.3
-45580.00257,8.3,8.5,9.3
-45580.03274,3.5,10.5,9.9
-45579.91528,5.3,8.9,9.0
-45580.81067,5.9,12.3,9.0
-45580.49225,6.5,12.0,9.0
-45581.13547,7.8,5.3,9.4
-45579.9351,8.4,5.0,9.4
-45580.04493,8.6,8.4,9.4
-45580.16269,9.0,7.8,9.9
-45580.91728,3.4,8.8,9.0
-45581.44281,5.1,5.9,9.0
-45582.88077,6.0,5.7,9.4
-45579.96147,6.1,8.2,9.9
-45582.17652,6.2,5.6,9.9
-45583.51467,6.9,4.9,9.4
-45580.14567,7.4,12.4,9.0
-45579.91666,9.2,10.8,9.9
-45580.06495,4.5,5.7,9.9
-45581.07875,4.6,4.8,9.4
-45581.00154,5.0,5.4,9.9
-45580.32051,5.4,5.9,10.3
-45583.0581,5.5,5.4,9.4
-45579.93687,6.2,7.0,10.3
-45580.1185,6.8,6.4,10.3
-45579.92526,8.3,10.0,9.9
-45580.56169,9.0,8.4,9.6
-45580.4627,3.5,9.9,9.6
-45580.23189,3.9,9.8,9.7
-45581.83825,5.0,4.8,9.6
-45582.36691,5.6,5.7,9.6
-45579.96356,6.1,8.8,10.1
-45579.94747,6.3,6.7,10.5
-45582.69916,7.4,5.0,9.2
-45580.25387,8.5,8.7,9.6
-45580.5023,8.9,8.6,9.7
-45580.05304,3.8,9.5,8.8
-45580.23774,5.1,13.2,8.8
-45579.94938,5.5,12.0,8.8
-45580.06487,6.3,8.9,8.8
-45580.56816,6.9,12.3,8.8
-45580.15996,7.4,7.6,8.8
-45579.98103,7.5,6.3,10.1
-45579.92504,7.6,8.4,9.2
-45580.28783,8.6,9.0,8.8
-45580.03332,3.4,8.2,9.2
-45579.96732,3.5,7.1,10.1
-45580.06868,4.2,5.5,9.2
-45581.64894,5.2,5.6,9.7
-45579.98052,5.3,8.3,9.2
-45580.38005,5.8,6.4,10.1
-45584.10442,5.9,4.9,9.2
-45580.17474,6.0,6.6,10.2
-45581.12926,6.4,5.9,10.1
-45583.60629,6.5,5.4,9.2
-45582.5396,7.0,5.7,9.2
-45580.07022,8.7,10.3,9.7
-45579.91779,8.8,10.8,9.8
-45580.13096,9.0,9.2,10.1
-45580.12149,9.1,10.1,9.2
-45580.03105,3.9,8.3,9.1
-45581.45011,4.7,5.4,9.1
-45581.62519,5.1,4.8,9.8
-45583.54968,5.4,4.8,9.1
-45580.08105,5.5,6.5,10.2
-45579.92902,5.6,8.2,9.1
-45582.02854,5.7,5.7,9.8
-45583.14607,6.8,5.5,9.1
-45580.73109,6.9,5.8,10.2
-45580.35657,3.4,9.9,9.8
-45580.57306,3.5,9.4,8.7
-45581.25524,7.9,5.1,9.1
-45580.14323,8.4,8.7,9.8
-45580.49242,9.1,8.4,9.8
-45582.25723,5.3,5.6,9.5
-45579.94085,6.6,8.8,8.7
-45580.11483,7.3,8.5,9.1
-45580.33325,3.8,9.8,9.5
-45580.75016,5.2,5.6,10.1
-45583.67164,5.9,4.9,8.8
-45580.501,8.8,8.6,9.5
-45579.92453,4.3,5.8,9.7
-45580.7731,5.8,6.4,9.7
-45582.1188,6.4,5.9,9.7
-45582.55101,6.5,5.4,8.8
-45581.55612,7.0,5.7,8.8
-45579.93319,7.3,12.6,9.7
-45580.54899,8.6,9.0,9.2
-45580.48921,9.0,9.2,9.7
-45580.48707,3.8,9.5,9.2
-45579.96779,3.9,9.8,10.1
-45580.13918,5.1,13.2,9.2
-45580.33403,5.5,12.0,9.2
-45579.93839,5.7,9.4,9.2
-45580.17161,6.1,8.8,9.7
-45580.25441,6.3,8.9,9.2
-45580.56008,6.9,12.3,9.2
-45582.86317,7.4,5.0,8.8
-45580.16518,8.9,8.6,10.1
-45579.93911,9.2,6.2,9.7
-45579.99918,3.3,6.4,9.6
-45580.05555,4.4,8.8,9.2
-45580.28675,4.7,5.9,9.6
-45580.18161,5.4,6.5,9.6
-45579.96959,5.4,13.2,9.7
-45580.48237,5.5,4.8,10.5
-45580.10481,6.8,13.1,9.7
-45580.28575,6.9,5.5,10.5
-45579.98229,8.0,9.0,9.6
-45579.95757,4.3,9.6,9.6
-45580.18447,5.5,13.2,9.5
-45580.45493,6.1,6.6,9.6
-45580.32801,6.4,13.0,9.6
-45582.24436,6.8,5.8,9.6
-45580.24364,6.9,13.1,9.5
-45580.17152,7.4,6.3,9.5
-45580.73473,5.9,6.4,9.5
-45580.241,6.0,8.8,9.5
-45580.30576,6.4,5.4,10.6
-45582.29694,6.5,5.9,9.5
-45579.93487,7.1,5.7,10.6
-45580.12729,7.2,12.6,9.5
-45580.72122,9.1,9.2,9.5
-45580.82119,3.5,9.4,9.1
-45580.01786,4.2,9.6,9.8
-45580.41361,5.8,4.9,10.6
-45580.12001,6.5,13.0,9.8
-45580.01309,3.2,6.4,9.8
-45579.95562,3.4,9.9,10.2
-45581.30477,4.7,5.4,8.7
-45580.71646,5.1,4.8,10.2
-45583.2236,5.4,4.8,8.7
-45580.10831,5.5,6.5,9.8
-45580.92427,5.7,5.7,10.2
-45580.63748,5.8,12.1,9.1
-45580.47382,6.0,6.6,9.8
-45580.80262,6.4,12.2,9.1
-45580.16931,6.6,8.8,9.1
-45581.7188,6.9,5.8,9.8
-45581.14955,7.9,5.1,8.7
-45579.96555,8.1,9.0,9.8
-45579.97594,8.4,8.7,10.2
-45580.08796,9.1,8.4,10.2
-45580.24154,3.2,9.6,10.0
-45580.47522,3.9,8.9,9.3
-45580.13012,4.6,5.9,9.8
-45579.94709,6.0,8.0,10.2
-45581.87831,6.8,5.5,8.7
-45580.29983,7.4,6.1,10.0
-45580.23218,8.3,9.1,9.1
-45580.00517,5.0,13.0,9.3
-45580.29133,5.4,12.2,9.3
-45580.07095,5.6,8.8,9.3
-45579.95903,6.2,9.5,9.3
-45580.48065,6.8,12.1,9.3
-45580.53987,4.3,4.9,8.9
-45581.48093,5.9,5.8,10.0
-45579.94493,6.5,5.8,10.7
-45580.45721,6.5,6.5,10.0
-45579.9296,7.0,6.6,10.0
-45579.92703,7.3,9.1,9.3
-45582.50408,7.5,5.2,8.9
-45580.0804,8.3,8.5,8.9
-45580.04509,3.4,7.3,10.0
-45581.2316,5.1,5.9,9.4
-45583.24055,5.5,5.4,9.0
-45582.58582,5.8,5.5,8.9
-45581.67884,6.0,5.7,9.0
-45579.96464,6.1,8.2,10.3
-45583.68134,6.4,4.8,8.9
-45580.47379,6.7,5.7,10.4
-45580.60246,8.7,9.2,9.3
-45580.26497,9.1,9.0,10.0
-45581.4064,4.6,4.8,9.0
-45580.22782,5.0,5.4,10.3
-45581.11696,5.4,5.9,9.9
-45580.27836,5.7,6.6,9.4
-45580.58101,5.9,12.3,9.4
-45580.92038,6.2,5.6,10.3
-45579.92819,6.2,7.0,9.9
-45579.97311,6.7,9.4,9.4
-45580.54223,6.8,6.4,9.9
-45583.83369,6.9,4.9,9.0
-45580.00706,7.4,12.4,9.4
-45580.15546,8.2,9.3,9.4
-45580.00154,8.4,5.0,9.0
-45580.79521,3.4,8.8,9.4
-45580.21264,3.7,9.7,9.9
-45579.9234,5.3,8.9,9.4
-45579.96532,5.8,13.1,9.9
-45579.99309,6.4,13.2,9.9
-45580.4942,6.5,12.0,9.4
-45581.48336,7.8,5.3,9.0
-45579.97349,7.9,6.0,9.9
-45580.17223,8.6,8.4,9.0
-45580.06271,3.4,10.3,9.4
-45580.1318,6.5,11.5,9.4
-45580.86097,6.7,12.7,9.0
-45579.9617,7.0,9.0,9.0
-45580.23159,7.9,5.5,9.9
-45580.17655,8.7,8.2,9.9
-45579.93983,9.1,8.0,9.4
-45579.9829,3.5,9.0,10.3
-45581.84519,5.4,5.2,9.9
-45579.93215,5.5,8.7,9.4
-45580.84434,5.9,12.9,9.0
-45580.09166,6.2,8.5,9.9
-45582.31115,6.8,5.1,9.9
-45580.48678,7.8,5.8,9.0
-45580.85758,3.2,8.6,9.4
-45580.55452,4.7,5.0,9.9
-45579.99343,5.0,6.1,10.3
-45582.39187,5.1,5.2,9.4
-45580.77934,5.5,6.1,9.0
-45579.96938,6.1,6.9,10.3
-45580.32239,6.9,6.2,9.0
-45580.21692,7.4,13.0,9.0
-45579.94973,8.9,10.7,9.9
-45580.14419,3.4,7.8,10.0
-45580.57067,3.7,8.7,9.3
-45579.98668,5.8,6.0,8.9
-45580.19679,5.9,5.0,10.7
-45582.06705,5.9,5.3,10.0
-45579.91097,6.5,7.6,10.4
-45579.9815,6.7,8.4,10.0
-45579.9649,8.7,9.9,9.3
-45579.96483,9.1,10.5,10.0
-45580.04268,5.0,12.4,8.9
-45580.59527,5.4,12.8,8.9
-45580.05612,5.8,8.6,9.3
-45582.29904,6.5,5.0,10.0
-45580.12665,6.5,5.3,10.7
-45581.1447,7.5,5.9,8.9
-45580.8344,9.0,8.8,8.9
-45580.63557,3.4,8.4,9.5
-45580.09156,4.1,8.7,9.5
-45580.05317,4.2,5.3,9.5
-45579.95907,5.8,6.2,10.6
-45580.00119,6.1,9.2,8.9
-45581.00746,6.2,12.6,8.9
-45579.98587,6.4,6.1,10.6
-45580.91419,7.4,5.4,10.0
-45579.94475,8.3,5.6,9.3
-45580.52252,9.1,9.9,9.5
-45580.31304,3.8,8.5,9.8
-45580.4748,4.6,5.2,9.8
-45582.60115,5.0,5.0,9.1
-45583.63065,5.9,5.1,9.5
-45580.26048,6.3,11.7,9.5
-45583.60648,6.5,5.2,9.5
-45582.23413,7.4,4.8,9.5
-45580.05297,4.7,8.7,9.1
-45582.40346,5.5,5.0,9.8
-45580.05748,6.8,8.6,9.1
-45582.35462,6.9,5.3,9.8
-45580.0652,7.5,13.2,8.7
-45580.05939,8.9,9.6,8.7
-45579.97659,3.2,7.7,10.2
-45580.05849,3.4,9.2,10.2
-45580.03614,5.1,6.3,10.2
-45580.32782,5.2,12.6,8.7
-45580.91892,6.4,12.8,8.7
-45579.98711,6.7,11.6,9.8
-45580.57441,7.3,7.0,8.7
-45580.84577,5.7,12.7,8.8
-45580.02222,6.0,9.0,8.8
-45582.34819,7.3,5.6,9.1
-45581.54804,7.5,4.8,9.7
-45581.30082,7.6,5.7,9.2
-45580.66192,7.8,4.9,9.8
-45579.9613,9.0,8.2,9.1
-45580.04023,3.9,9.3,10.1
-45583.0603,5.8,5.1,9.7
-45580.25343,6.0,11.6,9.2
-45580.15538,6.2,11.7,9.7
-45583.18203,6.4,5.2,9.7
-45580.17422,6.5,8.7,9.2
-45580.73763,6.9,12.9,8.8
-45580.04103,7.0,8.4,9.2
-45580.52341,3.5,8.4,9.7
-45579.95081,3.7,7.6,10.1
-45580.21798,4.0,8.7,9.7
-45580.03203,4.1,5.2,9.2
-45580.11912,4.2,8.6,9.2
-45580.06679,4.3,5.3,9.7
-45580.7311,7.9,4.9,9.6
-45580.1095,8.7,8.8,10.1
-45580.41722,9.0,9.9,9.7
-45580.77606,9.1,9.4,8.8
-45582.75785,5.4,5.0,9.6
-45579.97835,5.5,6.3,10.5
-45579.92168,6.3,7.4,10.5
-45580.09632,6.6,11.6,9.6
-45583.02747,6.8,5.3,9.6
-45580.05049,6.9,6.0,10.5
-45579.93189,9.2,10.7,9.6
-45580.31211,3.2,8.9,10.0
-45580.14146,3.9,8.5,9.6
-45580.32748,3.9,9.6,9.3
-45580.97202,4.7,5.2,9.6
-45579.91321,5.5,8.8,10.0
-45579.94994,5.7,12.2,10.0
-45580.59327,6.1,12.0,9.3
-45580.01802,6.3,12.1,10.0
-45579.99482,7.6,5.2,10.4
-45580.04905,7.7,6.1,9.3
-45581.0104,8.0,5.0,8.9
-45579.93364,3.6,6.6,10.0
-45580.29439,5.3,5.5,10.4
-45580.45455,5.6,13.0,9.3
-45579.92686,5.9,8.1,10.4
-45580.96557,6.4,5.7,8.9
-45579.92146,6.5,8.2,10.4
-45580.94182,6.7,4.8,10.4
-45580.96941,7.0,5.9,10.0
-45583.023,7.1,5.4,8.9
-45580.14962,7.3,12.9,9.3
-45580.05129,8.4,9.2,10.0
-45579.95617,3.3,8.1,10.3
-45580.52098,4.6,5.7,9.0
-45579.9681,4.8,4.9,10.4
-45581.78751,5.2,5.8,9.3
-45582.17096,5.7,5.9,9.4
-45580.19823,5.9,6.7,10.0
-45580.60625,6.1,6.5,9.9
-45580.57811,6.3,6.4,9.4
-45580.09959,6.6,6.5,9.3
-45580.36908,9.2,9.1,9.9
-45580.0606,3.3,6.7,9.9
-45580.6665,3.4,9.7,9.4
-45580.28955,3.7,8.8,9.9
-45580.26789,4.1,9.4,9.4
-45580.15634,5.3,13.1,9.4
-45580.83174,5.6,5.4,10.3
-45583.93531,6.0,4.8,9.0
-45581.38034,6.2,4.9,10.3
-45580.39031,6.7,13.2,9.4
-45579.92695,6.8,8.3,10.3
-45582.61594,6.9,5.6,9.0
-45581.26722,7.2,6.0,9.4
-45580.28682,8.9,9.3,9.9
-45579.94585,4.3,9.5,9.9
-45579.99085,5.8,8.9,9.9
-45580.05851,6.6,12.0,9.9
-45580.29299,7.0,12.2,9.4
-45580.02948,7.2,8.6,9.0
-45580.45834,7.3,5.3,10.3
-45579.93059,8.5,8.4,10.3
-45579.99517,9.0,8.7,10.3
-45580.10884,3.7,8.2,10.1
-45580.41629,4.9,5.5,10.1
-45581.07832,5.2,4.9,10.1
-45580.62247,5.3,6.4,9.2
-45581.26034,5.9,5.6,8.8
-45580.50539,6.4,6.6,9.7
-45579.92512,6.4,8.0,10.1
-45581.83605,6.7,5.9,9.2
-45583.45091,7.0,4.8,8.8
-45580.02538,7.1,6.5,9.7
-45580.51516,3.3,9.5,9.7
-45580.85231,4.8,5.8,9.2
-45580.50836,5.7,13.2,9.2
-45579.97823,5.8,8.3,10.1
-45580.66042,6.3,13.1,9.2
-45581.62627,6.6,5.4,10.1
-45580.01882,7.6,6.3,9.2
-45580.23749,8.5,9.0,9.7
-45580.26566,3.2,9.8,8.8
-45580.10361,5.6,12.0,9.7
-45580.76133,6.0,12.2,9.2
-45580.23558,6.1,13.0,9.7
-45580.33232,6.2,12.3,9.7
-45579.99909,6.8,8.9,9.7
-45580.36856,7.7,5.0,10.1
-45579.91365,8.0,8.7,10.1
-45580.5863,8.1,5.2,8.8
-45580.06192,8.9,7.9,10.1
-45580.2189,9.2,8.5,10.1
-45580.65775,9.2,9.3,9.6
-45580.44609,3.7,9.4,9.6
-45580.07272,4.3,8.9,9.6
-45580.1496,5.5,5.7,10.5
-45580.52033,6.0,5.4,10.5
-45582.26691,6.1,5.9,9.6
-45580.34539,6.6,12.2,9.6
-45580.06334,6.8,6.7,9.6
-45580.03596,7.1,13.2,9.6
-45580.52726,8.9,9.1,9.6
-45579.91701,9.0,6.3,9.6
-45580.73212,3.2,9.5,9.5
-45579.96798,5.2,12.1,9.6
-45580.28292,5.7,12.0,9.5
-45580.1445,5.8,5.6,10.6
-45580.4093,6.0,13.0,9.5
-45580.53755,6.3,12.3,9.5
-45580.21312,6.4,8.8,9.6
-45580.04105,6.9,8.9,9.5
-45580.15802,7.1,4.8,10.6
-45579.97174,7.2,11.9,9.5
-45580.29843,8.4,9.0,9.5
-45580.0317,4.9,13.1,9.1
-45579.93899,5.3,12.1,9.8
-45580.25244,6.5,6.6,9.5
-45580.087,6.5,8.8,9.8
-45580.14588,6.7,12.2,9.8
-45580.35172,7.0,6.5,9.5
-45580.03833,7.1,12.0,9.1
-45580.88497,7.2,5.1,10.2
-45580.25234,8.7,8.7,8.7
-45580.35524,3.6,9.4,9.8
-45580.28201,4.0,8.8,9.1
-45580.07343,4.2,8.9,9.8
-45581.31312,5.4,5.7,8.7
-45581.48,5.7,4.8,10.2
-45581.94767,6.1,5.4,8.7
-45580.72173,6.6,13.0,9.1
-45579.92969,7.0,13.2,9.8
-45580.8774,7.3,6.2,9.1
-45579.94349,9.1,6.3,9.8
-45580.0974,3.2,8.3,10.2
-45580.37095,5.1,5.7,10.2
-45581.89388,6.0,5.9,9.8
-45581.57842,6.2,5.8,9.1
-45581.31438,6.3,5.5,10.2
-45580.05527,7.5,12.7,9.1
-45580.34809,8.8,9.1,9.8
-45580.46906,3.2,10.0,9.5
-45579.9871,5.7,11.5,9.5
-45580.11179,6.7,8.7,9.5
-45583.12274,7.0,5.0,9.5
-45581.6102,7.4,5.7,9.5
-45580.29998,8.1,5.4,9.5
-45580.68091,3.3,8.5,9.1
-45581.00935,4.5,5.2,9.1
-45580.02104,5.0,6.9,8.7
-45580.10359,5.4,8.4,9.1
-45583.87518,5.6,5.0,9.1
-45582.86143,6.0,5.2,9.8
-45580.16427,6.1,8.7,9.1
-45583.82234,6.2,5.3,9.1
-45580.76628,6.3,6.0,10.2
-45580.13394,6.3,8.6,9.8
-45580.08407,8.8,10.4,9.8
-45580.63354,8.9,8.9,8.7
-45579.91287,4.4,8.7,9.8
-45580.29967,5.7,6.3,10.2
-45579.94663,6.4,9.0,8.7
-45580.52656,9.2,9.5,8.7
-45580.2424,3.6,10.1,9.8
-45580.46051,3.7,9.2,8.7
-45579.95046,4.1,9.0,10.2
-45579.91593,4.9,12.5,8.7
-45580.26167,5.1,12.7,8.8
-45580.162,6.4,11.6,9.1
-45580.4538,6.6,12.4,8.7
-45580.04591,7.2,6.4,10.2
-45583.07727,7.3,4.9,9.1
-45580.4505,7.8,5.6,9.8
-45580.77482,3.2,9.3,8.8
-45580.96257,6.0,12.8,8.8
-45579.92391,6.1,12.4,10.1
-45580.18762,8.2,5.5,9.2
-45579.94092,8.9,7.2,10.1
-45579.97114,9.2,7.0,10.1
-45580.40029,3.3,10.0,9.7
-45580.32337,3.6,8.4,9.2
-45581.75621,4.8,5.3,9.2
-45580.21687,5.2,6.2,10.1
-45580.01549,5.8,6.8,10.1
-45580.85714,6.3,12.5,8.8
-45580.78141,6.6,6.1,10.1
-45581.07768,7.5,5.7,9.7
-45582.11896,7.6,4.8,9.2
-45580.30428,8.0,5.4,9.7
-45580.05302,9.0,10.6,9.7
-45580.13185,4.9,6.0,10.1
-45583.23772,5.3,5.1,9.2
-45579.98389,5.9,8.5,9.2
-45580.11713,6.6,8.7,9.7
-45583.85153,6.7,5.2,9.2
-45582.44278,7.1,5.0,9.7
-45579.93398,7.2,12.1,8.8
-45579.95671,8.4,8.8,8.8
-45580.01914,8.7,9.7,10.1
-45580.25087,3.7,10.1,9.6
-45580.09568,6.0,6.1,10.5
-45583.44521,6.1,5.2,9.6
-45580.21375,6.2,8.6,9.6
-45580.47455,7.9,5.6,9.6
-45580.08872,8.9,10.4,9.6
-45580.54051,9.2,9.8,9.6
-45580.82424,3.6,9.0,9.0
-45579.97361,4.2,9.3,9.0
-45580.4223,5.3,12.5,9.0
-45580.26187,5.9,11.7,9.4
-45580.04021,6.5,9.2,9.0
-45579.94104,6.6,11.5,9.9
-45580.61924,7.0,12.8,9.0
-45580.21001,7.3,5.8,10.3
-45580.05685,3.7,10.3,9.9
-45580.2153,3.9,8.6,9.9
-45580.57547,4.4,5.0,9.4
-45580.09201,5.9,9.1,9.0
-45580.3578,6.2,6.2,10.3
-45580.06546,6.7,11.8,9.0
-45582.50353,7.2,5.5,9.4
-45580.23934,8.9,9.8,9.9
-45582.73301,5.2,5.3,9.3
-45580.27814,5.6,6.1,10.3
-45579.96292,5.6,8.7,9.9
-45583.55301,5.7,5.2,9.4
-45582.70424,6.1,5.0,9.9
-45579.95462,6.1,5.3,10.8
-45583.93379,6.3,5.1,9.4
-45579.92906,6.8,6.8,10.3
-45579.96023,7.1,8.7,9.3
-45580.54876,8.8,9.5,9.0
-45580.08457,9.2,10.4,9.9
-45580.29813,3.4,8.7,10.0
-45580.04833,4.1,8.4,10.0
-45579.97668,4.3,8.5,9.3
-45582.04284,4.9,5.1,9.3
-45580.06151,5.3,6.0,10.4
-45579.92814,6.5,6.9,10.4
-45583.98805,6.6,5.0,9.3
-45580.10034,6.7,6.3,10.4
-45579.99339,7.0,5.1,10.7
-45581.66628,7.0,5.2,10.0
-45580.70871,7.1,6.1,8.9
-45580.18378,7.3,12.3,8.9
-45579.95519,8.4,9.9,10.0
-45580.01252,8.5,9.4,8.9
-45580.36718,9.0,9.7,8.9
-45580.08108,3.2,10.2,10.0
-45580.68787,5.6,12.4,8.9
-45579.97272,6.2,11.9,8.9
-45581.46904,7.7,5.4,9.3
-45579.92275,8.1,4.8,10.0
-45580.16009,8.3,4.9,9.3
-45580.21396,8.9,8.3,9.3
-45580.95934,3.3,9.1,8.9
-45581.02305,5.6,6.1,9.9
-45580.85978,6.0,6.3,9.4
-45580.15697,6.1,11.5,9.3
-45581.13892,6.2,6.2,9.9
-45580.06942,9.2,8.1,9.3
-45580.10152,3.3,7.4,9.9
-45579.94167,3.9,8.6,10.3
-45580.82269,4.4,5.0,9.0
-45583.80202,5.7,5.2,9.0
-45581.33112,6.1,5.0,10.3
-45584.09083,6.3,5.1,9.0
-45579.9954,6.9,8.5,9.0
-45580.5705,8.8,9.5,9.4
-45580.68544,3.6,9.0,9.4
-45580.13192,4.0,9.2,9.9
-45580.22269,4.2,9.3,9.4
-45580.20764,5.3,12.5,9.4
-45580.03248,5.4,9.0,9.3
-45580.16461,5.9,9.1,9.4
-45579.95259,5.9,11.7,9.0
-45579.97347,6.0,11.8,10.0
-45580.52272,6.2,11.9,9.3
-45580.10239,6.4,12.7,9.9
-45580.13075,6.5,9.2,9.4
-45580.28941,6.7,11.8,9.4
-45580.3333,7.0,12.8,9.4
-45579.91106,7.1,12.4,9.9
-45582.73274,7.2,5.5,9.0
-45580.93392,7.3,5.8,9.9
-45581.69031,7.7,5.4,8.9
-45580.07964,8.9,8.3,8.9
-45580.91581,3.3,9.1,9.3
-45579.96194,4.7,9.2,9.3
-45580.50953,5.6,12.4,9.3
-45580.00603,6.8,9.3,9.3
-45580.27356,7.6,5.9,10.0
-45580.21164,8.3,4.9,8.9
-45579.97611,3.6,7.5,10.0
-45579.96503,4.8,6.2,10.0
-45582.9639,5.2,5.3,8.9
-45583.95691,6.6,5.0,8.9
-45580.58347,7.0,5.2,10.4
-45580.11749,7.3,12.3,9.3
-45579.92437,7.9,8.9,9.3
-45580.3868,8.5,9.4,9.3
-45580.64747,9.0,9.7,9.3
-45579.91879,3.4,8.7,10.4
-45579.98626,4.3,8.5,8.9
-45582.36544,4.9,5.1,8.9
-45580.6651,5.3,6.0,10.0
-45579.9983,5.8,9.3,9.1
-45580.18424,5.9,12.6,9.8
-45580.20512,6.4,9.0,9.1
-45579.99214,6.5,6.9,10.0
-45580.85397,6.6,12.4,9.1
-45580.64658,6.7,6.3,10.0
-45579.94334,7.0,11.8,9.8
-45581.25195,7.1,6.1,9.3
-45582.99898,7.3,4.9,8.7
-45579.97977,7.8,5.6,10.2
-45580.09035,3.2,6.8,9.8
-45580.7188,3.7,9.2,9.1
-45580.12044,4.1,9.0,9.8
-45580.12241,4.3,9.1,9.1
-45579.91858,4.9,12.5,9.1
-45583.52682,5.6,5.0,8.7
-45580.88396,5.7,6.3,9.8
-45581.52025,6.0,5.2,10.2
-45579.9718,6.1,8.7,8.7
-45582.65255,6.2,5.3,8.7
-45579.96712,6.3,8.6,10.2
-45580.1199,6.7,12.8,9.8
-45579.98573,7.2,6.4,9.8
-45579.96879,8.2,9.6,9.8
-45580.83535,8.9,8.9,9.1
-45580.90014,9.2,9.5,9.1
-45580.22646,3.3,8.5,8.7
-45580.86175,4.5,5.2,8.7
-45580.27524,5.5,12.7,9.5
-45580.51644,6.0,12.4,9.5
-45580.14923,6.1,6.1,9.1
-45581.73298,6.3,6.0,9.8
-45580.46672,6.3,12.9,9.5
-45580.21754,4.8,6.0,9.5
-45579.99542,5.2,5.1,10.6
-45580.77867,5.3,6.2,9.5
-45579.96872,5.9,6.8,9.5
-45582.01914,6.2,6.0,9.6
-45580.35358,6.6,5.2,10.6
-45581.61604,6.7,6.1,9.5
-45580.3054,8.6,9.7,9.5
-45580.29432,4.0,9.0,9.6
-45580.41607,5.2,6.2,9.7
-45580.81431,5.6,6.3,9.6
-45580.58567,5.7,5.0,10.5
-45580.34943,5.8,12.6,9.6
-45580.60877,6.3,5.3,10.5
-45580.34084,6.6,12.8,9.6
-45579.95692,7.1,11.8,9.6
-45580.275,7.2,4.9,10.5
-45580.03444,7.3,6.4,9.6
-45580.06385,8.3,9.6,9.6
-45580.19536,3.6,8.4,8.8
-45581.87257,4.8,5.3,8.8
-45580.41238,4.9,6.0,9.7
-45581.58168,6.6,6.1,9.7
-45583.52845,6.7,5.2,8.8
-45580.75278,7.0,6.3,9.2
-45581.31877,7.1,5.0,10.1
-45580.16613,7.2,12.1,9.2
-45580.22525,8.4,8.8,9.2
-45580.32384,8.7,9.7,9.7
-45580.97598,3.2,9.3,9.2
-45579.94487,3.5,6.3,9.7
-45579.93536,4.6,9.0,9.2
-45583.32668,5.3,5.1,8.8
-45580.76585,6.0,12.8,9.2
-45580.27037,6.2,12.9,9.7
-45579.96808,6.6,8.7,10.1
-45580.04214,3.3,10.0,10.1
-45580.14104,5.1,12.7,9.2
-45580.04984,5.4,12.7,9.7
-45580.00432,5.5,9.2,9.2
-45580.27517,5.7,11.8,9.2
-45580.33259,6.1,12.4,9.7
-45580.88724,6.3,12.5,9.2
-45580.07678,6.9,9.1,9.2
-45579.93539,7.2,6.2,10.5
-45580.39346,7.5,5.7,10.1
-45582.25589,7.6,4.8,8.8
-45579.92346,8.0,5.4,10.1
-45579.96092,9.2,7.0,9.7
-45580.60372,3.3,8.3,9.6
-45579.9796,3.5,10.6,9.6
-45580.4594,4.5,5.4,9.6
-45581.31213,5.0,5.7,9.6
-45583.14845,5.6,4.8,9.6
-45579.96648,5.7,6.5,10.5
-45583.12836,6.2,5.5,9.6
-45580.27738,6.3,5.8,10.5
-45582.20597,7.3,5.1,9.6
-45580.13633,3.3,9.5,10.1
-45580.60285,5.7,13.2,8.8
-45580.79962,6.3,13.1,8.8
-45581.02953,7.7,5.0,9.7
-45580.612,8.1,5.2,9.2
-45579.9913,8.9,7.9,9.7
-45580.59286,9.2,8.5,9.7
-45580.69744,3.2,9.8,9.2
-45580.29767,6.0,12.2,8.8
-45579.93091,6.2,12.3,10.1
-45579.91243,6.8,8.9,10.1
-45580.09774,8.2,8.6,9.2
-45580.17071,3.7,8.2,9.7
-45580.87237,4.8,5.8,8.8
-45581.10509,4.9,5.5,9.7
-45580.2678,6.4,6.6,10.1
-45582.88343,6.6,5.4,9.7
-45579.95763,6.7,5.9,8.8
-45583.60291,7.0,4.8,9.2
-45580.03051,7.1,6.5,10.1
-45580.04808,8.5,9.0,10.1
-45582.09178,5.2,4.9,9.7
-45582.39784,5.4,5.7,9.1
-45582.75058,5.7,4.8,9.8
-45582.99276,5.9,5.6,9.2
-45583.52157,6.1,5.4,9.1
-45582.6168,6.3,5.5,9.8
-45580.09899,7.5,12.7,8.7
-45580.03025,8.8,9.1,10.2
-45580.30216,9.2,10.0,9.1
-45580.48984,3.2,8.3,9.8
-45580.11191,4.4,5.4,9.8
-45580.01714,4.9,13.1,8.7
-45581.13764,5.1,5.7,9.8
-45580.84949,6.0,5.9,10.2
-45579.963,6.9,6.7,10.2
-45580.05,3.4,10.6,9.8
-45579.93101,4.2,8.9,10.2
-45579.91254,6.5,8.8,10.2
-45581.92601,7.2,5.1,9.8
-45580.44884,8.7,8.7,9.1
-45580.14425,3.6,8.2,9.5
-45580.00423,3.6,9.4,10.2
-45581.19198,4.8,5.5,9.5
-45582.79759,5.3,4.9,9.5
-45580.02667,6.6,5.9,10.6
-45580.79897,6.6,13.0,8.7
-45583.238,6.7,5.4,9.5
-45579.97077,7.3,6.2,8.7
-45582.8068,6.4,5.7,9.3
-45582.19659,6.7,4.8,10.0
-45581.66176,7.6,5.0,9.5
-45580.15854,8.2,5.3,9.5
-45579.92104,4.2,8.3,10.0
-45580.14115,4.3,5.6,9.3
-45580.58636,4.8,4.9,10.0
-45581.69393,5.2,5.8,8.9
-45581.20115,5.3,5.5,10.0
-45579.98235,5.9,6.7,10.4
-45579.97107,6.5,8.2,10.0
-45580.0067,6.7,5.5,10.7
-45582.96978,7.1,5.4,9.3
-45580.16301,3.6,8.0,10.0
-45580.19946,6.1,12.0,8.9
-45580.1971,7.0,5.9,10.4
-45580.35656,7.3,12.9,8.9
-45580.65874,7.6,5.2,10.0
-45579.91224,7.7,8.7,9.3
-45580.84891,8.0,5.0,9.3
-45580.22986,8.8,8.5,10.0
-45579.95442,3.2,8.9,10.4
-45579.94901,4.1,9.4,9.0
-45580.40722,5.3,13.1,9.0
-45580.69396,5.6,13.0,8.9
-45580.62762,6.7,13.2,9.0
-45580.12977,7.7,6.1,8.9
-45580.58881,3.4,9.7,9.0
-45579.96577,3.7,8.8,10.3
-45580.04577,4.0,9.9,9.9
-45580.52437,7.0,12.2,9.0
-45581.32461,7.2,6.0,9.0
-45581.37003,7.3,5.3,9.9
-45580.11203,8.5,8.4,9.9
-45580.37583,9.0,8.7,9.9
-45580.34195,3.3,8.1,9.9
-45580.22947,4.5,4.8,9.9
-45580.54779,4.6,5.7,9.4
-45579.962,5.4,6.6,10.3
-45581.03085,5.7,5.9,9.0
-45580.15874,6.1,6.5,10.3
-45582.76286,6.2,4.9,9.9
-45582.82106,6.9,5.6,9.4
-45579.99738,7.6,12.8,9.0
-45580.22282,8.8,10.0,9.4
-45579.94629,8.9,9.3,10.3
-45580.01306,9.2,9.1,10.3
-45580.38288,5.1,6.3,9.4
-45583.76039,5.5,5.0,9.0
-45582.00735,5.6,5.4,9.9
-45583.93727,6.0,4.8,9.4
-45579.92955,6.1,7.8,10.3
-45579.9358,6.2,5.4,10.8
-45579.93078,8.0,8.8,9.9
-45580.33069,3.8,8.5,9.0
-45581.3389,4.6,5.2,9.0
-45579.97971,4.7,6.1,9.9
-45580.34891,5.0,5.0,10.3
-45580.43795,5.4,6.3,9.9
-45581.24799,6.8,6.0,9.9
-45583.51379,6.9,5.3,9.0
-45580.10349,8.2,8.9,9.4
-45580.26476,8.9,9.6,9.9
-45580.77732,3.4,9.2,9.4
-45580.40757,5.9,11.9,9.4
-45580.0838,6.4,12.8,9.9
-45580.6251,6.5,12.4,9.4
-45580.16619,6.7,9.0,9.4
-45580.34692,7.0,12.7,9.4
-45580.31461,7.3,5.6,10.3
-45581.64318,7.8,4.9,9.0
-45579.9543,9.0,8.2,10.3
-45580.48923,3.9,9.3,9.3
-45580.01765,4.5,9.0,9.3
-45579.94385,4.8,9.1,9.4
-45580.25228,3.5,8.4,8.9
-45580.2395,4.0,8.7,8.9
-45580.38604,4.3,5.3,8.9
-45580.04673,5.6,9.2,9.3
-45579.9173,5.7,12.7,10.0
-45579.94828,6.0,9.0,10.0
-45580.19263,6.2,9.1,9.3
-45581.04789,6.5,6.1,10.0
-45580.58081,6.8,12.5,9.3
-45582.57884,7.5,4.8,8.9
-45583.89308,5.8,5.1,8.9
-45580.86285,5.9,6.2,10.0
-45583.74846,6.4,5.2,8.9
-45580.22796,9.1,9.4,10.0
-45580.03096,3.4,6.9,10.0
-45579.9839,5.1,12.4,9.5
-45580.25552,5.5,12.8,9.5
-45581.9845,5.9,6.0,9.5
-45580.09912,6.0,9.2,9.5
-45580.5399,6.3,12.6,9.5
-45581.11318,7.4,5.9,9.5
-45579.98917,8.4,9.7,10.0
-45580.55585,8.7,8.8,9.3
-45580.89645,3.5,9.0,9.1
-45580.28522,5.8,5.3,10.6
-45580.12964,5.9,12.9,9.8
-45580.47342,6.4,5.0,10.6
-45581.08847,6.5,6.3,9.5
-45580.31157,7.8,5.8,9.8
-45580.04264,9.1,6.6,9.8
-45580.73994,9.1,8.8,9.5
-45580.82817,5.8,12.5,9.1
-45580.38364,6.4,11.8,9.1
-45580.08177,6.6,9.2,9.1
-45580.13997,6.7,12.7,9.8
-45580.66801,7.9,5.5,8.7
-45580.02432,9.1,8.0,10.2
-45580.131,3.2,8.6,10.2
-45581.6503,4.7,5.0,8.7
-45580.61651,5.1,5.2,10.2
-45583.21289,5.4,5.2,8.7
-45581.10081,5.5,6.1,9.8
-45579.95102,6.2,8.5,8.7
-45580.18967,6.3,6.8,9.8
-45580.96228,6.9,6.2,9.8
-45580.13199,3.7,8.7,10.1
-45580.22337,4.2,5.1,8.8
-45580.79081,5.0,6.1,9.1
-45579.97433,5.8,8.6,10.1
-45583.14916,5.9,5.3,8.8
-45579.99005,6.0,8.4,10.2
-45581.18538,6.4,6.3,9.7
-45583.77066,6.5,5.0,8.8
-45583.49764,6.8,5.1,8.7
-45579.94039,7.2,8.9,9.2
-45579.9502,7.7,8.8,9.1
-45579.91894,8.1,9.4,9.8
-45580.46955,8.6,9.4,9.2
-45579.98541,8.7,9.9,10.1
-45580.52621,9.0,8.8,9.7
-45580.63587,3.8,9.1,9.2
-45580.14329,5.1,12.8,9.2
-45580.51031,5.5,12.4,9.2
-45580.17453,5.7,9.0,9.2
-45581.76887,5.8,6.0,9.7
-45580.8069,6.0,12.7,9.2
-45580.04788,6.1,9.2,9.7
-45580.32825,6.2,12.6,9.7
-45580.07341,6.3,9.3,9.2
-45580.28476,6.9,11.9,9.2
-45582.45154,7.4,5.4,8.8
-45580.1003,4.4,9.2,9.2
-45581.11078,5.4,6.1,9.6
-45580.02627,5.4,12.8,9.7
-45580.38147,5.5,5.2,10.5
-45580.06593,6.2,6.8,9.6
-45580.36412,6.6,12.7,9.6
-45581.1894,6.8,6.2,9.6
-45580.46974,6.9,5.1,10.5
-45580.77499,7.5,5.9,9.7
-45579.92426,8.0,9.4,9.6
-45580.60699,9.2,9.6,9.6
-45579.91718,5.6,8.8,10.1
-45580.29104,5.8,12.9,9.6
-45579.91475,7.1,9.0,9.6
-45579.99306,7.4,8.7,9.2
-45581.44283,7.5,5.2,9.7
-45580.26072,7.9,5.8,9.6
-45579.99152,8.1,8.4,9.2
-45580.61075,3.2,9.6,8.8
-45580.07348,3.9,8.9,10.1
-45580.64253,5.5,13.0,8.8
-45582.69422,5.8,5.5,9.7
-45583.34344,6.4,4.8,9.7
-45582.63464,6.7,5.7,9.2
-45580.65974,7.4,6.1,8.8
-45580.07963,8.7,9.2,10.1
-45580.0115,8.9,7.7,10.1
-45580.23545,3.5,8.0,9.7
-45580.03986,4.1,4.8,9.2
-45580.09697,4.3,4.9,9.7
-45581.37686,4.8,5.6,9.2
-45580.33153,5.3,7.2,8.8
-45580.13759,5.9,5.8,8.8
-45580.6387,7.9,5.3,9.6
-45580.2009,8.7,8.4,9.6
-45580.22962,9.0,10.3,9.7
-45580.89377,9.1,9.0,8.8
-45582.49513,5.4,5.4,9.6
-45580.06104,5.5,5.9,10.5
-45582.74124,6.1,5.7,9.6
-45579.96223,6.2,8.3,9.6
-45583.23873,6.8,4.9,9.6
-45579.96976,6.9,6.4,10.5
-45580.1158,3.4,8.0,9.5
-45580.09376,4.2,4.9,9.5
-45581.05097,4.7,4.8,9.6
-45580.0529,5.8,5.8,10.6
-45583.19373,5.9,5.5,9.5
-45579.9257,6.4,6.5,10.6
-45583.752,6.5,4.8,9.5
-45580.18829,9.1,10.3,9.5
-45579.98679,3.8,8.1,9.8
-45580.25007,4.5,5.7,9.1
-45580.53297,4.6,4.8,9.8
-45582.32575,5.0,5.4,9.1
-45580.52977,5.4,5.9,8.7
-45580.0912,5.7,6.6,10.2
-45582.12283,7.4,5.2,9.5
-45580.12079,7.5,12.8,8.7
-45580.09613,3.4,8.8,10.2
-45580.24469,5.1,5.9,10.2
-45582.15544,5.5,5.4,9.8
-45582.2629,6.0,5.7,9.8
-45582.65822,6.2,5.6,9.1
-45580.00968,6.3,8.3,9.8
-45580.62423,6.4,13.2,8.7
-45582.55014,6.9,4.9,9.8
-45579.93528,9.1,7.5,10.2
-45580.26669,3.4,8.2,10.0
-45580.69514,5.8,13.1,8.7
-45579.93417,6.4,5.9,8.9
-45579.99645,6.7,6.6,10.4
-45580.33439,7.3,7.4,8.7
-45580.58219,7.8,5.3,9.8
-45580.10443,7.9,8.6,9.1
-45580.18278,8.6,8.4,9.8
-45580.1067,9.1,10.1,10.0
-45582.31869,5.2,5.6,9.3
-45582.28838,5.9,4.9,10.0
-45580.077,5.9,5.4,10.7
-45582.01803,6.5,5.4,10.0
-45581.2305,7.0,5.7,10.0
-45580.32794,7.3,12.6,8.9
-45580.89316,9.0,9.2,8.9
-45580.46767,5.4,13.2,8.9
-45580.1175,6.1,8.8,8.9
-45580.22967,6.5,4.9,10.7
-45580.67602,6.8,13.1,8.9
-45581.06148,7.4,5.0,10.0
-45579.97589,7.5,6.3,8.9
-45580.54061,3.4,9.9,9.4
-45579.94096,3.5,9.4,10.3
-45579.95083,3.7,10.6,9.9
-45579.93047,3.9,9.8,9.3
-45580.80864,6.5,13.0,9.0
-45580.3169,7.9,5.1,9.9
-45580.12602,8.4,8.7,9.4
-45580.63316,8.9,8.6,9.3
-45580.64772,9.1,8.4,9.4
-45580.13029,3.9,8.3,9.9
-45580.05824,4.6,5.9,9.0
-45580.46863,4.7,5.4,9.9
-45582.50261,5.1,4.8,9.4
-45581.97897,5.4,4.8,9.9
-45582.72914,5.7,5.7,9.4
-45580.06469,6.2,6.7,10.3
-45581.98453,6.8,5.5,9.9
-45581.70102,6.9,5.8,9.0
-45579.97433,7.6,12.7,9.0
-45579.91087,8.1,9.0,9.0
-45580.12106,3.8,9.5,10.0
-45579.95736,4.4,8.8,10.0
-45580.28445,5.4,13.2,9.3
-45580.46315,6.8,13.1,9.3
-45580.25046,7.4,5.0,10.4
-45580.25073,7.5,6.3,9.3
-45580.51229,8.9,8.6,8.9
-45580.41138,5.8,6.4,9.3
-45580.26874,6.1,8.8,9.3
-45579.98302,6.3,8.9,10.0
-45582.0448,6.4,5.9,9.3
-45580.23723,6.7,6.6,10.0
-45579.91205,6.9,12.3,10.0
-45580.31407,7.0,5.7,10.4
-45580.16078,7.3,12.6,9.3
-45580.1391,8.6,9.0,10.0
-45580.81655,9.0,9.2,9.3
-45580.02661,4.6,5.9,9.4
-45582.27816,5.2,5.6,8.9
-45580.87968,5.4,4.8,10.3
-45579.92063,5.6,8.2,10.3
-45582.08053,5.7,5.7,9.0
-45580.99219,5.9,4.9,10.4
-45579.96491,6.2,8.1,10.3
-45580.76933,6.5,5.4,10.4
-45579.91671,6.7,8.0,10.4
-45580.81519,6.8,5.5,10.3
-45580.10173,8.1,9.0,9.4
-45580.04473,8.3,9.1,9.9
-45580.1978,3.4,9.9,9.0
-45579.93072,3.9,8.3,10.3
-45579.9289,4.7,5.4,10.3
-45582.93398,5.1,4.8,9.0
-45580.45832,5.5,6.5,9.4
-45580.05138,5.8,12.1,9.9
-45580.06932,6.0,6.6,9.4
-45580.3228,6.2,6.7,9.9
-45580.11245,6.4,12.2,9.9
-45580.02194,6.6,8.8,9.9
-45582.34651,6.9,5.8,9.4
-45580.22551,8.4,8.7,9.0
-45580.34098,9.1,8.4,9.0
-45580.29598,3.5,9.4,9.9
-45580.08178,4.0,9.7,9.9
-45579.9886,4.2,9.6,9.4
-45580.92439,5.0,5.9,9.6
-45580.00216,5.1,5.4,10.5
-45580.40953,6.3,5.6,10.5
-45580.50532,6.5,13.0,9.4
-45580.13776,8.3,9.3,9.6
-45580.01596,9.0,6.9,9.9
-45580.59592,3.5,8.8,9.6
-45580.19845,5.6,6.6,9.6
-45580.33673,5.8,12.3,9.6
-45582.06042,6.4,4.8,10.1
-45580.33758,6.4,12.0,9.6
-45579.95047,6.6,9.4,9.6
-45580.92023,6.7,5.7,8.8
-45580.3513,8.7,9.2,9.7
-45580.94907,9.1,9.0,9.2
-45579.93648,3.5,6.6,9.7
-45580.10552,3.5,8.0,10.1
-45579.96738,4.1,4.8,8.8
-45581.28279,4.8,5.6,8.8
-45579.98949,5.6,8.8,9.7
-45581.48561,5.8,5.5,10.1
-45582.19709,5.9,5.8,9.2
-45579.99464,6.0,9.4,9.2
-45579.96757,6.6,8.2,10.1
-45580.16784,6.8,12.1,9.7
-45580.19158,7.0,6.6,9.2
-45580.63233,7.5,5.2,10.1
-45580.00836,8.3,8.5,10.1
-45579.93268,9.0,10.3,10.1
-45580.86755,3.2,9.6,9.2
-45580.29588,3.9,8.9,9.7
-45580.03414,5.1,12.2,9.2
-45580.05807,5.4,12.2,9.7
-45580.47147,5.5,13.0,9.2
-45580.64887,5.8,13.1,9.1
-45579.95163,6.2,9.5,9.7
-45580.85933,7.4,6.1,9.2
-45580.4675,3.4,8.8,9.8
-45580.26316,3.7,9.7,9.1
-45581.6951,5.4,5.9,9.1
-45580.18909,5.9,12.3,9.8
-45580.65934,6.4,13.2,9.1
-45580.16207,6.5,12.0,9.8
-45580.00781,7.1,8.8,9.1
-45580.04265,7.8,5.3,10.2
-45580.0144,8.6,8.4,10.2
-45580.05548,9.1,7.5,9.8
-45579.99295,3.8,8.1,10.2
-45580.4955,3.8,8.9,9.5
-45579.99459,4.4,9.4,9.5
-45579.98138,4.5,5.7,8.7
-45580.00142,4.6,4.8,10.2
-45582.19524,5.0,5.4,8.7
-45580.88818,5.1,5.9,9.8
-45581.00373,5.5,5.4,10.2
-45580.15873,5.7,6.6,9.8
-45581.07324,6.0,5.7,10.2
-45580.35776,6.2,5.6,8.7
-45580.00124,6.3,8.3,10.2
-45579.93384,6.8,6.4,9.1
-45581.32679,6.9,4.9,10.2
-45580.06878,7.5,12.8,9.1
-45579.9547,8.0,9.2,9.1
-45579.98916,8.2,9.3,9.8
-45580.51922,3.2,8.6,9.8
-45579.94748,4.5,8.4,9.1
-45581.67962,4.7,5.0,9.1
-45580.02519,5.0,8.7,9.1
-45579.95135,5.1,13.0,9.5
-45580.01536,5.3,6.7,9.5
-45580.37577,5.5,6.1,10.2
-45580.22953,5.5,12.2,9.5
-45580.11568,5.7,8.8,9.5
-45580.06243,6.3,6.8,10.2
-45580.00483,6.3,9.5,9.5
-45580.11422,6.6,5.7,10.6
-45580.32274,6.9,6.2,10.2
-45580.25148,6.9,12.1,9.5
-45579.92161,8.2,9.8,9.8
-45580.41991,8.6,9.2,9.5
-45580.38022,5.0,6.1,8.7
-45581.51475,5.1,5.2,9.8
-45583.44155,5.4,5.2,9.1
-45579.91996,5.5,8.7,9.8
-45580.04997,6.0,8.4,9.8
-45579.94615,6.2,8.5,9.1
-45580.00406,6.5,11.5,9.8
-45583.89963,6.8,5.1,9.1
-45579.94,7.8,5.8,10.2
-45580.19543,3.4,10.3,9.8
-45580.73961,3.5,9.0,8.7
-45580.60391,3.6,8.7,9.5
-45579.91534,3.6,10.9,9.8
-45579.93186,4.1,5.0,9.5
-45580.6513,5.8,12.5,8.7
-45580.91144,7.9,5.5,9.1
-45580.15761,8.6,9.9,9.5
-45580.34346,9.1,8.0,9.8
-45580.14194,5.9,8.6,9.5
-45580.04466,8.2,5.6,9.5
-45580.15993,9.0,8.0,9.6
-45580.67937,3.3,8.6,9.6
-45580.21732,3.5,10.3,9.6
-45580.03008,3.9,10.2,9.7
-45581.72771,5.0,5.2,9.6
-45580.27815,5.1,12.8,8.8
-45580.05914,6.1,8.4,9.6
-45579.91748,6.2,12.6,10.1
-45580.07775,6.4,11.5,9.6
-45582.42314,7.4,5.4,9.2
-45580.0098,8.1,5.7,9.2
-45579.93295,8.3,9.8,9.6
-45579.94835,3.3,10.8,9.7
-45579.99695,3.5,7.5,10.1
-45580.43422,3.8,9.1,8.8
-45580.58952,5.5,12.4,8.8
-45580.06104,5.8,8.6,9.7
-45580.96559,6.0,12.7,8.8
-45580.25606,7.5,5.9,10.1
-45580.05199,8.6,9.4,8.8
-45580.43752,3.7,8.7,9.7
-45580.25167,4.2,5.1,9.2
-45580.02036,4.8,8.5,9.2
-45580.87892,5.8,6.0,10.1
-45583.79361,5.9,5.3,9.2
-45580.58918,6.4,6.3,10.1
-45584.13997,6.5,5.0,9.2
-45579.95264,6.6,6.9,10.1
-45580.1751,9.0,8.8,10.1
-45580.18235,3.5,10.1,9.9
-45580.39715,5.9,11.9,9.0
-45580.90854,6.5,12.4,9.0
-45580.1092,6.7,9.0,9.0
-45580.6282,7.0,12.7,9.0
-45581.14942,7.3,5.6,9.9
-45581.2748,7.8,4.9,9.4
-45580.28668,8.7,9.9,9.7
-45580.33795,9.0,8.2,9.9
-45580.94291,3.4,9.2,9.0
-45580.43896,5.1,6.3,9.0
-45580.08114,5.4,6.3,10.3
-45583.37669,5.5,5.0,9.4
-45580.15779,6.7,11.6,9.4
-45579.97604,6.8,8.6,9.9
-45583.28258,6.9,5.3,9.4
-45580.04883,8.2,8.9,9.0
-45580.45675,3.5,8.4,9.3
-45580.23061,3.8,8.5,9.4
-45580.22513,4.0,8.7,9.3
-45580.04222,4.2,8.6,10.0
-45580.34982,4.3,5.3,9.3
-45581.01085,4.6,5.2,9.4
-45581.13855,5.0,5.0,9.9
-45579.98444,5.2,8.5,9.3
-45580.16602,5.9,6.2,10.4
-45583.95302,6.4,5.2,9.3
-45580.23708,6.5,6.1,10.4
-45580.39457,6.8,6.0,10.3
-45580.4601,8.7,8.8,8.9
-45580.46295,9.0,9.9,9.3
-45580.33045,3.9,9.3,8.9
-45583.8801,5.8,5.1,9.3
-45579.93762,6.0,11.6,10.0
-45580.34388,6.2,11.7,9.3
-45580.01944,6.5,8.7,10.0
-45580.03873,3.8,10.0,10.0
-45581.95408,5.6,5.9,9.6
-45580.40766,5.7,5.4,10.5
-45580.96953,6.2,6.4,9.6
-45580.08636,6.2,9.1,8.9
-45580.77686,6.3,4.9,10.5
-45580.79337,6.8,12.5,8.9
-45582.29646,7.5,4.8,9.3
-45580.42048,7.6,5.7,10.0
-45580.51082,3.5,9.7,9.6
-45580.02385,4.0,8.2,10.1
-45580.2525,4.0,9.4,9.6
-45582.06548,4.8,4.9,8.8
-45581.39669,5.2,5.8,9.7
-45579.93622,5.2,13.1,9.6
-45580.23823,6.6,13.2,9.6
-45581.81865,7.0,5.9,9.2
-45580.10545,7.1,12.2,9.6
-45580.17005,7.2,5.3,10.5
-45580.97672,7.3,6.0,9.6
-45582.56145,5.3,5.5,8.8
-45580.09147,5.6,13.0,9.7
-45580.59841,6.0,13.2,9.2
-45581.39219,6.4,5.7,10.1
-45580.55835,6.6,6.5,9.7
-45583.46197,6.7,4.8,8.8
-45581.11813,7.1,5.4,10.1
-45580.30496,7.2,12.5,9.2
-45579.92884,7.8,9.1,9.2
-45580.37113,8.4,9.2,9.2
-45581.00824,3.2,8.9,9.2
-45579.91146,3.3,10.4,10.1
-45580.2581,3.9,9.6,9.7
-45580.05244,5.5,8.8,9.2
-45580.60993,5.7,12.2,9.2
-45580.19917,5.8,8.9,9.1
-45580.25793,6.1,12.0,9.7
-45580.72488,6.3,12.1,9.2
-45580.58345,6.6,12.0,9.1
-45582.18393,7.6,5.2,8.8
-45579.9551,8.0,5.0,10.1
-45580.39299,8.2,5.1,8.8
-45580.34551,8.8,8.5,8.8
-45579.95871,9.2,7.4,9.7
-45580.3885,3.4,9.7,9.8
-45580.64275,3.7,8.8,9.1
-45580.23588,5.2,12.3,9.1
-45579.93028,6.4,9.4,9.1
-45580.02979,6.7,13.2,9.8
-45580.03127,7.0,12.2,9.8
-45580.442,7.1,13.0,9.1
-45580.97842,7.2,6.0,9.8
-45582.73024,7.3,5.3,8.7
-45580.52992,9.0,8.7,8.7
-45580.07148,3.2,7.2,9.8
-45580.10015,4.1,9.4,9.8
-45580.96253,4.5,4.8,8.7
-45579.93311,5.4,6.6,9.1
-45582.56878,5.6,5.4,8.7
-45581.68705,5.7,5.9,9.8
-45581.68793,6.0,4.8,10.2
-45583.35038,6.2,4.9,8.7
-45580.9019,6.3,6.4,9.8
-45580.91829,6.9,5.6,10.2
-45580.80187,8.9,9.3,9.1
-45581.01477,9.2,9.1,9.1
-45580.42182,3.8,9.6,9.5
-45581.87616,5.3,5.8,9.5
-45580.32038,5.7,13.0,9.5
-45580.40908,6.0,12.0,9.5
-45580.45379,6.6,4.8,10.6
-45580.48314,6.7,6.5,9.5
-45580.09052,7.2,12.9,9.5
-45580.12487,7.6,6.1,9.5
-45581.97256,7.7,5.0,8.9
-45580.84015,3.3,9.5,9.3
-45580.37966,5.6,12.0,9.3
-45580.01204,6.0,12.2,10.0
-45580.61335,6.1,13.0,9.3
-45580.76538,6.2,12.3,9.3
-45580.15965,6.8,8.9,9.3
-45580.0842,8.3,5.3,8.9
-45580.51448,9.2,8.5,8.9
-45579.93133,3.4,6.5,10.0
-45579.94937,3.6,7.1,10.0
-45580.26656,4.8,5.8,10.0
-45581.90695,4.9,5.5,8.9
-45583.21706,5.2,4.9,8.9
-45580.10502,5.3,6.4,10.0
-45580.59642,5.9,5.6,10.4
-45579.93417,6.3,13.1,10.0
-45583.03701,6.6,5.4,8.9
-45581.24519,6.7,5.9,10.0
-45580.70248,7.0,4.8,10.4
-45580.48341,7.1,6.5,9.3
-45579.9765,7.9,9.3,9.3
-45580.44518,8.5,9.0,9.3
-45580.19559,3.2,8.3,9.0
-45580.08571,3.3,7.0,9.9
-45580.18964,4.2,8.9,9.4
-45580.57141,4.4,5.4,9.0
-45579.98246,4.5,5.9,9.9
-45581.89045,5.1,5.7,9.0
-45580.46295,5.4,5.7,10.3
-45579.91239,5.5,8.2,9.0
-45580.26766,5.6,6.5,9.9
-45583.86559,5.7,4.8,9.0
-45582.25975,6.0,5.9,9.4
-45581.08691,6.1,5.4,10.3
-45581.87123,6.2,5.8,9.9
-45582.77803,6.3,5.5,9.0
-45580.19281,6.9,6.7,9.4
-45580.63006,8.8,9.1,9.4
-45580.63957,3.6,9.4,9.4
-45580.15491,4.0,8.8,9.9
-45580.10734,5.3,12.1,9.4
-45579.94953,5.9,9.5,9.4
-45580.25772,6.5,8.8,9.4
-45580.00333,6.6,13.0,9.9
-45580.49431,6.7,12.2,9.4
-45580.25446,7.0,13.2,9.4
-45583.31092,7.2,5.1,9.0
-45580.32421,7.3,6.2,9.9
-45579.95917,8.7,8.7,10.3
-45580.07073,9.0,7.6,9.9
-45580.20226,3.6,10.1,9.4
-45579.93987,3.7,9.2,10.3
-45579.92992,4.0,10.3,9.9
-45580.19105,4.1,9.0,9.0
-45579.94234,4.8,12.9,9.0
-45580.9336,5.9,12.6,9.0
-45580.43843,6.1,6.1,10.3
-45580.01127,6.4,11.6,9.9
-45580.83537,6.7,12.8,9.0
-45580.21441,7.2,6.4,9.0
-45581.51808,7.3,4.9,9.9
-45580.88017,7.8,5.6,9.4
-45579.96409,9.2,9.5,10.3
-45580.42571,3.3,8.5,9.9
-45580.19296,4.5,5.2,9.9
-45580.74688,4.9,6.0,8.9
-45582.25596,5.6,5.0,9.9
-45580.02329,5.9,8.5,10.0
-45583.7989,6.0,5.2,9.4
-45580.08429,6.1,8.7,9.9
-45580.01637,6.2,5.0,10.8
-45582.51922,6.2,5.3,9.9
-45579.9739,6.3,6.0,9.0
-45580.20402,6.3,8.6,9.4
-45582.03564,6.7,5.2,10.0
-45580.05847,7.6,13.2,9.0
-45579.97938,8.9,8.9,10.3
-45580.51442,4.8,5.3,10.0
-45579.95414,4.9,8.6,9.3
-45580.61253,5.2,6.2,8.9
-45581.44109,5.3,5.1,10.0
-45580.16648,6.6,8.7,9.3
-45580.13201,6.7,5.1,10.7
-45583.29496,7.1,5.0,9.3
-45580.44032,3.3,10.0,9.3
-45580.25157,3.6,8.4,10.0
-45580.59232,5.4,12.7,8.9
-45580.03308,7.0,6.3,10.4
-45581.54163,7.5,5.7,9.3
-45580.72744,7.6,4.8,10.0
-45580.66445,8.0,5.4,9.3
-45580.16629,8.8,8.1,10.0
-45579.93152,3.2,9.3,10.4
-45580.09188,5.6,8.7,9.1
-45582.6038,5.7,5.2,9.8
-45584.20199,6.1,5.0,9.1
-45580.87138,6.1,12.4,8.9
-45580.93339,6.2,12.9,8.9
-45582.98954,6.3,5.1,9.8
-45579.98228,8.8,9.5,10.2
-45580.32348,3.2,7.9,9.8
-45580.31503,3.9,8.6,9.1
-45579.93609,4.1,10.1,9.8
-45580.15977,4.4,5.0,9.8
-45580.23568,5.4,7.5,8.7
-45580.40695,6.0,6.3,10.2
-45580.89538,6.4,12.7,8.7
-45580.43311,7.1,12.4,8.7
-45581.65711,7.2,5.5,9.8
-45580.26891,8.9,9.8,9.1
-45580.04769,3.6,9.0,10.2
-45581.43303,4.8,5.1,9.5
-45580.39116,5.2,12.9,8.7
-45582.60817,5.3,5.3,9.5
-45580.06017,5.9,11.7,9.8
-45583.55843,6.7,5.0,9.5
-45581.28543,7.3,5.8,8.7
-45580.22462,3.3,7.9,9.6
-45580.5594,4.5,5.0,9.6
-45580.0529,5.7,6.1,10.5
-45580.12394,5.8,11.7,9.6
-45579.91798,6.0,7.6,10.5
-45580.09545,6.0,11.5,9.5
-45580.06719,6.3,6.2,10.5
-45579.95131,6.6,6.3,10.6
-45579.98829,7.2,5.8,10.5
-45581.91123,7.3,5.5,9.6
-45581.44829,7.6,5.4,9.5
-45580.21823,8.2,4.9,9.5
-45580.16429,8.8,8.3,9.5
-45579.95133,3.2,10.2,9.2
-45580.17486,3.3,9.1,10.1
-45583.00971,5.6,5.2,9.6
-45580.84346,5.7,12.8,8.8
-45580.0513,6.1,11.5,9.7
-45583.5294,6.2,5.1,9.6
-45579.91731,6.2,11.9,10.1
-45580.03373,6.3,11.4,9.2
-45580.73634,6.9,12.6,8.8
-45580.84192,7.6,5.9,8.8
-45580.88644,7.7,5.4,9.7
-45580.65238,8.1,4.8,9.2
-45580.42311,8.9,8.3,9.7
-45579.9115,9.2,6.7,10.1
-45580.46019,9.2,8.1,9.7
-45580.88036,3.4,8.7,9.2
-45580.04548,4.1,8.4,9.2
-45581.31268,4.9,5.1,9.7
-45580.86263,5.3,6.0,8.8
-45580.43879,7.1,6.1,10.1
-45580.42843,7.2,13.1,8.8
-45580.00821,8.5,9.4,10.1
-45579.97911,4.6,9.2,9.5
-45581.92462,5.2,5.3,9.7
-45580.04741,5.3,8.6,9.2
-45580.00857,5.5,9.0,9.5
-45580.39205,5.7,12.4,9.5
-45580.38564,6.3,11.9,9.5
-45580.05522,6.4,8.4,9.7
-45583.17199,6.6,5.0,9.7
-45579.91044,6.9,9.3,9.5
-45583.48238,7.0,5.2,9.2
-45580.08406,9.0,9.7,10.1
-45580.80237,3.2,9.1,9.5
-45580.3873,3.6,9.0,9.8
-45579.94168,5.3,12.5,9.8
-45579.99883,5.9,9.1,9.8
-45580.91415,6.4,12.7,9.1
-45579.98364,6.5,9.2,9.8
-45580.05702,6.7,11.8,9.8
-45581.24432,7.0,6.1,9.5
-45579.9897,7.0,12.8,9.8
-45580.095,7.1,5.2,10.6
-45580.45411,7.1,12.4,9.1
-45580.68474,7.2,5.5,10.2
-45580.10978,7.2,12.3,9.5
-45581.75569,7.3,5.8,9.1
-45579.96071,8.4,8.2,10.2
-45580.25928,8.4,9.4,9.5
-45580.6256,9.1,9.7,9.5
-45580.40519,4.0,9.2,9.1
-45580.04106,4.2,9.3,9.8
-45580.29372,5.2,12.9,9.1
-45581.32448,5.7,5.2,10.2
-45583.5517,6.1,5.0,8.7
-45581.6247,6.3,5.1,10.2
-45579.92207,6.9,8.5,10.2
-45579.92544,7.7,13.0,9.1
-45580.32284,8.8,9.5,9.8
-45580.01827,3.2,7.9,10.2
-45580.67411,3.4,8.7,8.8
-45580.00745,3.7,7.8,10.1
-45580.06299,3.9,8.6,8.7
-45579.97917,4.3,8.5,10.1
-45580.54817,4.9,5.1,10.1
-45580.50635,5.0,7.8,8.7
-45580.93731,5.2,5.3,10.1
-45581.45772,5.3,6.0,9.2
-45580.89031,5.6,6.1,9.1
-45581.07363,6.0,6.3,9.8
-45580.02583,6.4,8.4,10.1
-45580.35207,6.7,6.3,9.2
-45583.41722,7.0,5.2,8.8
-45581.00892,7.1,6.1,9.7
-45580.27624,7.2,13.1,9.2
-45580.45833,9.0,9.7,9.7
-45580.56707,3.3,9.1,9.7
-45580.06877,4.8,6.2,9.2
-45580.17852,5.6,12.4,9.7
-45580.63793,5.7,12.8,9.2
-45580.43483,6.0,11.8,9.2
-45581.89006,6.6,5.0,10.1
-45579.95277,7.3,12.3,9.7
-45580.79147,7.6,5.9,9.2
-45580.21063,8.5,9.4,9.7
-45580.15237,9.2,8.1,10.1
-45580.71842,6.0,5.0,10.5
-45581.21317,6.1,6.3,9.6
-45580.23179,6.2,11.9,9.7
-45580.58775,6.9,12.6,9.2
-45580.28238,7.7,5.4,10.1
-45580.64735,8.1,4.8,8.8
-45580.14769,8.9,8.3,10.1
-45580.50543,8.9,9.5,9.6
-45580.03485,9.2,6.7,9.7
-45580.6906,9.2,8.9,9.6
-45580.00725,3.3,8.5,10.3
-45580.46257,3.7,9.0,9.6
-45580.05873,4.3,9.3,9.6
-45580.01768,5.2,12.5,9.6
-45579.98485,5.5,6.9,9.4
-45580.03859,5.8,9.1,9.6
-45581.91317,6.3,6.0,9.4
-45580.08631,6.4,9.2,9.6
-45580.19965,6.6,11.8,9.6
-45580.09641,7.1,12.8,9.6
-45580.07801,4.4,8.7,9.0
-45579.91877,5.1,8.4,9.0
-45581.03853,5.6,5.0,10.3
-45580.88387,5.7,6.3,9.4
-45583.9211,6.0,5.2,9.0
-45581.31112,6.1,6.1,9.9
-45580.02208,6.3,8.6,9.0
-45580.33462,9.2,9.5,9.9
-45580.25567,3.7,9.2,9.9
-45580.32123,4.1,9.0,9.4
-45581.17627,6.2,5.3,10.3
-45580.50062,6.7,12.8,9.4
-45580.46678,7.2,6.4,9.4
-45580.32393,8.9,8.9,9.9
-45579.96943,9.0,6.5,9.9
-45580.26834,3.2,9.3,10.0
-45579.98363,4.3,9.1,9.9
-45580.36132,5.4,12.7,9.3
-45579.91238,5.7,11.8,10.0
-45580.58849,5.9,12.6,9.4
-45580.77258,6.1,12.4,9.3
-45580.02844,6.3,12.5,10.0
-45580.0008,6.4,9.0,9.9
-45580.09496,6.6,12.4,9.9
-45580.07109,7.0,11.8,9.4
-45580.58633,7.3,4.9,10.3
-45581.56733,7.5,5.7,8.9
-45580.05121,7.6,4.8,10.4
-45580.98453,7.8,5.6,9.0
-45580.73738,8.0,5.4,8.9
-45580.4631,5.3,5.1,10.4
-45579.9742,6.0,12.8,10.0
-45580.65724,6.2,12.9,9.3
-45579.92494,6.5,7.8,10.4
-45580.0582,6.6,8.7,8.9
-45579.91124,8.8,6.7,10.0
-45580.08955,3.4,7.6,10.0
-45580.60183,4.9,6.0,9.3
-45580.82348,5.2,6.2,9.3
-45581.26326,6.6,6.1,9.3
-45580.80205,6.7,5.2,10.4
-45580.41469,7.0,6.3,10.0
-45583.53847,7.1,5.0,8.9
-45580.07704,8.4,8.8,10.0
-45580.36094,8.7,9.7,9.3
-45581.74015,4.9,5.5,9.3
-45582.92854,5.2,4.9,9.3
-45579.97051,5.3,6.4,10.4
-45581.75336,5.9,5.6,10.0
-45580.01447,6.5,5.6,10.7
-45583.55434,6.6,5.4,9.3
-45580.32801,6.7,5.9,10.4
-45581.80452,7.0,4.8,10.0
-45580.25647,8.5,9.0,8.9
-45580.20887,3.2,9.8,10.0
-45580.80006,3.3,9.5,8.9
-45580.13945,5.6,12.0,8.9
-45580.86417,6.1,13.0,8.9
-45580.74566,6.2,12.3,8.9
-45580.01478,6.8,8.9,8.9
-45579.91489,7.5,8.4,9.3
-45581.68681,7.7,5.0,9.3
-45579.95891,8.0,8.7,9.3
-45579.92691,8.1,5.2,10.0
-45580.00442,8.2,8.6,10.0
-45580.09369,8.3,5.3,9.3
-45580.72264,3.6,9.4,9.0
-45579.91985,4.0,8.8,10.3
-45580.1054,4.2,8.9,9.0
-45580.49628,7.0,13.2,9.0
-45580.03427,7.3,6.2,10.3
-45580.80065,9.2,8.5,9.3
-45580.17788,3.7,9.9,9.9
-45580.02703,5.3,12.1,9.0
-45580.15457,6.5,8.8,9.0
-45582.86731,7.2,5.1,9.4
-45580.26427,8.7,8.7,9.9
-45580.61954,3.2,8.3,9.4
-45580.43987,4.4,5.4,9.4
-45581.80043,5.1,5.7,9.4
-45581.38905,5.4,5.7,9.9
-45580.05572,5.6,6.5,10.3
-45580.58538,6.0,5.9,9.0
-45580.01867,6.1,4.9,10.8
-45582.40139,6.1,5.4,9.9
-45580.72507,6.2,5.8,10.3
-45580.67952,6.7,12.2,9.0
-45580.13062,8.9,10.2,9.9
-45580.25149,9.2,10.0,9.9
-45580.73805,3.2,8.9,8.8
-45580.00001,3.9,9.6,10.1
-45583.68948,5.7,4.8,9.4
-45580.6799,6.0,13.2,8.8
-45583.39546,6.3,5.5,9.4
-45579.99209,7.7,6.1,10.1
-45580.7543,8.8,9.1,9.0
-45579.91727,8.9,6.8,10.1
-45580.16904,3.3,10.4,9.7
-45579.9985,4.3,5.6,9.7
-45581.91298,4.8,4.9,9.2
-45580.45265,5.7,12.2,8.8
-45579.91764,6.1,12.0,10.1
-45580.00504,6.3,12.1,8.8
-45582.02582,7.6,5.2,9.2
-45580.38486,8.0,5.0,9.7
-45580.40757,8.2,5.1,9.2
-45580.00648,8.5,10.1,9.7
-45580.38892,8.8,8.5,9.2
-45580.00401,9.2,7.4,10.1
-45579.94182,4.2,8.3,9.2
-45580.58214,5.2,5.8,10.1
-45582.77872,5.3,5.5,9.2
-45582.53977,6.4,5.7,9.7
-45580.30653,6.6,6.5,10.1
-45583.96613,6.7,4.8,9.2
-45580.71857,7.0,5.9,8.8
-45582.1948,7.1,5.4,9.7
-45580.41816,7.2,12.5,8.8
-45580.03853,3.2,10.4,9.5
-45579.91926,3.7,10.5,9.6
-45579.96135,4.2,5.6,9.5
-45580.64815,4.7,5.7,9.6
-45579.92004,5.5,6.6,10.5
-45579.99055,6.0,6.5,10.5
-45583.60098,6.1,4.8,9.6
-45582.82164,6.5,5.7,9.5
-45582.62909,6.8,5.6,9.6
-45582.83792,7.0,5.4,9.5
-45580.40449,8.1,5.0,9.5
-45580.39785,8.9,10.0,9.6
-45580.30773,9.2,10.2,9.6
-45579.91556,3.2,7.2,10.2
-45581.06006,4.5,4.8,9.1
-45580.28113,4.6,5.7,9.8
-45583.37796,5.6,5.4,9.1
-45583.02744,6.0,4.8,9.8
-45584.19053,6.2,4.9,9.1
-45580.33802,6.3,6.4,10.2
-45579.91939,6.8,8.3,9.1
-45582.02123,6.9,5.6,9.8
-45580.24479,8.8,10.0,9.8
-45580.59667,8.9,9.3,8.7
-45579.9976,3.4,9.7,10.2
-45580.06606,3.6,10.5,9.8
-45580.37146,3.7,8.8,8.7
-45579.98236,4.2,9.8,9.8
-45580.03756,5.2,12.3,8.7
-45580.71598,5.7,5.9,10.2
-45580.53992,7.1,13.0,8.7
-45580.30414,7.2,6.0,10.2
-45582.85587,7.3,5.3,9.1
-45580.12188,8.5,8.4,9.1
-45580.82153,9.0,8.7,9.1
-45580.7275,9.2,9.1,8.7
-45579.95859,3.3,9.5,10.3
-45580.60075,5.7,13.2,9.0
-45580.73767,6.0,12.2,9.0
-45580.76697,6.3,13.1,9.0
-45580.42708,9.2,8.5,9.9
-45580.66367,3.2,9.8,9.4
-45580.24564,3.7,8.2,9.9
-45580.76432,4.9,5.5,9.9
-45580.22545,5.3,6.4,9.0
-45580.10546,6.4,6.6,10.3
-45580.89147,6.7,5.9,9.0
-45579.99213,7.1,6.5,10.3
-45580.6855,7.7,5.0,9.9
-45580.46056,8.1,5.2,9.4
-45579.9117,8.2,8.6,9.4
-45580.15039,8.9,7.9,9.9
-45580.90186,4.8,5.8,9.0
-45581.57579,5.2,4.9,9.9
-45582.4531,5.4,5.7,9.3
-45582.11698,5.7,4.8,10.0
-45579.98586,5.7,5.5,10.7
-45579.9304,5.8,8.3,9.9
-45583.10162,5.9,5.6,9.4
-45583.64468,6.1,5.4,9.3
-45580.26522,6.3,4.8,10.7
-45581.97208,6.3,5.5,10.0
-45579.9757,6.6,4.9,10.8
-45582.28385,6.6,5.4,9.9
-45583.34922,7.0,4.8,9.4
-45580.10492,7.5,12.7,8.9
-45579.91398,8.5,9.0,10.3
-45580.44954,9.2,10.0,9.3
-45580.30994,3.2,8.3,10.0
-45579.94494,4.4,5.4,10.0
-45580.73744,5.1,5.7,10.0
-45580.38672,6.0,5.9,10.4
-45580.30553,6.2,5.8,8.9
-45579.93002,6.9,6.7,10.4
-45579.92637,3.4,10.6,10.0
-45580.17888,3.7,9.9,9.3
-45580.22481,4.0,8.8,8.9
-45580.07741,4.9,13.1,8.9
-45580.81959,6.6,13.0,8.9
-45579.97403,7.1,12.0,8.9
-45581.39233,7.2,5.1,10.0
-45580.60496,7.3,6.2,8.9
-45580.47108,8.7,8.7,9.3
-45580.4027,3.2,8.1,9.5
-45580.48034,4.4,4.8,9.5
-45579.96682,5.6,5.9,10.6
-45583.16493,5.7,5.4,9.5
-45579.94258,6.2,6.4,10.6
-45583.82344,6.3,4.9,9.5
-45582.54176,7.2,5.3,9.5
-45580.7361,9.1,8.7,9.5
-45580.0564,4.3,5.6,9.1
-45581.71073,5.3,5.5,9.8
-45582.16793,6.4,5.7,9.1
-45582.83529,6.7,4.8,9.8
-45580.55293,7.0,5.9,10.2
-45583.10321,7.1,5.4,9.1
-45580.36642,7.3,12.9,8.7
-45579.93856,8.4,9.2,10.2
-45580.12942,3.2,8.9,10.2
-45580.17511,3.6,8.0,9.8
-45580.93177,4.8,4.9,9.8
-45581.27863,5.2,5.8,8.7
-45580.08623,5.9,6.7,10.2
-45581.01635,7.6,5.2,9.8
-45580.03644,7.7,8.7,9.1
-45580.99127,8.0,5.0,9.1
-45579.9631,8.2,5.1,9.8
-45580.38684,8.8,8.5,9.8
-45579.93139,9.1,10.9,9.8
-45580.3229,3.4,9.7,8.8
-45580.12627,3.7,8.8,10.1
-45580.44711,5.3,13.1,8.8
-45580.69419,5.6,13.0,8.7
-45579.91517,6.0,11.3,9.8
-45580.63342,6.7,13.2,8.8
-45580.89553,7.2,6.0,8.8
-45580.04542,7.2,8.6,9.2
-45580.46146,3.3,8.1,9.7
-45580.10397,4.0,9.9,9.7
-45580.46426,4.5,4.8,9.7
-45580.54683,4.6,5.7,9.2
-45579.95521,5.4,6.6,10.1
-45582.57979,5.6,5.4,9.7
-45580.14225,5.7,5.9,8.8
-45579.92502,5.8,8.9,10.1
-45580.36393,6.1,6.5,10.1
-45580.33265,7.0,12.2,8.8
-45581.85878,7.3,5.3,9.7
-45580.01133,7.6,12.8,8.8
-45579.96033,8.5,8.4,9.7
-45580.53368,9.0,8.7,9.7
-45580.18136,9.2,9.1,10.1
-45579.92055,3.3,6.7,10.1
-45580.00432,5.3,5.8,10.5
-45584.10128,6.0,4.8,9.2
-45579.94267,6.1,11.3,9.6
-45583.35743,6.2,4.9,9.7
-45582.89165,6.9,5.6,9.2
-45581.1448,7.7,5.2,9.6
-45579.9676,8.3,5.1,9.6
-45580.53426,8.9,8.5,9.6
-45580.10474,8.9,9.3,10.1
-45580.23592,9.2,7.9,9.6
-45580.08567,3.9,8.6,10.1
-45580.76019,4.4,5.0,8.8
-45581.56667,4.9,4.9,9.6
-45581.97873,5.2,5.5,9.6
-45579.95777,6.0,6.3,9.2
-45581.43423,6.2,6.2,9.7
-45583.47012,6.6,4.8,9.6
-45579.97292,6.7,6.5,10.5
-45580.05049,8.9,9.8,10.1
-45579.94832,3.3,7.4,9.7
-45580.79356,3.6,9.0,9.2
-45580.20442,4.0,9.2,9.7
-45581.35985,5.6,6.1,9.7
-45579.92756,5.6,8.7,10.1
-45583.53303,5.7,5.2,8.8
-45582.00584,6.1,5.0,10.1
-45583.71752,6.3,5.1,8.8
-45581.33823,7.3,5.8,9.7
-45579.93948,7.4,8.8,9.2
-45580.61324,8.8,9.5,9.2
-45579.91406,9.2,10.4,10.1
-45580.22853,4.2,9.3,9.2
-45581.05283,5.2,6.0,9.6
-45580.32438,5.3,12.5,9.2
-45580.18369,5.9,9.1,9.2
-45580.29974,6.4,12.7,9.7
-45580.12239,6.5,9.2,9.2
-45580.37854,6.7,11.8,9.2
-45580.48739,7.0,12.8,9.2
-45580.06776,7.1,12.4,9.7
-45582.52794,7.2,5.5,8.8
-45579.92072,4.9,6.2,9.6
-45580.19332,5.3,5.3,10.5
-45580.10534,5.3,12.9,9.5
-45580.22328,5.6,12.8,9.6
-45579.91106,5.9,7.9,10.5
-45580.2495,6.1,11.8,9.6
-45580.49518,6.5,12.7,9.5
-45581.10844,6.6,6.3,9.6
-45580.62526,6.7,5.0,10.5
-45580.29828,6.8,12.6,9.6
-45580.2634,7.0,12.4,9.5
-45579.92336,7.3,13.1,9.6
-45580.41215,7.7,5.9,9.6
-45580.2562,4.1,9.2,9.5
-45580.23418,5.6,5.2,10.6
-45580.66468,5.6,12.4,9.1
-45581.55423,5.7,6.1,9.5
-45580.45429,6.2,5.1,10.6
-45581.4266,6.3,6.2,9.5
-45579.96984,6.8,9.3,9.1
-45580.01117,6.9,6.8,9.5
-45581.81646,7.2,5.8,9.5
-45580.07103,8.3,4.9,8.7
-45580.99976,3.3,9.1,9.1
-45579.99171,5.4,9.0,9.1
-45580.0906,5.7,12.8,9.8
-45580.11373,6.0,11.8,9.8
-45580.49276,6.2,11.9,9.1
-45580.07758,6.9,12.6,9.8
-45580.5022,7.6,5.9,9.8
-45581.52214,7.7,5.4,8.7
-45579.93316,8.9,8.3,8.7
-45580.09898,3.4,8.7,10.2
-45579.97667,4.1,8.4,10.2
-45582.29303,4.9,5.1,8.7
-45582.79394,5.2,5.3,8.7
-45583.56757,6.6,5.0,8.7
-45580.93987,6.7,6.3,9.8
-45581.09019,7.0,5.2,10.2
-45581.16248,7.1,6.1,9.1
-45580.21422,7.3,12.3,9.1
-45579.95415,7.9,8.9,9.1
-45580.29404,8.5,9.4,9.1
-45580.59533,9.0,9.7,9.1
-45581.02954,5.3,6.0,9.8
-45580.05167,5.8,9.3,9.3
-45579.98638,5.9,12.6,10.0
-45580.23625,6.4,9.0,9.3
-45580.69754,6.6,12.4,9.3
-45583.14044,7.3,4.9,8.9
-45580.02219,3.2,6.8,10.0
-45580.66068,3.7,9.2,9.3
-45580.05621,4.1,9.0,10.0
-45580.20666,4.3,9.1,9.3
-45583.8282,5.6,5.0,8.9
-45580.90642,6.0,5.2,10.4
-45583.40287,6.2,5.3,8.9
-45579.92576,6.7,12.8,10.0
-45580.05465,7.2,6.4,10.0
-45579.91598,8.2,9.6,10.0
-45580.76797,8.9,8.9,9.3
-45580.48446,3.3,8.5,8.9
-45580.31257,3.6,8.4,9.0
-45581.02194,4.5,5.2,8.9
-45581.90138,4.8,5.3,9.0
-45580.60432,5.7,6.3,10.0
-45579.95,5.8,6.8,9.9
-45581.22903,6.1,6.1,9.3
-45580.06445,6.1,8.7,8.9
-45581.26046,6.3,6.0,10.0
-45581.22286,6.6,6.1,9.9
-45580.82936,7.0,6.3,9.4
-45580.85619,9.2,9.5,9.3
-45580.32648,4.9,6.0,9.9
-45580.02944,5.1,12.7,9.4
-45580.37828,5.2,6.2,9.9
-45583.37925,5.3,5.1,9.0
-45579.92759,5.9,8.5,9.0
-45580.07107,6.2,12.9,9.9
-45583.83983,6.7,5.2,9.0
-45580.80174,7.1,5.0,10.3
-45580.09322,7.2,12.1,9.4
-45580.21597,8.4,8.8,9.4
-45580.18439,8.7,9.7,9.9
-45580.87103,3.2,9.3,9.4
-45579.97561,4.6,9.0,9.4
-45580.25849,5.7,11.8,9.4
-45580.57204,6.0,12.8,9.4
-45580.12799,6.1,12.4,9.9
-45580.04407,6.9,9.1,9.4
-45580.08925,7.5,5.7,10.3
-45582.2649,7.6,4.8,9.0
-45580.11257,8.2,5.5,9.0
-45580.07824,9.2,7.0,9.9
-45579.9676,4.4,8.7,10.0
-45579.96513,5.4,8.4,9.3
-45579.97655,5.5,9.2,9.4
-45583.69808,5.6,5.0,9.3
-45580.08795,5.7,6.3,10.4
-45580.1973,6.0,5.1,10.7
-45582.20102,6.0,5.2,10.0
-45580.23411,6.1,8.7,9.3
-45583.8409,6.2,5.3,9.3
-45580.0585,6.3,8.6,10.0
-45580.66711,6.3,12.5,9.4
-45580.79869,8.9,8.9,8.9
-45580.81307,9.2,9.5,8.9
-45580.78657,3.3,8.5,9.3
-45580.06397,3.6,10.1,10.0
-45580.86885,4.5,5.2,9.3
-45580.32886,6.3,6.0,10.4
-45580.11044,6.4,9.0,8.9
-45580.82754,6.6,12.4,8.9
-45582.85177,7.3,4.9,9.3
-45580.21331,7.8,5.6,10.0
-45579.95521,8.8,10.4,10.0
-45580.97374,3.2,9.3,9.0
-45580.66631,3.7,9.2,8.9
-45579.94586,4.9,12.5,8.9
-45580.92131,6.0,12.8,9.0
-45580.24213,6.4,11.6,9.3
-45580.05488,6.9,11.7,9.4
-45579.96021,7.2,6.4,10.4
-45580.24629,3.3,10.0,9.9
-45580.22015,5.1,12.7,9.0
-45580.04907,5.2,6.2,10.3
-45579.92768,5.5,9.2,9.0
-45580.01504,5.7,11.8,9.0
-45579.96296,5.8,6.8,10.3
-45580.98869,6.3,12.5,9.0
-45580.38733,6.6,6.1,10.3
-45579.99663,6.9,9.1,9.0
-45580.27285,7.0,6.3,9.0
-45580.72445,7.5,5.7,9.9
-45581.85388,7.6,4.8,9.4
-45580.12015,8.0,5.4,9.9
-45580.13579,8.2,5.5,9.4
-45579.99934,9.0,10.6,9.9
-45580.35571,3.6,8.4,9.4
-45581.49322,4.8,5.3,9.4
-45579.96519,4.9,6.0,10.3
-45582.93579,5.3,5.1,9.4
-45579.98813,5.9,8.5,9.4
-45580.01732,6.2,11.4,9.6
-45580.03329,6.6,8.7,9.9
-45583.62772,6.7,5.2,9.4
-45581.88207,7.1,5.0,9.9
-45579.99622,7.2,12.1,9.0
-45580.21957,8.4,8.8,9.0
-45580.3051,3.3,10.2,9.6
-45580.5979,3.5,8.7,9.6
-45580.33436,5.9,11.7,9.2
-45579.99888,7.0,6.1,10.5
-45582.60366,7.1,5.2,9.6
-45580.52174,8.0,4.8,9.6
-45580.09798,8.5,9.9,9.6
-45579.92091,3.5,10.9,9.7
-45580.73352,3.6,9.0,8.8
-45580.13862,3.7,10.3,9.7
-45580.02332,4.0,9.2,10.1
-45579.91834,5.9,9.1,8.8
-45580.00638,6.6,11.5,9.7
-45580.68276,7.0,12.8,8.8
-45582.71745,7.2,5.5,9.2
-45580.54815,7.3,5.8,10.1
-45580.2643,3.9,8.6,9.7
-45580.7521,4.4,5.0,9.2
-45579.94666,4.6,8.4,9.2
-45580.43927,5.3,12.5,8.8
-45580.61707,5.6,6.1,10.1
-45579.97043,5.6,8.7,9.7
-45580.73845,6.2,6.2,10.1
-45584.1482,6.3,5.1,9.2
-45579.92498,6.8,6.8,10.1
-45580.40772,8.9,9.8,9.7
-45580.01061,3.3,7.4,10.1
-45579.92065,3.6,7.5,10.2
-45579.94743,4.8,6.2,10.2
-45580.20319,5.1,7.5,8.8
-45582.93091,5.2,5.3,9.1
-45583.78858,5.7,5.2,9.2
-45583.30334,6.1,5.0,9.7
-45584.11226,6.6,5.0,9.1
-45580.01702,6.9,8.5,9.2
-45582.26361,7.0,5.2,9.8
-45580.02983,7.1,8.7,9.1
-45580.00547,7.3,12.3,8.7
-45580.27741,8.8,9.5,8.8
-45579.9616,9.0,9.7,8.7
-45580.16925,9.2,10.4,9.7
-45580.24156,3.2,10.2,9.8
-45580.48127,3.4,8.7,9.8
-45580.12974,4.3,8.5,9.1
-45582.27068,4.9,5.1,9.1
-45580.32815,5.3,6.0,10.2
-45579.97307,6.5,6.9,10.2
-45580.32856,6.7,6.3,10.2
-45580.06373,7.1,6.1,8.7
-45581.65547,7.7,5.4,9.1
-45580.12414,8.1,4.8,9.8
-45580.03712,8.4,9.9,9.8
-45580.17746,8.9,8.3,9.1
-45580.73628,3.3,9.1,8.7
-45580.51358,5.6,12.4,8.7
-45580.01107,6.1,11.5,9.1
-45579.9895,6.3,11.4,9.8
-45580.05464,7.6,5.9,10.2
-45580.22234,8.3,4.9,9.1
-45580.07655,3.6,10.3,9.5
-45580.37085,3.8,8.6,9.5
-45580.07104,5.7,8.7,9.5
-45583.74169,6.0,5.0,9.5
-45579.95808,6.1,6.3,10.6
-45580.04404,6.7,11.5,9.5
-45580.44404,8.8,9.8,9.5
-45579.94558,5.0,8.8,9.1
-45579.93488,5.5,8.8,9.8
-45580.59735,5.6,13.0,9.1
-45580.11629,5.7,12.2,9.8
-45580.07261,6.0,13.2,9.8
-45580.60607,6.1,12.0,9.1
-45580.20764,6.3,12.1,9.8
-45580.30973,7.6,5.2,10.2
-45580.86429,8.0,5.0,8.7
-45580.05293,8.8,8.5,10.2
-45580.50184,3.2,8.9,9.8
-45579.92756,3.6,6.6,9.8
-45580.04146,3.9,9.6,9.1
-45579.95687,4.2,8.3,10.2
-45580.71826,5.3,5.5,10.2
-45579.95639,5.9,8.1,10.2
-45579.97681,6.5,8.2,10.2
-45581.54326,6.7,4.8,10.2
-45582.67631,7.1,5.4,8.7
-45579.93174,7.2,12.5,9.8
-45580.17834,7.7,6.1,9.1
-45580.12165,8.4,9.2,9.8
-45580.00305,3.6,8.0,10.2
-45580.26661,4.8,4.9,10.2
-45581.81876,5.2,5.8,9.1
-45580.12287,5.3,12.3,9.5
-45580.18846,5.9,6.7,9.8
-45580.20294,5.9,8.9,9.5
-45580.00508,6.5,9.4,9.5
-45580.32435,6.7,12.0,9.5
-45581.43572,7.0,5.9,9.8
-45580.20771,7.0,13.0,9.5
-45580.27238,7.3,12.9,9.1
-45580.60884,3.6,8.8,9.5
-45580.11033,4.2,9.5,9.5
-45580.22351,5.5,6.6,9.5
-45580.11317,5.8,6.7,9.6
-45580.49369,6.0,6.5,9.5
-45580.51278,6.1,4.8,10.6
-45580.31884,6.5,5.7,10.5
-45580.10049,6.8,5.6,10.6
-45580.27428,7.0,5.4,10.5
-45581.64386,7.1,5.9,9.6
-45580.00468,7.3,12.5,9.6
-45579.94323,7.9,9.1,9.6
-45580.28485,8.5,9.2,9.6
-45580.52659,8.8,9.3,9.5
-45580.6815,3.3,8.9,9.6
-45579.91067,5.4,8.8,9.6
-45580.22262,5.6,12.2,9.6
-45581.85688,5.7,5.9,9.2
-45580.73645,6.1,6.5,9.7
-45580.27005,6.1,13.2,9.6
-45580.38539,6.2,12.1,9.6
-45580.57765,9.2,9.1,9.7
-45580.03768,3.3,6.7,9.7
-45580.1535,3.3,8.1,10.1
-45579.98936,4.5,4.8,10.1
-45580.43637,4.6,5.7,8.8
-45581.39124,5.6,5.4,10.1
-45583.37243,6.0,4.8,8.8
-45582.0607,6.2,4.9,10.1
-45579.94309,6.8,8.3,10.1
-45581.95527,6.9,5.6,8.8
-45579.93397,7.6,12.8,9.2
-45580.4487,8.9,9.3,9.7
-45580.69317,3.4,9.7,9.2
-45580.42841,3.7,8.8,9.7
-45579.92102,4.0,9.9,10.1
-45580.24284,4.1,9.4,9.2
-45579.98484,4.3,9.5,9.7
-45580.29298,5.3,13.1,9.2
-45580.53967,6.7,13.2,9.2
-45580.43668,7.0,12.2,9.2
-45579.97637,7.1,13.0,9.7
-45581.41295,7.2,6.0,9.2
-45580.89506,7.3,5.3,10.1
-45580.06075,8.5,8.4,10.1
-45580.18273,9.0,8.7,10.1
-45579.9365,3.7,8.2,10.3
-45580.0937,4.9,5.5,10.3
-45579.96333,5.2,12.3,9.7
-45580.50165,5.3,6.4,9.4
-45580.05153,5.8,8.9,9.7
-45579.97316,6.4,9.4,9.7
-45580.20917,6.6,12.0,9.7
-45580.79388,4.8,5.8,9.4
-45580.6219,5.2,4.9,10.3
-45579.94241,5.8,8.3,10.3
-45582.3684,5.9,5.6,9.0
-45580.4444,6.4,6.6,9.9
-45579.95219,6.4,8.0,10.3
-45581.00975,6.6,5.4,10.3
-45582.20129,6.7,5.9,9.4
-45583.6574,7.0,4.8,9.0
-45579.91805,7.1,6.5,9.9
-45580.15264,8.5,9.0,9.9
-45580.32781,3.3,9.5,9.9
-45580.36153,5.7,13.2,9.4
-45580.04162,6.1,13.0,9.9
-45580.48942,6.3,13.1,9.4
-45579.9194,7.6,6.3,9.4
-45580.6684,8.1,5.2,9.0
-45580.01068,9.2,8.5,10.3
-45580.5975,3.2,9.8,9.0
-45579.93631,4.9,13.1,9.3
-45579.97809,5.6,12.0,9.9
-45580.59228,6.0,12.2,9.4
-45580.12835,6.2,12.3,9.9
-45579.93685,6.3,9.6,9.4
-45579.97228,6.7,12.2,10.0
-45579.95794,6.8,8.9,9.9
-45580.18948,7.1,12.0,9.3
-45580.43429,7.2,5.1,10.4
-45580.06815,7.7,5.0,10.3
-45580.15392,8.2,8.6,9.0
-45580.4407,8.7,8.7,8.9
-45580.18148,3.6,9.4,10.0
-45580.28911,4.0,8.8,9.3
-45580.02316,4.2,8.9,10.0
-45580.73201,6.3,5.5,10.4
-45580.00005,6.5,8.8,10.0
-45580.57214,6.6,13.0,9.3
-45580.76494,7.3,6.2,9.3
-45579.97009,7.5,12.7,9.3
-45580.18883,8.8,9.1,10.0
-45580.04974,5.1,5.7,10.4
-45581.99117,5.4,5.7,8.9
-45580.40373,5.6,6.5,9.3
-45580.89379,5.7,4.8,10.4
-45581.37868,6.0,5.9,10.0
-45582.92861,6.1,5.4,8.9
-45582.43182,6.2,5.8,9.3
-45581.52513,7.5,5.4,9.6
-45580.22674,8.0,5.7,9.6
-45580.17074,4.3,5.1,9.6
-45579.97568,5.6,11.6,9.6
-45583.17428,5.8,5.3,9.6
-45580.12969,5.9,6.0,10.5
-45583.54719,6.4,5.0,9.6
-45580.03634,6.5,6.3,10.5
-45580.88882,6.7,12.7,8.8
-45580.43705,7.9,5.5,9.7
-45580.03462,8.7,8.2,9.7
-45580.05846,9.0,10.5,9.6
-45580.14843,3.5,9.0,10.1
-45580.15074,5.0,6.1,10.1
-45580.05299,5.5,8.7,9.2
-45580.9036,5.9,12.9,8.8
-45580.08547,6.5,11.5,9.2
-45582.91035,6.8,5.1,9.7
-45580.43932,7.2,7.2,8.8
-45580.43453,7.8,5.8,8.8
-45579.92646,8.3,9.5,10.1
-45579.9725,9.0,7.3,10.1
-45580.88326,3.2,8.6,9.2
-45580.86327,4.7,5.0,9.7
-45582.68977,5.1,5.2,9.2
-45582.41143,5.4,5.2,9.7
-45580.12545,5.5,6.1,8.8
-45580.01566,6.1,6.9,10.1
-45580.13917,6.2,8.5,9.7
-45580.25803,7.4,13.0,8.8
-45579.97172,8.9,10.7,9.7
-45580.21022,3.4,7.8,9.8
-45580.53456,3.7,8.7,9.1
-45580.63368,5.2,7.4,8.7
-45580.07044,5.8,8.6,9.1
-45582.71815,5.9,5.3,9.8
-45582.9612,6.5,5.0,9.8
-45579.91654,6.7,8.4,9.8
-45579.9618,8.6,9.4,10.2
-45580.64665,9.0,8.8,8.7
-45580.0987,9.1,10.5,9.8
-45580.00928,3.8,9.1,10.2
-45579.92269,5.0,12.4,8.7
-45580.59333,5.4,12.8,8.7
-45579.95894,5.7,11.6,9.8
-45580.81455,6.2,12.6,8.7
-45581.34367,7.4,5.4,9.8
-45580.96824,7.5,5.9,8.7
-45579.98085,8.1,5.7,9.8
-45580.92959,4.6,5.0,9.5
-45579.92684,4.7,8.7,9.3
-45580.07942,5.4,6.3,8.9
-45583.07508,5.5,5.2,9.5
-45580.15882,6.3,8.5,9.5
-45579.94692,6.8,6.2,10.6
-45583.25016,6.9,5.1,9.5
-45580.86807,7.8,5.5,9.5
-45580.18982,3.8,8.5,10.0
-45580.22811,4.6,5.2,10.0
-45579.92186,4.7,6.1,8.9
-45582.37051,5.0,5.0,9.3
-45579.94309,5.1,6.3,10.4
-45581.79945,5.5,5.0,10.0
-45579.96639,5.5,5.3,10.7
-45579.9658,5.7,8.4,10.0
-45579.91047,6.0,7.5,10.4
-45580.26812,6.8,6.0,8.9
-45580.00971,6.8,8.6,9.3
-45580.06151,6.9,5.0,10.7
-45581.74014,6.9,5.3,10.0
-45580.14222,7.5,13.2,8.9
-45580.42317,8.9,9.6,8.9
-45580.16244,3.5,10.1,9.3
-45580.97214,6.4,12.8,8.9
-45582.24908,7.3,5.6,9.3
-45580.37376,7.8,4.9,10.0
-45579.96969,8.6,8.0,10.0
-45580.12374,9.0,8.2,9.3
-45579.98328,3.8,10.0,9.4
-45580.35242,5.2,12.6,8.9
-45580.80931,5.7,12.7,9.0
-45580.16052,6.0,9.0,9.0
-45580.20802,6.0,11.6,9.4
-45581.11811,7.5,4.8,9.9
-45581.22418,7.6,5.7,9.4
-45579.96133,4.2,8.6,9.4
-45582.45724,5.8,5.1,9.9
-45579.92222,5.8,5.2,10.8
-45580.04524,6.2,11.7,9.9
-45579.99268,6.4,5.1,10.8
-45582.57564,6.4,5.2,9.9
-45580.22976,6.5,8.7,9.4
-45580.67537,6.9,12.9,9.0
-45579.95747,8.7,8.8,10.3
-45580.89644,9.1,9.4,9.0
-45579.99118,3.5,7.1,9.9
-45580.37676,3.5,8.4,9.9
-45580.16223,4.0,8.7,9.9
-45579.96845,4.1,5.2,9.4
-45579.92224,4.3,5.3,9.9
-45583.30818,6.5,5.4,9.0
-45582.23291,7.0,5.7,9.0
-45580.49524,8.6,9.0,9.4
-45580.31932,9.0,9.2,9.9
-45580.24871,9.0,9.9,9.9
-45579.98367,4.2,5.5,9.0
-45580.34296,5.2,5.6,10.3
-45580.65586,5.8,6.4,9.9
-45584.05352,5.9,4.9,9.0
-45581.67286,6.4,5.9,9.9
-45580.2431,6.7,6.6,9.4
-45579.94532,4.4,8.8,9.4
-45580.01743,5.1,13.2,9.4
-45580.22547,5.5,12.0,9.4
-45579.94382,5.7,9.4,9.4
-45580.06417,6.1,8.8,9.9
-45580.25304,6.3,8.9,9.4
-45580.38801,6.9,12.3,9.4
-45582.86405,7.4,5.0,9.0
-45579.9807,8.9,8.6,10.3
-45580.48572,3.8,9.5,9.4
-45579.95718,4.0,9.7,9.3
-45579.951,4.2,9.6,10.0
-45579.93592,6.5,13.0,10.0
-45579.93163,6.8,13.1,9.9
-45580.75768,3.5,9.4,9.3
-45580.55501,5.8,12.1,9.3
-45580.34552,6.0,6.6,10.0
-45580.71313,6.4,12.2,9.3
-45580.23232,6.6,8.8,9.3
-45581.2836,7.9,5.1,8.9
-45579.99409,3.9,8.3,8.9
-45580.0098,4.6,5.9,10.0
-45581.4746,4.7,5.4,8.9
-45580.30901,5.1,4.8,10.4
-45580.1559,5.5,6.5,10.0
-45579.93443,6.0,8.0,10.4
-45582.69837,6.8,5.5,8.9
-45581.21182,6.9,5.8,10.0
-45579.92333,7.7,9.2,9.3
-45579.93931,8.1,9.0,10.0
-45580.29855,8.3,9.1,9.3
-45580.41788,3.2,9.6,9.8
-45580.45734,3.9,8.9,9.1
-45583.52298,5.4,4.8,8.9
-45579.95765,5.5,13.0,9.8
-45580.44273,5.7,5.7,10.4
-45579.93013,6.0,9.4,9.8
-45580.42934,7.4,6.1,9.8
-45580.10535,4.8,5.6,10.2
-45580.09688,5.0,13.0,9.1
-45580.42967,5.4,12.2,9.1
-45580.10146,5.6,8.8,9.1
-45582.02992,5.9,5.8,9.8
-45580.65031,6.5,6.5,9.8
-45580.60145,6.8,12.1,9.1
-45582.41189,7.5,5.2,8.7
-45579.92547,8.1,8.4,10.2
-45579.98969,3.4,7.3,9.8
-45580.52336,3.6,9.7,9.5
-45580.39042,4.3,4.9,8.7
-45581.6126,5.8,5.5,8.7
-45582.97682,6.4,4.8,8.7
-45580.34977,6.5,13.2,9.5
-45580.96946,6.7,5.7,10.2
-45579.91615,7.8,6.0,9.5
-45580.65309,8.7,9.2,9.1
-45580.45151,9.1,9.0,9.8
-45580.0497,5.4,5.4,10.6
-45581.93788,5.5,5.9,9.5
-45580.36267,5.9,13.1,9.5
-45580.14945,6.1,5.7,10.6
-45580.35001,6.8,4.9,10.6
-45580.63227,6.9,6.4,9.5
-45579.93292,7.0,8.8,9.5
-45579.95354,7.4,12.8,9.5
-45580.08029,8.1,9.2,9.5
-45582.36386,5.8,5.8,9.6
-45580.4297,5.9,5.5,10.5
-45580.0135,6.1,9.4,9.6
-45580.6916,6.4,6.5,9.6
-45580.75412,6.5,4.8,10.5
-45579.99516,7.1,6.6,9.6
-45580.59737,9.0,9.0,9.6
-45580.59662,3.3,9.6,9.6
-45581.36049,5.1,5.9,9.2
-45580.07177,5.4,13.0,9.6
-45580.45477,6.0,5.7,8.8
-45579.99931,6.1,8.2,10.1
-45581.53143,6.2,5.6,10.1
-45583.63066,6.9,4.9,8.8
-45580.03165,7.4,5.2,10.5
-45580.07568,7.4,12.4,9.2
-45580.27505,7.5,6.1,9.6
-45579.9261,8.0,9.2,9.7
-45580.15043,8.2,9.3,9.2
-45579.91425,4.5,5.7,10.1
-45581.3819,4.6,4.8,8.8
-45580.60054,5.0,5.4,10.1
-45581.54696,5.4,5.9,9.7
-45582.92851,5.5,5.4,8.8
-45580.58704,6.8,6.4,9.7
-45581.43536,7.8,5.3,8.8
-45580.09235,8.6,8.4,8.8
-45580.05492,9.0,7.8,10.1
-45579.96425,5.3,8.9,9.2
-45580.14595,5.8,13.1,9.7
-45580.77068,5.9,12.3,9.2
-45580.17391,6.4,13.2,9.7
-45580.60792,6.5,12.0,9.2
-45579.95262,6.7,9.4,9.2
-45579.93842,8.4,5.0,8.8
-45580.91615,3.4,8.8,9.2
-45579.96906,3.4,10.5,9.5
-45580.36655,3.7,9.7,9.7
-45580.1623,4.4,5.7,9.5
-45582.04512,5.1,5.4,9.5
-45583.10234,6.3,5.6,9.5
-45579.93332,6.5,11.3,9.5
-45580.53446,4.3,4.9,9.1
-45580.67746,4.8,5.6,9.8
-45583.17244,5.8,5.5,9.1
-45580.92804,5.9,5.8,10.2
-45580.23288,6.5,6.5,10.2
-45579.99316,7.0,6.6,10.2
-45580.61611,7.1,7.3,8.7
-45580.1081,8.6,10.1,9.8
-45580.0456,3.2,9.6,10.2
-45579.91974,3.4,7.3,10.2
-45580.00339,3.9,8.9,8.7
-45584.07778,6.4,4.8,9.1
-45582.09804,6.7,5.7,9.8
-45580.10074,7.4,6.1,10.2
-45580.31109,8.7,9.2,8.7
-45580.08595,9.1,9.0,10.2
-45580.01953,3.8,10.4,9.8
-45580.14951,5.0,13.0,8.7
-45580.04732,5.4,12.2,8.7
-45582.42081,7.5,5.2,9.1
-45580.14843,8.3,8.5,9.1
-45580.78252,3.4,8.8,8.8
-45580.10626,3.5,10.5,9.7
-45580.03611,3.7,9.7,10.1
-45580.52976,5.9,12.3,8.8
-45579.93439,6.4,11.3,9.7
-45579.91816,6.5,12.0,8.8
-45581.36646,7.8,5.3,9.2
-45579.91007,7.9,6.0,10.1
-45579.99924,8.4,5.0,9.2
-45580.11878,8.6,8.4,9.2
-45580.03717,9.0,7.8,9.7
-45580.21592,4.5,5.7,9.7
-45581.29319,4.6,4.8,9.2
-45581.39889,5.0,5.4,9.7
-45581.28716,5.1,5.9,8.8
-45583.26121,5.5,5.4,9.2
-45582.58887,6.0,5.7,9.2
-45582.74659,6.2,5.6,9.7
-45580.31603,6.8,6.4,10.1
-45583.77806,6.9,4.9,9.2
-45580.12001,7.4,12.4,8.8
-45579.9456,9.2,10.8,9.7
-45581.1955,4.9,5.6,9.6
-45580.68779,5.4,5.9,10.1
-45579.94075,6.2,7.0,10.1
-45582.62987,6.6,5.7,9.6
-45580.17039,8.7,10.1,9.6
-45580.68498,9.2,8.6,9.6
-45580.3307,3.8,9.5,9.0
-45580.11442,3.9,9.8,9.9
-45580.22324,5.1,13.2,9.0
-45580.1509,5.5,12.0,9.0
-45580.17327,6.3,8.9,9.0
-45580.63935,6.9,12.3,9.0
-45582.40319,7.4,5.0,9.4
-45579.94456,7.5,6.3,10.3
-45580.35136,8.9,8.6,9.9
-45580.3404,3.4,8.2,9.4
-45580.03536,4.2,5.5,9.4
-45580.01103,4.4,8.8,9.0
-45581.19913,5.2,5.6,9.9
-45580.15549,5.8,6.4,10.3
-45583.88661,5.9,4.9,9.4
-45580.61789,6.4,5.9,10.3
-45583.52538,6.5,5.4,9.4
-45582.47437,7.0,5.7,9.4
-45580.50242,8.6,9.0,9.0
-45580.03002,8.7,10.3,9.9
-45579.97153,9.0,9.2,10.3
-45580.33832,9.1,10.1,9.4
-45579.9368,3.9,8.3,9.3
-45581.27789,4.7,5.4,9.3
-45581.15291,5.1,4.8,10.0
-45583.37105,5.4,4.8,9.3
-45579.98317,5.5,6.5,10.4
-45581.47181,5.7,5.7,10.0
-45580.02786,6.0,6.6,10.4
-45579.99672,6.3,5.7,10.7
-45579.91062,6.3,7.2,10.4
-45583.20615,6.8,5.5,9.3
-45580.31104,6.9,5.8,10.4
-45579.97794,8.3,9.1,8.9
-45580.15905,3.4,9.9,10.0
-45580.77139,3.5,9.4,8.9
-45580.50459,5.8,12.1,8.9
-45580.57816,6.4,12.2,8.9
-45580.6863,6.4,12.8,9.3
-45580.08829,6.6,8.8,8.9
-45579.97295,7.3,8.5,9.3
-45581.08841,7.9,5.1,9.3
-45580.08025,8.4,8.7,10.0
-45580.03592,9.1,7.1,10.0
-45580.3033,9.1,8.4,10.0
-45580.23783,3.4,9.2,10.0
-45580.18007,5.2,12.6,9.3
-45579.97272,5.9,11.9,10.0
-45579.93461,6.7,9.0,10.0
-45579.95211,7.1,9.2,9.3
-45582.69905,5.0,5.0,8.9
-45579.94542,5.6,6.9,9.3
-45580.0138,6.5,12.4,10.0
-45581.65013,6.8,6.0,9.3
-45582.22009,7.3,5.6,8.9
-45579.99533,7.5,13.2,9.3
-45580.13505,3.2,7.7,10.0
-45580.06589,5.1,6.3,10.0
-45580.8251,5.4,6.3,9.3
-45580.68706,5.5,5.0,10.4
-45579.93771,6.3,7.9,10.4
-45580.09135,6.5,8.7,9.0
-45579.97184,6.8,8.6,8.9
-45580.61511,6.9,5.3,10.4
-45580.01186,7.0,8.4,9.0
-45579.96561,8.0,8.8,9.3
-45579.98943,8.2,8.9,10.0
-45580.64171,8.9,9.6,9.3
-45579.97467,3.5,8.4,10.3
-45579.92475,4.0,8.7,10.3
-45580.02961,4.1,5.2,9.0
-45580.17577,4.2,8.6,9.0
-45581.15368,5.8,5.1,10.3
-45581.19364,5.9,6.2,9.4
-45579.97575,6.2,9.1,9.9
-45581.22376,6.4,5.2,10.3
-45581.57403,6.5,6.1,9.4
-45579.98633,8.4,9.7,9.4
-45580.25711,8.7,8.8,9.9
-45580.77091,9.1,9.4,9.4
-45580.17125,3.9,9.3,9.9
-45580.48219,5.7,12.7,9.4
-45580.22592,6.0,9.0,9.4
-45580.03613,6.8,12.5,9.9
-45580.37783,6.9,12.9,9.4
-45580.34261,7.5,4.8,10.3
-45581.32789,7.6,5.7,9.0
-45579.94126,3.9,7.9,10.1
-45580.26422,4.7,5.0,10.1
-45580.31988,5.0,6.1,9.7
-45581.27558,5.4,5.2,10.1
-45580.03212,6.2,8.5,10.1
-45581.66456,6.8,5.1,10.1
-45580.01702,7.4,6.5,9.4
-45580.06605,8.3,9.5,9.7
-45580.50339,3.2,8.6,8.8
-45582.83237,5.1,5.2,8.8
-45581.25288,5.5,6.1,9.2
-45580.25857,5.8,12.5,9.7
-45579.91304,6.1,6.9,9.7
-45580.00007,6.6,9.2,9.7
-45580.92618,6.9,6.2,9.2
-45580.04975,7.0,9.0,9.2
-45580.11776,7.4,13.0,9.2
-45580.49777,3.5,9.0,9.7
-45580.69399,5.9,12.9,9.2
-45580.18407,6.4,11.8,9.7
-45580.71081,6.7,12.7,9.2
-45580.47065,7.8,5.8,9.2
-45580.01284,7.9,5.5,10.1
-45580.08895,8.7,8.2,10.1
-45580.14736,5.4,12.4,9.6
-45580.00655,5.6,9.0,9.6
-45580.41277,6.1,12.7,9.6
-45580.06246,6.2,9.3,9.6
-45580.16453,6.8,11.9,9.6
-45580.39553,8.7,9.4,9.6
-45580.71901,3.4,9.0,9.5
-45580.34142,3.9,9.1,9.6
-45579.95748,4.5,9.2,9.6
-45579.91524,5.3,9.1,9.5
-45580.48756,5.9,12.5,9.5
-45580.29611,6.5,11.8,9.5
-45580.0387,6.7,9.2,9.5
-45579.96947,7.2,6.7,9.5
-45580.28762,3.8,9.1,9.8
-45579.93619,4.4,9.2,9.8
-45580.00568,5.0,12.4,9.1
-45580.64462,5.1,6.1,9.5
-45579.94483,7.4,12.2,9.5
-45581.11568,7.5,5.9,9.1
-45580.03511,8.2,9.5,9.5
-45580.48679,5.4,12.8,9.1
-45580.05378,5.5,12.4,9.8
-45579.97064,5.7,9.0,9.8
-45580.19206,6.0,12.7,9.8
-45580.10294,6.1,9.2,9.1
-45580.95696,6.2,12.6,9.1
-45579.96929,6.3,9.3,9.8
-45580.01236,6.9,11.9,9.8
-45580.49535,7.4,5.4,10.2
-45579.93704,8.2,8.3,10.2
-45579.98693,3.4,7.8,10.2
-45580.32625,3.7,8.7,8.7
-45580.88418,5.8,6.0,9.1
-45581.40313,5.9,5.3,10.2
-45579.95882,6.7,8.4,10.2
-45580.50401,3.4,8.3,9.4
-45581.09522,5.2,5.7,9.9
-45583.87681,5.9,4.8,9.4
-45581.61426,6.5,5.0,10.2
-45583.3438,6.5,5.5,9.4
-45582.68667,7.0,5.6,9.4
-45580.51495,8.6,9.1,9.0
-45580.2306,8.6,9.4,9.8
-45580.06593,8.7,10.2,9.9
-45580.88569,9.0,8.8,9.1
-45579.95992,9.0,9.3,10.3
-45580.45606,9.1,10.0,9.4
-45580.07484,4.2,5.4,9.4
-45580.3979,5.5,12.1,9.0
-45580.10798,5.8,6.5,10.3
-45580.71265,6.4,5.8,10.3
-45580.48701,3.8,9.4,9.0
-45580.09455,3.9,9.9,9.9
-45580.15301,6.3,8.8,9.0
-45580.61265,6.9,12.2,9.0
-45582.36738,7.4,5.1,9.4
-45579.96254,7.5,6.2,10.3
-45580.34494,8.9,8.7,9.9
-45580.18128,3.4,9.8,10.0
-45580.68081,3.5,9.5,8.9
-45579.96654,4.4,8.9,9.0
-45580.31838,5.8,12.0,8.9
-45580.74199,6.4,12.3,8.9
-45580.09435,6.6,8.9,8.9
-45579.9492,7.3,8.4,9.3
-45581.11334,7.9,5.0,9.3
-45580.08429,8.4,8.6,10.0
-45581.18196,4.7,5.5,9.3
-45581.13678,5.1,4.9,10.0
-45583.3761,5.4,4.9,9.3
-45580.01418,5.5,6.4,10.4
-45581.59762,5.7,5.6,10.0
-45579.99293,6.0,6.7,10.4
-45579.93034,6.0,8.1,10.0
-45580.03513,6.3,5.6,10.7
-45579.91263,6.3,7.3,10.4
-45583.39233,6.8,5.4,9.3
-45580.24686,6.9,5.9,10.4
-45579.94205,8.3,9.0,8.9
-45580.31015,9.1,8.5,10.0
-45580.02645,3.2,9.7,10.2
-45580.03484,3.9,8.8,8.7
-45580.29994,5.4,12.3,8.7
-45580.15573,7.4,6.0,10.2
-45579.96933,3.8,10.5,9.8
-45580.51168,4.3,4.8,9.1
-45580.60019,4.8,5.7,9.8
-45580.13216,5.0,13.1,8.7
-45580.3071,6.5,6.4,10.2
-45579.91584,7.0,6.7,10.2
-45582.34361,7.5,5.3,9.1
-45580.08237,8.3,8.4,9.1
-45580.14407,8.6,10.0,9.8
-45579.91168,3.4,7.2,10.2
-45583.48547,5.8,5.4,9.1
-45580.8161,5.9,5.9,10.2
-45584.17346,6.4,4.9,9.1
-45582.25339,6.7,5.6,9.8
-45580.3627,7.1,7.2,8.7
-45580.22815,8.7,9.3,8.7
-45580.07519,9.1,9.1,10.2
-45580.07628,3.4,10.4,9.5
-45580.2532,4.4,5.6,9.5
-45581.94998,5.1,5.5,9.5
-45582.8738,6.3,5.7,9.5
-45582.82252,6.6,5.6,9.6
-45579.96559,9.1,7.9,9.5
-45581.08768,4.9,5.7,9.6
-45580.24204,8.7,10.0,9.6
-45580.69246,9.2,8.7,9.6
-45581.30652,4.6,4.9,9.2
-45581.32587,5.0,5.5,9.7
-45581.50387,5.1,5.8,8.8
-45583.07045,5.5,5.5,9.2
-45582.98691,6.0,5.6,9.2
-45579.97545,6.1,8.3,9.7
-45582.56691,6.2,5.7,9.7
-45580.21974,6.8,6.5,10.1
-45583.75194,6.9,4.8,9.2
-45580.18991,7.4,12.5,8.8
-45580.16573,3.5,10.4,9.7
-45580.27104,4.5,5.6,9.7
-45580.7982,5.4,5.8,10.1
-45580.35111,5.9,12.2,8.8
-45580.10916,6.5,12.1,8.8
-45581.42886,7.8,5.2,9.2
-45579.99282,8.4,5.1,9.2
-45580.23025,8.6,8.5,9.2
-45580.85041,3.4,8.9,8.8
-45580.04958,3.7,9.6,10.1
-45580.35309,3.9,9.0,9.6
-45579.9437,4.5,9.3,9.6
-45580.14734,5.4,12.5,9.6
-45579.96752,5.6,9.1,9.6
-45580.42895,6.1,12.6,9.6
-45580.1,6.2,9.2,9.6
-45580.12457,6.8,11.8,9.6
-45580.39334,8.7,9.5,9.6
-45580.151,9.0,7.9,9.7
-45580.26073,5.8,12.4,9.7
-45580.22121,6.4,11.9,9.7
-45579.96764,6.6,9.3,9.7
-45580.7333,6.7,12.6,9.2
-45580.03521,7.0,9.1,9.2
-45580.03258,7.9,5.4,10.1
-45580.10411,8.7,8.3,10.1
-45580.48751,3.5,9.1,9.7
-45580.73425,5.9,12.8,9.2
-45580.21018,7.8,5.9,9.2
-45580.60316,3.2,8.7,8.8
-45580.25179,4.7,5.1,10.1
-45580.60573,5.0,6.0,9.7
-45582.70505,5.1,5.3,8.8
-45581.22019,5.4,5.3,10.1
-45580.11226,6.1,6.8,9.7
-45580.03561,6.2,8.4,10.1
-45581.70838,6.8,5.0,10.1
-45580.66395,6.9,6.3,9.2
-45580.12047,7.4,13.1,9.2
-45580.07376,8.3,9.4,9.7
-45580.00581,3.4,7.9,10.2
-45580.28551,3.7,8.6,8.7
-45579.91581,4.5,8.5,10.1
-45581.50418,5.5,6.0,9.2
-45580.48524,5.8,6.1,9.1
-45580.29651,3.8,9.0,9.8
-45579.92252,4.4,9.3,9.8
-45580.03562,5.0,12.5,9.1
-45581.47167,5.9,5.2,10.2
-45581.56629,6.5,5.1,10.2
-45579.95328,6.7,8.5,10.2
-45581.32771,7.5,5.8,9.1
-45580.22508,8.6,9.5,9.8
-45580.91412,9.0,8.9,9.1
-45580.47459,5.4,12.9,9.1
-45580.04894,5.5,12.5,9.8
-45579.95105,5.7,9.1,9.8
-45580.20331,6.0,12.6,9.8
-45580.02346,6.1,9.3,9.1
-45580.92979,6.2,12.7,9.1
-45580.00206,6.3,9.2,9.8
-45579.98399,6.9,11.8,9.8
-45580.44744,7.4,5.5,10.2
-45579.91525,8.2,8.2,10.2
-45580.71308,3.4,9.1,9.5
-45579.91094,4.8,9.2,9.5
-45580.89205,5.1,6.0,9.5
-45579.93085,5.3,9.0,9.5
-45580.04655,5.6,6.8,9.3
-45580.4839,5.9,12.4,9.5
-45579.91705,6.0,6.8,9.5
-45580.3528,6.5,11.9,9.5
-45579.99198,6.7,9.3,9.5
-45581.30338,6.8,6.1,9.3
-45580.08682,7.2,6.6,9.5
-45579.95919,7.4,12.3,9.5
-45580.08362,8.2,9.4,9.5
-45580.11092,3.2,7.6,10.0
-45580.05634,4.7,6.0,9.3
-45582.66521,5.0,5.1,8.9
-45580.20982,5.1,6.2,10.0
-45581.05348,5.4,6.2,9.3
-45580.65091,5.5,5.1,10.4
-45579.93417,6.3,7.8,10.4
-45580.64702,6.4,12.9,9.3
-45580.01146,6.8,8.7,8.9
-45580.6655,6.9,5.2,10.4
-45579.96482,8.0,8.9,9.3
-45579.9969,8.2,8.8,10.0
-45580.56729,8.9,9.7,9.3
-45580.03234,9.1,7.0,10.0
-45580.22907,3.4,9.3,10.0
-45580.18372,5.2,12.7,9.3
-45579.95846,5.9,11.8,10.0
-45579.91201,6.7,9.1,10.0
-45581.92538,7.3,5.7,8.9
-45580.07886,9.0,8.3,8.9
-45580.17882,3.9,9.2,9.9
-45580.49244,5.7,12.6,9.4
-45580.18232,6.0,9.1,9.4
-45580.00698,6.2,9.0,9.9
-45580.01003,6.5,12.5,10.0
-45580.0411,6.8,12.4,9.9
-45580.4003,6.9,12.8,9.4
-45580.19492,7.4,6.4,9.4
-45580.33133,7.5,4.9,10.3
-45581.58082,7.6,5.6,9.0
-45579.98249,3.5,8.5,10.3
-45579.92878,4.0,8.6,10.3
-45579.9846,4.1,5.3,9.0
-45580.1589,4.2,8.7,9.0
-45581.19851,5.8,5.0,10.3
-45580.84757,5.9,6.3,9.4
-45580.05352,6.0,11.7,9.0
-45581.15726,6.4,5.3,10.3
-45581.91197,6.5,6.0,9.4
-45580.01353,6.5,8.6,9.0
-45579.91894,6.6,7.9,10.3
-45580.02526,7.0,8.5,9.0
-45580.15604,8.4,9.6,9.4
-45580.24891,8.7,8.9,9.9
-45580.75095,9.1,9.5,9.4
-45580.31836,3.5,10.0,9.3
-45579.92259,5.8,11.5,9.3
-45580.92494,6.4,12.9,8.9
-45579.91714,6.7,11.7,10.0
-45582.0271,7.3,5.7,9.3
-45580.3798,7.8,4.8,10.0
-45580.04163,8.6,8.1,10.0
-45579.95384,4.7,8.6,9.3
-45580.36986,5.2,12.7,8.9
-45580.37423,5.4,6.2,8.9
-45580.31453,9.0,8.3,9.3
-45580.18816,3.8,8.4,10.0
-45580.21041,4.6,5.3,10.0
-45580.15866,4.7,6.0,8.9
-45582.33574,5.0,5.1,9.3
-45579.9549,5.1,6.2,10.4
-45581.76,5.5,5.1,10.0
-45579.99018,5.5,5.2,10.7
-45579.97722,5.7,8.5,10.0
-45580.01445,6.8,6.1,8.9
-45580.04591,6.8,8.7,9.3
-45580.04535,6.9,5.1,10.7
-45581.80578,6.9,5.2,10.0
-45580.1776,8.9,9.7,8.9
-45580.16545,4.0,8.6,9.9
-45579.95324,4.1,5.3,9.4
-45580.0284,4.2,8.7,9.4
-45582.50048,5.8,5.0,9.9
-45580.00701,6.4,5.0,10.8
-45582.4915,6.4,5.3,9.9
-45580.15938,6.5,8.6,9.4
-45579.92522,7.8,13.2,9.0
-45579.95363,8.7,8.9,10.3
-45580.26777,9.0,9.8,9.9
-45580.83418,9.1,9.5,9.0
-45580.38174,3.5,8.5,9.9
-45579.92438,4.3,5.2,9.9
-45580.81495,5.7,12.6,9.0
-45580.11921,6.0,9.1,9.0
-45580.28842,6.0,11.7,9.4
-45580.01981,6.2,11.6,9.9
-45580.1471,6.5,6.0,9.0
-45581.10073,7.5,4.9,9.9
-45581.398,7.6,5.6,9.4
-45580.2171,5.0,6.0,10.1
-45582.609,5.1,5.3,9.2
-45582.33846,5.4,5.3,9.7
-45580.35616,5.5,6.0,8.8
-45580.04736,5.5,8.6,9.2
-45579.96191,6.0,8.5,9.2
-45580.08505,6.2,8.4,9.7
-45582.95354,6.8,5.0,9.7
-45580.70181,6.9,12.8,9.0
-45580.04266,7.4,6.4,9.0
-45579.93898,8.3,9.4,10.1
-45580.95586,3.2,8.7,9.2
-45580.84348,4.7,5.1,9.7
-45580.10022,6.1,6.8,10.1
-45579.91233,6.4,11.9,10.1
-45580.85712,6.7,12.6,8.8
-45580.24688,7.4,13.1,8.8
-45580.48316,7.9,5.4,9.7
-45580.16154,8.7,8.3,9.7
-45580.02173,8.9,10.6,9.7
-45580.13609,3.5,9.1,10.1
-45583.25585,5.8,5.2,9.6
-45580.93693,5.9,12.8,8.8
-45583.50013,6.4,5.1,9.6
-45580.0593,6.5,6.2,10.5
-45580.01373,6.6,8.5,9.6
-45580.53693,7.2,7.3,8.8
-45580.22114,7.8,5.9,8.8
-45579.96707,9.0,7.2,10.1
-45580.13981,9.0,10.4,9.6
-45579.975,3.5,7.9,9.6
-45580.18066,4.3,5.0,9.6
-45580.02818,5.6,11.7,9.6
-45580.08522,5.9,6.1,10.5
-45581.44424,7.5,5.5,9.6
-45580.29587,8.0,5.6,9.6
-45580.90789,4.6,5.1,9.5
-45580.58856,5.4,12.9,8.7
-45582.99343,5.5,5.3,9.5
-45579.99497,5.7,11.7,9.8
-45580.04821,6.3,8.4,9.5
-45579.93682,6.8,6.3,10.6
-45583.29287,6.9,5.0,9.5
-45580.93907,7.8,5.4,9.5
-45580.01728,3.8,9.0,10.2
-45580.06201,5.0,12.5,8.7
-45580.90168,6.2,12.7,8.7
-45581.2712,7.4,5.5,9.8
-45581.17947,7.5,5.8,8.7
-45580.0168,8.1,5.6,9.8
-45580.27811,3.4,7.9,9.8
-45580.45638,3.7,8.6,9.1
-45580.14873,9.1,10.4,9.8
-45580.78975,5.2,7.5,8.7
-45580.12669,5.8,8.7,9.1
-45582.79786,5.9,5.2,9.8
-45582.91202,6.5,5.1,9.8
-45579.98596,6.7,8.5,9.8
-45580.42277,6.9,6.5,9.5
-45579.94697,8.6,9.5,10.2
-45580.72197,9.0,8.9,8.7
-45580.53891,3.6,9.6,9.5
-45580.01499,5.4,5.5,10.6
-45582.18268,5.5,5.8,9.5
-45580.38825,5.9,13.0,9.5
-45580.20142,6.1,5.6,10.6
-45580.35964,6.8,4.8,10.6
-45579.94393,7.4,12.9,9.5
-45580.0515,8.1,9.3,9.5
-45580.34935,4.3,4.8,8.7
-45580.07134,4.8,5.7,10.2
-45581.84226,5.9,5.9,9.8
-45580.85441,6.5,6.4,9.8
-45579.98876,7.0,8.9,9.5
-45580.61574,8.7,9.3,9.1
-45579.98594,3.4,7.2,9.8
-45579.94474,5.5,13.1,9.8
-45582.30686,5.8,5.4,8.7
-45583.36646,6.4,4.9,8.7
-45581.06817,6.7,5.6,10.2
-45580.44074,9.1,9.1,9.8
-45580.40618,3.2,9.7,9.8
-45580.36576,3.9,8.8,9.1
-45580.10723,5.0,13.1,9.1
-45580.44869,5.4,12.3,9.1
-45580.09939,5.6,8.9,9.1
-45579.94065,6.2,9.4,9.1
-45580.52301,6.8,12.0,9.1
-45579.96741,6.9,13.2,9.8
-45580.65749,7.4,6.0,9.8
-45582.28389,7.5,5.3,8.7
-45579.99354,5.3,8.8,9.2
-45580.72435,5.9,12.2,9.2
-45580.68951,6.5,12.1,9.2
-45581.51657,7.8,5.2,8.8
-45579.92221,8.1,8.5,10.2
-45579.92074,8.4,5.1,8.8
-45580.2033,8.6,8.5,8.8
-45580.08028,9.0,7.9,10.1
-45580.92898,3.4,8.9,9.2
-45580.37594,3.7,9.6,9.7
-45581.60608,5.1,5.8,9.2
-45582.53373,5.5,5.5,8.8
-45580.17092,5.8,13.0,9.7
-45581.09277,6.0,5.6,8.8
-45580.021,6.1,8.3,10.1
-45581.4112,6.2,5.7,10.1
-45583.48915,6.9,4.8,8.8
-45580.09595,7.4,12.5,9.2
-45580.18729,8.2,9.2,9.2
-45580.56823,3.3,9.7,9.6
-45579.92752,4.5,5.6,10.1
-45581.38996,4.6,4.9,8.8
-45580.55106,5.0,5.5,10.1
-45581.72601,5.4,5.8,9.7
-45580.05732,5.4,13.1,9.6
-45580.49143,5.9,5.4,10.5
-45579.97234,6.1,9.5,9.6
-45580.73686,6.5,4.9,10.5
-45580.33177,6.8,6.5,9.7
-45580.17819,6.8,13.2,9.6
-45580.0062,7.4,5.3,10.5
-45580.54865,7.5,6.0,9.6
-45580.58971,9.0,9.1,9.6
-45580.50658,3.8,9.4,9.4
-45580.00323,4.4,8.9,9.4
-45580.26971,5.5,12.1,9.4
-45582.13553,5.8,5.9,9.6
-45580.03542,6.1,8.9,9.9
-45580.26737,6.3,8.8,9.4
-45580.9512,6.4,6.4,9.6
-45579.94677,6.8,13.0,9.9
-45580.36534,6.9,12.2,9.4
-45582.82583,7.4,5.1,9.0
-45580.05688,7.5,6.2,9.9
-45579.98312,8.9,8.7,10.3
-45580.00294,3.5,7.0,9.9
-45580.28953,5.2,5.7,10.3
-45583.92711,5.9,4.8,9.0
-45582.84782,6.5,5.5,9.0
-45582.62996,7.0,5.6,9.0
-45580.48469,8.6,9.1,9.4
-45580.31016,9.0,9.3,9.9
-45580.07963,3.4,8.3,9.0
-45580.1057,4.2,5.4,9.0
-45580.30225,5.5,6.4,10.0
-45580.47959,5.8,6.5,9.9
-45580.23578,6.0,6.7,10.0
-45581.84556,6.4,5.8,9.9
-45580.08522,6.7,6.7,9.4
-45579.96352,9.1,10.0,9.0
-45579.92928,3.2,6.5,10.0
-45580.04887,4.6,5.8,10.0
-45581.30224,4.7,5.5,8.9
-45580.12316,5.0,6.4,9.3
-45580.29954,5.1,4.9,10.4
-45579.93061,6.0,8.1,10.4
-45583.12368,6.8,5.4,8.9
-45581.07143,6.9,5.9,10.0
-45579.92665,8.1,9.1,10.0
-45580.26914,8.3,9.0,9.3
-45580.72875,3.5,9.5,9.3
-45580.18307,4.0,9.6,9.3
-45579.93734,4.2,9.7,10.0
-45583.58669,5.4,4.9,8.9
-45580.51227,5.7,5.6,10.4
-45580.74977,6.4,12.3,9.3
-45579.91752,6.5,13.1,10.0
-45581.31618,7.9,5.0,8.9
-45580.30253,3.9,8.7,9.7
-45580.73207,4.4,5.1,9.2
-45580.03248,4.6,8.5,9.2
-45580.74343,5.6,6.0,10.1
-45579.91732,5.6,8.6,9.7
-45580.49318,5.8,12.0,9.3
-45580.60541,6.2,6.3,10.1
-45580.2378,6.6,8.9,9.3
-45580.38478,8.9,9.9,9.7
-45580.02228,3.3,7.5,10.1
-45580.74164,3.6,9.1,8.8
-45580.07852,5.1,7.4,8.8
-45583.6519,5.7,5.3,9.2
-45580.17041,5.9,11.6,9.2
-45583.2551,6.1,5.1,9.7
-45584.20075,6.3,5.0,9.2
-45579.95226,6.6,11.4,9.7
-45579.99297,6.9,8.4,9.2
-45580.66452,7.0,12.9,8.8
-45580.45818,7.3,5.9,10.1
-45580.47369,8.8,9.4,8.8
-45580.10651,9.2,10.5,9.7
-45579.95733,3.5,10.8,9.7
-45580.20252,3.7,10.2,9.7
-45580.00642,4.0,8.5,9.6
-45580.0122,4.0,9.3,10.1
-45580.42453,5.3,12.4,8.8
-45579.99534,5.9,9.0,8.8
-45579.91161,6.4,12.6,10.1
-45580.01796,7.0,6.0,10.5
-45582.87699,7.2,5.4,9.2
-45579.96882,8.4,8.3,9.2
-45580.22904,3.3,10.3,9.6
-45580.5961,3.5,8.6,9.6
-45580.08691,6.2,11.5,9.6
-45582.53132,7.1,5.3,9.6
-45580.15922,8.5,9.8,9.6
-45580.18831,3.6,10.2,9.5
-45583.6942,6.0,5.1,9.5
-45579.95235,6.7,11.4,9.5
-45580.51165,8.0,4.9,9.6
-45580.18694,3.2,10.3,9.8
-45580.44663,3.8,8.7,9.5
-45579.95575,5.7,8.6,9.5
-45579.97168,6.1,6.2,10.6
-45581.51506,7.7,5.5,9.1
-45580.11956,8.1,4.9,9.8
-45580.38168,8.8,9.9,9.5
-45579.92011,8.9,8.2,9.1
-45580.71543,3.3,9.0,8.7
-45580.59788,5.6,12.5,8.7
-45580.03314,6.3,11.5,9.8
-45584.06038,6.6,5.1,9.1
-45582.19612,7.0,5.3,9.8
-45580.09474,7.6,5.8,10.2
-45580.20331,8.3,4.8,9.1
-45580.21551,9.0,9.6,8.7
-45580.49289,3.4,8.6,9.8
-45580.09313,3.6,10.0,10.0
-45580.01858,4.1,8.5,9.8
-45580.04509,4.3,8.4,9.1
-45579.9228,4.8,6.3,10.2
-45582.3015,4.9,5.0,9.1
-45583.03264,5.2,5.2,9.1
-45580.24645,5.3,6.1,10.2
-45579.91449,6.4,8.5,9.1
-45580.03487,6.5,6.8,10.2
-45580.42665,6.7,6.2,10.2
-45580.32939,7.1,6.0,8.7
-45580.06523,7.1,8.6,9.1
-45580.16706,7.8,5.7,10.0
-45580.06633,8.4,9.8,9.8
-45580.62394,3.7,9.3,8.9
-45579.91283,5.8,9.2,8.9
-45580.07071,6.4,9.1,8.9
-45580.33292,6.4,11.7,9.3
-45580.89979,6.6,12.5,8.9
-45582.85049,7.3,4.8,9.3
-45579.97605,5.4,8.5,9.3
-45583.65055,5.6,5.1,9.3
-45580.22086,6.0,5.0,10.7
-45582.12374,6.0,5.3,10.0
-45580.16988,6.1,8.6,9.3
-45583.97868,6.2,5.2,9.3
-45580.04088,6.3,8.7,10.0
-45579.93616,7.2,6.5,10.4
-45580.74385,8.9,8.8,8.9
-45580.66678,3.3,8.4,9.3
-45580.49985,3.6,8.5,9.4
-45579.95802,4.4,8.6,10.0
-45580.81255,4.5,5.3,9.3
-45581.55093,4.8,5.2,9.4
-45580.02309,5.2,6.3,10.3
-45580.12456,5.7,6.2,10.4
-45579.91983,5.8,6.9,10.3
-45580.25623,6.3,6.1,10.4
-45580.47674,6.6,6.0,10.3
-45580.53331,7.0,6.2,9.0
-45581.84274,7.1,5.1,9.9
-45580.18639,8.4,8.9,9.0
-45579.92532,8.8,10.5,10.0
-45579.96306,9.0,10.7,9.9
-45580.88378,9.2,9.4,8.9
-45580.99433,3.2,9.2,9.0
-45579.95396,4.9,6.1,10.3
-45580.20782,5.1,12.6,9.0
-45582.97545,5.3,5.0,9.4
-45580.87163,6.0,12.9,9.0
-45580.03879,6.6,8.6,9.9
-45583.52337,6.7,5.3,9.4
-45580.21054,3.3,10.1,9.9
-45580.21713,5.7,11.9,9.0
-45580.01833,6.1,13.1,9.9
-45580.94183,6.3,12.4,9.0
-45580.52747,6.3,13.0,9.4
-45580.02512,6.9,9.0,9.0
-45580.81068,7.5,5.6,9.9
-45581.85299,7.6,4.9,9.4
-45580.09562,8.0,5.5,9.9
-45580.18562,8.2,5.4,9.4
-45579.99963,9.2,8.4,10.3
-45580.38099,3.2,9.9,9.0
-45580.33492,3.3,9.4,9.9
-45580.37313,5.3,6.5,9.4
-45579.99361,5.6,12.1,9.9
-45580.61843,6.0,12.3,9.4
-45580.11943,6.2,12.2,9.9
-45579.96858,6.8,8.8,9.9
-45580.04592,7.6,6.2,9.4
-45580.05246,7.7,5.1,10.3
-45580.59254,8.1,5.3,9.0
-45580.1233,8.2,8.7,9.0
-45579.94648,3.7,8.3,10.3
-45580.51691,4.8,5.9,9.4
-45580.12352,4.9,5.4,10.3
-45579.94302,5.8,8.2,10.3
-45580.2992,6.4,6.7,9.9
-45580.92985,6.6,5.5,10.3
-45582.5037,6.7,5.8,9.4
-45583.70951,7.0,4.9,9.0
-45580.13627,7.1,6.4,9.9
-45580.14836,8.5,9.1,9.9
-45580.05207,4.5,5.8,9.3
-45580.63659,5.2,4.8,10.3
-45582.43692,5.4,5.6,8.9
-45580.87544,5.7,4.9,10.4
-45581.79838,5.9,5.7,9.0
-45581.53112,6.0,5.8,10.0
-45582.3131,6.1,5.5,8.9
-45580.80856,6.3,5.4,10.4
-45579.95938,6.4,8.1,10.3
-45579.96253,7.5,12.6,9.3
-45580.19846,8.8,9.0,10.0
-45579.93069,4.9,13.0,9.3
-45580.08562,5.1,5.6,10.4
-45580.60198,5.6,6.4,9.3
-45582.03215,6.2,5.9,9.3
-45579.97331,6.7,12.3,10.0
-45580.05925,6.9,6.6,10.0
-45580.24908,7.1,12.1,9.3
-45580.4642,7.2,5.0,10.4
-45580.41807,8.7,8.6,8.9
-45580.38493,4.0,8.9,9.3
-45580.02991,4.2,8.8,10.0
-45580.15164,5.2,13.2,9.3
-45579.97526,6.5,8.9,10.0
-45580.53745,6.6,13.1,9.3
-45580.17289,3.6,9.5,10.0
-45580.10258,5.3,12.2,9.5
-45580.10744,5.5,6.7,9.5
-45580.2146,5.9,8.8,9.5
-45580.78589,6.0,6.4,9.5
-45580.50066,6.1,4.9,10.6
-45579.95559,6.5,9.5,9.5
-45580.36223,6.7,12.1,9.5
-45580.05726,6.8,5.7,10.6
-45580.18938,7.0,13.1,9.5
-45580.61415,7.3,6.3,9.3
-45580.53672,8.8,9.2,9.5
-45580.60525,3.6,8.9,9.5
-45579.9418,4.2,8.2,10.2
-45580.15406,4.2,9.4,9.5
-45580.77884,5.3,5.4,10.2
-45579.93602,5.9,8.0,10.2
-45580.44273,6.4,5.6,8.7
-45579.98538,6.5,8.3,10.2
-45581.52047,6.7,4.9,10.2
-45582.31202,7.1,5.5,8.7
-45579.94228,7.2,12.4,9.8
-45580.11807,8.4,9.3,9.8
-45580.02012,3.6,8.1,10.2
-45580.27732,4.8,4.8,10.2
-45581.58309,5.2,5.9,9.1
-45579.92174,5.5,8.9,9.8
-45580.12701,5.7,12.3,9.8
-45580.40633,5.9,6.6,9.8
-45580.18751,6.3,12.0,9.8
-45581.59209,7.0,5.8,9.8
-45580.27391,7.3,12.8,9.1
-45580.28225,7.6,5.3,10.2
-45580.82235,8.0,5.1,8.7
-45580.04647,8.8,8.4,10.2
-45580.5656,5.6,13.1,9.1
-45580.71298,6.1,12.1,9.1
-45580.66688,6.2,13.2,9.1
-45580.34911,7.7,6.0,9.1
-45580.50743,3.2,8.8,9.8
-45580.77199,3.4,9.6,9.2
-45580.4193,3.7,8.9,9.7
-45579.9382,4.0,9.8,10.1
-45580.07228,4.1,9.5,9.2
-45579.99707,4.3,9.4,9.7
-45579.94129,4.8,13.2,9.2
-45580.31042,5.3,13.0,9.2
-45579.96556,7.1,13.1,9.7
-45581.17651,7.2,6.1,9.2
-45580.18631,9.0,8.6,10.1
-45579.94984,5.2,12.2,9.7
-45582.28404,5.7,5.8,9.2
-45580.07976,5.8,8.8,9.7
-45580.96162,6.1,6.4,9.7
-45579.93978,6.4,9.5,9.7
-45580.2387,6.6,12.1,9.7
-45580.47002,7.0,12.3,9.2
-45580.93923,7.3,5.2,10.1
-45580.06332,8.5,8.5,10.1
-45580.58656,9.2,9.0,9.7
-45580.04934,3.3,6.6,9.7
-45580.12853,3.3,8.0,10.1
-45579.99275,4.5,4.9,10.1
-45580.64244,4.6,5.6,8.8
-45581.30869,5.6,5.5,10.1
-45583.65276,6.0,4.9,8.8
-45582.08738,6.2,4.8,10.1
-45579.91248,6.8,8.2,10.1
-45581.36864,6.9,5.7,8.8
-45579.94984,7.6,12.9,9.2
-45580.45488,8.9,9.2,9.7
-45580.68551,3.3,8.8,9.6
-45579.93517,5.4,8.9,9.6
-45580.24692,5.6,12.3,9.6
-45580.27112,5.8,6.6,9.6
-45580.35023,6.2,12.0,9.6
-45580.3839,6.5,5.6,10.5
-45580.22729,7.0,5.5,10.5
-45581.857,7.1,5.8,9.6
-45580.00306,7.3,12.4,9.6
-45579.93351,7.9,9.0,9.6
-45580.27621,8.5,9.3,9.6
-45580.13409,3.2,8.8,10.2
-45580.62907,6.2,13.2,8.7
-45580.98113,7.6,5.3,9.8
-45580.21298,7.7,6.0,8.7
-45580.07517,7.7,8.6,9.1
-45580.96782,8.0,5.1,9.1
-45579.96483,8.2,5.0,9.8
-45580.37142,8.8,8.4,9.8
-45580.02865,4.0,8.3,9.1
-45581.80417,5.3,5.4,9.8
-45580.62275,5.6,13.1,8.7
-45582.68244,6.4,5.6,9.1
-45579.95632,6.5,8.3,9.8
-45582.81856,6.7,4.9,9.8
-45580.64955,7.0,5.8,10.2
-45582.90367,7.1,5.5,9.1
-45580.36015,7.3,12.8,8.7
-45579.92641,8.4,9.3,10.2
-45580.2654,3.6,8.1,9.8
-45579.93267,4.1,9.8,9.5
-45580.94414,4.8,4.8,9.8
-45581.00933,5.2,5.9,8.7
-45580.15231,5.9,6.6,10.2
-45582.6125,7.2,5.2,9.5
-45579.91321,8.4,8.5,9.5
-45580.7232,9.1,8.6,9.5
-45579.9674,9.1,10.8,9.8
-45580.47811,4.4,4.9,9.5
-45579.99548,5.6,5.8,10.6
-45583.02089,5.7,5.5,9.5
-45583.82497,6.3,4.8,9.5
-45580.22015,3.2,8.0,9.5
-45579.94413,3.7,8.1,9.6
-45581.5722,4.9,4.8,9.6
-45582.0766,5.2,5.4,9.6
-45579.97594,5.3,5.9,10.5
-45579.92629,6.2,6.5,10.6
-45579.91494,6.4,8.3,9.6
-45583.45838,6.6,4.9,9.6
-45579.99768,6.7,6.4,10.5
-45580.10114,9.2,7.8,9.6
-45580.39564,3.3,8.0,9.7
-45580.45389,4.5,4.9,9.7
-45580.80093,4.6,5.6,9.2
-45580.0312,7.6,12.9,8.8
-45581.09451,7.7,5.3,9.6
-45579.97094,8.3,5.0,9.6
-45580.47951,8.9,8.4,9.6
-45582.46069,5.6,5.5,9.7
-45580.52064,5.7,5.8,8.8
-45584.15488,6.0,4.9,9.2
-45580.47205,6.1,6.4,10.1
-45583.37489,6.2,4.8,9.7
-45580.11432,8.9,9.2,10.1
-45580.19296,9.2,9.0,10.1
-45580.51203,3.4,9.6,8.8
-45580.11898,3.7,8.9,10.1
-45580.48451,5.3,13.0,8.8
-45582.60829,6.9,5.7,9.2
-45580.57191,7.2,6.1,8.8
-45580.00289,7.2,8.7,9.2
-45579.92997,8.7,7.7,10.1
-45580.28531,3.7,8.3,9.9
-45580.15002,4.0,9.8,9.7
-45579.98149,4.8,13.2,8.8
-45580.81948,4.9,5.4,9.9
-45581.5912,5.2,4.8,9.9
-45579.944,5.8,8.8,10.1
-45582.85008,5.9,5.7,9.4
-45580.05561,6.4,6.7,10.3
-45579.97596,6.6,4.8,10.8
-45582.17144,6.6,5.5,9.9
-45581.45432,6.7,5.8,9.0
-45583.34735,7.0,4.9,9.4
-45580.50818,7.0,12.3,8.8
-45580.03192,7.1,6.4,10.3
-45581.91601,7.3,5.2,9.7
-45580.08578,8.5,8.5,9.7
-45580.53975,9.0,8.6,9.7
-45579.97335,3.3,9.4,10.3
-45580.69129,4.8,5.9,9.0
-45580.83963,6.0,12.3,9.0
-45580.83496,6.3,13.0,9.0
-45580.20828,7.6,6.2,9.0
-45580.66786,7.7,5.1,9.9
-45579.96599,8.2,8.7,9.4
-45580.08634,8.9,7.8,9.9
-45580.4189,9.2,8.4,9.9
-45580.58228,3.2,9.9,9.4
-45580.34535,3.7,9.8,9.3
-45580.06541,4.9,13.0,8.9
-45580.08426,7.1,12.1,8.9
-45581.42649,7.2,5.0,10.0
-45580.2545,7.3,6.3,8.9
-45580.42345,8.1,5.3,9.4
-45580.35333,8.7,8.6,9.3
-45580.18923,4.0,8.9,8.9
-45579.92818,4.5,5.8,8.9
-45580.32475,5.2,13.2,8.9
-45582.68413,5.4,5.6,9.3
-45582.0942,5.7,4.9,10.0
-45580.01954,5.7,5.4,10.7
-45583.41363,6.1,5.5,9.3
-45580.25832,6.3,4.9,10.7
-45582.08171,6.3,5.4,10.0
-45580.74616,6.6,13.1,8.9
-45580.29443,9.2,10.1,9.3
-45580.28675,3.2,8.2,10.0
-45579.93114,4.4,5.5,10.0
-45580.82296,5.1,5.6,10.0
-45580.84574,6.0,5.3,10.4
-45580.46383,6.0,5.8,10.4
-45579.96187,6.9,6.6,10.4
-45580.07892,7.5,12.6,8.9
-45580.04055,3.2,6.9,10.0
-45580.273,3.3,8.4,8.9
-45583.77691,5.6,5.1,8.9
-45579.98936,6.1,8.6,8.9
-45583.74763,6.2,5.2,8.9
-45581.09783,6.3,6.1,10.0
-45580.75474,8.9,8.8,9.3
-45580.9476,4.5,5.3,8.9
-45580.74492,5.7,6.2,10.0
-45579.97171,5.9,12.7,10.0
-45581.63205,6.1,6.0,9.3
-45580.19496,6.4,9.1,9.3
-45583.09867,7.3,4.8,8.9
-45580.88436,9.2,9.4,9.3
-45580.64706,3.7,9.3,9.3
-45580.04877,4.1,9.1,10.0
-45580.17009,4.3,9.0,9.3
-45580.03217,5.1,12.6,9.4
-45580.10508,5.8,9.2,9.3
-45580.09162,6.2,12.8,9.9
-45580.70076,6.6,12.5,9.3
-45579.91048,6.7,12.9,10.0
-45580.88624,3.2,9.2,9.4
-45580.0175,4.6,9.1,9.4
-45580.30776,5.7,11.9,9.4
-45580.54206,6.0,12.9,9.4
-45580.12608,6.1,12.5,9.9
-45580.07237,6.9,9.0,9.4
-45580.25045,8.2,5.4,9.0
-45580.0786,9.2,7.1,9.9
-45580.43696,3.6,8.5,9.0
-45581.97234,4.8,5.2,9.0
-45580.14613,5.2,6.3,9.9
-45579.9224,5.5,9.3,9.4
-45580.66829,6.3,12.4,9.4
-45581.40058,6.6,6.0,9.9
-45581.05975,7.0,6.2,9.4
-45580.1255,7.5,5.6,10.3
-45582.27986,7.6,4.9,9.0
-45580.17948,4.9,6.1,9.9
-45580.74754,5.2,6.1,9.6
-45583.42402,5.3,5.0,9.0
-45580.2052,5.6,12.9,9.6
-45580.29728,6.1,11.9,9.6
-45579.97637,6.4,6.8,9.6
-45581.39903,6.6,6.2,9.6
-45583.62887,6.7,5.3,9.0
-45580.28299,6.8,12.7,9.6
-45580.76605,7.1,5.1,10.3
-45580.06016,7.2,12.0,9.4
-45579.93048,7.3,13.0,9.6
-45580.63716,7.7,5.8,9.6
-45580.30336,8.4,8.9,9.4
-45580.19726,8.7,9.6,9.9
-45580.78629,3.6,9.1,9.2
-45580.19934,4.0,9.3,9.7
-45580.26061,4.2,9.2,9.2
-45580.22812,5.3,5.2,10.5
-45579.91408,5.9,7.8,10.5
-45580.59057,6.7,5.1,10.5
-45580.47549,7.0,12.9,9.2
-45581.15872,7.3,5.9,9.7
-45579.92413,3.7,10.2,10.1
-45580.31502,5.3,12.4,9.2
-45580.22641,5.9,9.0,9.2
-45580.31818,6.4,12.6,9.7
-45580.06209,6.5,9.3,9.2
-45580.49039,6.7,11.9,9.2
-45580.0668,7.1,12.5,9.7
-45582.79413,7.2,5.4,8.8
-45580.03087,8.9,9.9,10.1
-45580.08242,3.9,8.7,10.1
-45580.72987,4.4,5.1,8.8
-45581.59036,5.6,6.0,9.7
-45580.30766,6.0,6.2,9.2
-45581.95381,6.1,5.1,10.1
-45581.20304,6.2,6.3,9.7
-45579.99535,3.3,7.5,9.7
-45579.93594,5.6,8.6,10.1
-45583.2407,5.7,5.3,8.8
-45583.76362,6.3,5.0,8.8
-45579.99764,7.9,8.8,9.1
-45580.67035,8.8,9.4,9.2
-45580.09822,3.4,8.6,10.2
-45579.97764,4.1,8.5,10.2
-45582.32744,4.9,5.0,8.7
-45582.95279,5.2,5.2,8.7
-45579.92695,6.4,8.5,8.7
-45583.52421,6.6,5.1,8.7
-45581.15495,6.7,6.2,9.8
-45581.03498,7.0,5.3,10.2
-45581.43107,7.1,6.0,9.1
-45580.1218,7.3,12.2,9.1
-45580.10815,8.5,9.5,9.1
-45580.70792,9.0,9.6,9.1
-45580.82526,5.3,6.1,9.8
-45579.98199,5.4,9.1,9.1
-45580.67869,5.6,12.5,9.1
-45580.14112,6.0,11.9,9.8
-45580.36419,6.2,11.8,9.1
-45580.05494,6.5,6.8,9.8
-45580.03341,6.8,9.2,9.1
-45580.06085,6.9,12.7,9.8
-45580.02205,8.3,4.8,8.7
-45581.00448,3.3,9.0,9.1
-45580.06562,5.7,12.9,9.8
-45580.48661,6.2,5.0,10.6
-45580.62524,7.6,5.8,9.8
-45581.31295,7.7,5.5,8.7
-45580.19628,5.6,5.3,10.6
-45581.87478,5.7,6.0,9.5
-45581.12966,6.3,6.3,9.5
-45580.50888,6.5,12.6,9.5
-45579.92656,6.9,6.9,9.5
-45580.27436,7.0,12.5,9.5
-45580.24912,3.7,9.3,9.9
-45580.33162,4.1,9.1,9.4
-45580.25235,4.1,9.3,9.5
-45579.99389,4.3,9.0,9.9
-45580.1185,5.3,12.8,9.5
-45580.47705,6.7,12.9,9.4
-45581.53831,7.2,5.9,9.5
-45580.33912,7.2,6.5,9.4
-45579.92868,9.0,6.4,9.9
-45579.92423,5.8,9.2,9.9
-45580.56902,5.9,12.7,9.4
-45579.97188,6.4,9.1,9.9
-45580.09318,6.6,12.5,9.9
-45580.17657,7.0,11.9,9.4
-45580.60113,7.3,4.8,10.3
-45580.72887,7.8,5.7,9.0
-45579.99688,3.3,8.4,10.3
-45580.12361,4.4,8.6,9.0
-45580.04106,5.1,8.5,9.0
-45580.10809,5.5,6.8,9.4
-45580.99703,5.6,5.1,10.3
-45581.14607,5.7,6.2,9.4
-45583.66954,6.0,5.3,9.0
-45581.49803,6.1,6.0,9.9
-45579.9117,6.1,8.6,10.3
-45581.24399,6.2,5.2,10.3
-45581.55994,6.3,6.1,9.4
-45580.10815,6.3,8.7,9.0
-45580.33543,8.9,8.8,9.9
-45580.34184,9.2,9.4,9.9
-45580.11501,3.4,7.7,10.0
-45579.92565,4.8,5.2,10.4
-45580.39922,4.9,6.1,9.3
-45580.66133,5.2,6.3,9.3
-45580.4938,5.3,5.0,10.4
-45579.9298,6.5,7.9,10.4
-45581.7001,6.6,6.0,9.3
-45579.98166,6.6,8.6,8.9
-45580.74634,6.7,5.3,10.4
-45580.56214,7.0,6.2,10.0
-45583.49144,7.1,5.1,8.9
-45580.13602,7.3,13.2,9.3
-45580.07211,8.4,8.9,10.0
-45580.44953,8.7,9.6,9.3
-45580.27837,3.2,9.2,10.0
-45580.35963,5.4,12.6,9.3
-45579.92702,5.7,11.9,10.0
-45580.77398,6.1,12.5,9.3
-45580.69973,6.2,12.8,9.3
-45580.03227,6.3,12.4,10.0
-45581.80758,7.5,5.6,8.9
-45580.04781,7.6,4.9,10.4
-45580.55688,8.0,5.5,8.9
-45581.26219,5.7,5.3,10.2
-45579.9571,6.0,12.9,10.0
-45583.50559,6.1,5.1,8.7
-45581.67284,6.3,5.0,10.2
-45579.92673,6.9,8.4,10.2
-45579.94544,7.7,13.1,9.1
-45580.32814,8.8,9.4,9.8
-45579.99683,3.2,7.8,10.2
-45580.37787,3.6,9.1,9.8
-45580.06293,3.9,8.7,8.7
-45580.36716,4.0,9.3,9.1
-45579.95569,5.0,7.9,8.7
-45580.29519,5.2,12.8,9.1
-45579.9518,5.3,12.4,9.8
-45581.20697,5.6,6.0,9.1
-45580.02379,5.9,9.0,9.8
-45581.27645,6.0,6.2,9.8
-45580.94128,6.4,12.6,9.1
-45579.95418,6.5,9.3,9.8
-45580.08551,6.7,11.9,9.8
-45579.96647,7.0,12.9,9.8
-45580.47031,7.1,12.5,9.1
-45580.74419,7.2,5.4,10.2
-45581.52669,7.3,5.9,9.1
-45579.9723,8.4,8.3,10.2
-45580.80755,3.2,9.0,9.5
-45580.04626,4.2,9.2,9.8
-45580.06816,4.3,9.2,9.6
-45579.93255,4.6,9.3,9.5
-45579.97746,5.5,9.1,9.5
-45580.39992,5.7,12.5,9.5
-45580.32531,6.3,11.8,9.5
-45579.95214,6.9,9.2,9.5
-45581.5678,7.0,6.0,9.5
-45580.06434,7.1,5.3,10.6
-45580.07662,7.1,12.9,9.6
-45580.09072,7.2,12.2,9.5
-45580.22455,8.4,9.5,9.5
-45580.65965,9.1,9.6,9.5
-45580.45493,3.7,9.1,9.6
-45580.0156,5.2,12.4,9.6
-45580.072,5.8,9.0,9.6
-45580.68114,6.0,5.1,10.5
-45581.47847,6.1,6.2,9.6
-45580.04859,6.4,9.3,9.6
-45580.24383,6.6,11.9,9.6
-45581.02973,7.6,5.8,9.2
-45580.51125,8.9,9.4,9.6
-45580.69328,9.2,8.8,9.6
-45580.57676,3.3,9.0,9.7
-45580.17637,5.6,12.5,9.7
-45580.61227,5.7,12.9,9.2
-45580.51999,6.0,11.9,9.2
-45579.92568,6.8,9.2,9.7
-45580.12629,9.2,8.0,10.1
-45580.52047,3.4,8.6,8.8
-45580.03726,3.7,7.9,10.1
-45579.97723,4.1,8.5,8.8
-45579.96427,4.3,8.4,10.1
-45580.56623,4.9,5.0,10.1
-45580.9829,5.2,5.2,10.1
-45581.22282,5.3,6.1,9.2
-45580.19424,6.2,11.8,9.7
-45580.02289,6.4,8.5,10.1
-45580.61817,6.7,6.2,9.2
-45580.57663,6.9,12.7,9.2
-45581.28248,7.1,6.0,9.7
-45580.29199,7.2,13.0,9.2
-45580.24714,7.7,5.5,10.1
-45580.67524,8.1,4.9,8.8
-45580.13214,8.9,8.2,10.1
-45580.04457,9.2,6.6,9.7
-45580.7409,4.7,5.6,9.6
-45580.01558,6.0,6.4,10.5
-45583.58834,6.1,4.9,9.6
-45581.8431,6.6,5.1,10.1
-45582.44695,6.8,5.7,9.6
-45583.21245,7.0,5.3,8.8
-45579.9397,7.3,12.2,9.7
-45580.20813,8.5,9.5,9.7
-45580.33725,8.9,10.1,9.6
-45580.46701,9.0,9.6,9.7
-45580.2306,9.2,10.3,9.6
-45580.00367,3.7,10.4,9.6
-45579.96315,4.3,5.7,9.7
-45581.90289,4.8,4.8,9.2
-45580.40715,6.6,6.4,10.1
-45580.06528,8.5,10.0,9.7
-45580.49035,5.2,5.9,10.1
-45582.94103,5.3,5.4,9.2
-45582.71855,6.4,5.6,9.7
-45579.9324,6.4,7.0,10.1
-45584.00592,6.7,4.9,9.2
-45581.10585,7.0,5.8,8.8
-45582.08993,7.1,5.5,9.7
-45580.40044,7.2,12.4,8.8
-45580.6797,3.2,8.8,8.8
-45579.98433,3.9,9.7,10.1
-45579.9442,6.2,11.3,9.7
-45580.02789,7.7,6.0,10.1
-45579.92899,8.9,6.9,10.1
-45580.10692,3.3,10.5,9.7
-45579.94535,4.2,9.9,9.8
-45580.57576,5.7,12.3,8.8
-45579.92097,6.1,12.1,10.1
-45581.96003,7.6,5.3,9.2
-45580.3701,8.0,5.1,9.7
-45580.4264,8.2,5.0,9.2
-45580.28857,8.8,8.4,9.2
-45580.01618,9.2,7.5,10.1
-45580.01352,3.4,9.6,10.2
-45580.1115,3.6,10.4,9.8
-45580.44047,3.7,8.9,8.7
-45580.48165,7.1,13.1,8.7
-45580.22464,7.2,6.1,10.2
-45582.95515,7.3,5.2,9.1
-45580.19851,8.5,8.5,9.1
-45580.72297,9.0,8.6,9.1
-45579.9267,3.2,7.3,10.2
-45583.12322,5.6,5.5,9.1
-45583.00944,6.0,4.9,9.8
-45584.09036,6.2,4.8,9.1
-45581.87594,6.9,5.7,9.8
-45580.65049,8.9,9.2,8.7
-45579.92748,3.2,10.5,9.5
-45581.08071,4.5,4.9,9.1
-45580.33907,4.6,5.6,9.8
-45580.82221,5.7,5.8,10.2
-45580.26107,6.3,6.5,10.2
-45580.38802,8.1,5.1,9.5
-45580.21375,8.8,10.1,9.8
-45580.70589,9.2,9.0,8.7
-45579.91412,4.2,5.7,9.5
-45580.40591,5.6,12.1,8.9
-45579.95251,6.3,11.3,9.5
-45583.04523,6.5,5.6,9.5
-45580.03236,6.8,8.8,8.9
-45582.70276,7.0,5.5,9.5
-45579.91068,7.1,5.8,10.6
-45579.9469,7.5,8.5,9.3
-45580.12382,8.3,5.2,9.3
-45580.18495,3.2,9.9,10.0
-45580.8727,3.3,9.4,8.9
-45580.78596,6.1,13.1,8.9
-45580.57666,6.2,12.2,8.9
-45581.6554,7.7,5.1,9.3
-45579.96702,8.0,8.6,9.3
-45579.9215,8.1,5.3,10.0
-45580.00601,8.2,8.7,10.0
-45580.68457,9.2,8.4,9.3
-45580.09427,3.7,8.3,9.3
-45581.84138,4.9,5.4,9.3
-45582.92703,5.2,4.8,9.3
-45581.62303,5.9,5.7,10.0
-45579.97763,6.5,5.7,10.7
-45583.34339,6.6,5.5,9.3
-45580.40068,6.7,5.8,10.4
-45581.7858,7.0,4.9,10.0
-45579.92444,7.0,5.4,10.7
-45580.27391,8.5,9.1,8.9
-45580.45587,3.2,8.2,9.4
-45580.37841,4.4,5.5,9.4
-45581.98755,5.1,5.6,9.4
-45579.94601,5.3,6.5,10.4
-45581.51091,5.4,5.6,9.9
-45580.10055,5.6,6.4,10.3
-45583.69352,5.7,4.9,9.4
-45581.08767,6.0,5.8,9.0
-45580.0207,6.1,4.8,10.8
-45582.28826,6.1,5.5,9.9
-45580.62995,6.2,5.9,10.3
-45580.74823,8.8,9.0,9.0
-45580.09319,8.9,10.3,9.9
-45580.21516,9.2,10.1,9.9
-45580.64608,3.6,9.5,9.0
-45579.91435,4.0,8.9,10.3
-45580.1401,4.2,8.8,9.0
-45583.58442,6.3,5.4,9.4
-45580.17202,6.5,8.9,9.0
-45580.00899,7.3,6.3,10.3
-45579.95617,3.6,7.0,10.0
-45580.19669,3.7,9.8,9.9
-45580.20103,4.8,5.9,10.0
-45583.17302,5.2,4.8,8.9
-45580.51867,5.9,5.7,10.4
-45582.50815,6.6,5.5,8.9
-45580.75774,6.7,12.3,9.0
-45580.6869,7.0,4.9,10.4
-45582.90675,7.2,5.0,9.4
-45580.46287,8.5,9.1,9.3
-45580.26854,8.7,8.6,9.9
-45580.01726,3.7,8.3,8.9
-45582.08328,4.9,5.4,8.9
-45579.92336,5.3,6.5,10.0
-45581.39334,6.7,5.8,10.0
-45580.6337,7.1,6.4,9.3
-45581.93987,7.7,5.1,8.9
-45580.00814,7.9,9.2,9.3
-45580.41922,5.6,12.1,9.3
-45580.01587,6.0,12.3,10.0
-45580.72799,6.2,12.2,9.3
-45580.10363,6.8,8.8,9.3
-45579.91009,8.0,8.6,8.9
-45580.15318,8.3,5.2,8.9
-45580.86781,3.3,9.4,9.3
-45580.08406,4.2,8.8,9.4
-45580.57767,6.1,13.1,9.3
-45579.95443,6.3,13.0,10.0
-45580.08437,7.3,6.3,9.9
-45580.00095,7.6,6.2,10.0
-45580.31574,9.2,8.4,8.9
-45580.61664,3.6,9.5,9.4
-45580.14875,4.0,8.9,9.9
-45580.07553,5.3,12.0,9.4
-45580.01192,5.9,9.4,9.4
-45580.25531,6.5,8.9,9.4
-45579.98338,6.6,13.1,9.9
-45580.52093,6.7,12.3,9.4
-45579.91391,7.1,12.1,9.9
-45583.35555,7.2,5.0,9.0
-45579.95802,8.7,8.6,10.3
-45580.11414,9.0,7.7,9.9
-45579.99106,3.2,8.2,9.0
-45580.08548,3.3,7.1,9.9
-45580.41569,4.4,5.5,9.0
-45580.02307,4.5,5.8,9.9
-45582.18004,5.1,5.6,9.0
-45579.96856,5.5,8.3,9.0
-45580.47895,5.6,6.4,9.9
-45583.95623,5.7,4.9,9.0
-45582.584,6.0,5.8,9.4
-45581.69737,6.2,5.9,9.9
-45583.2795,6.3,5.4,9.0
-45580.30439,6.9,6.6,9.4
-45580.63526,8.8,9.0,9.4
-45580.99228,3.2,8.8,9.2
-45580.25021,3.9,9.7,9.7
-45580.52993,5.4,5.6,10.3
-45580.07217,5.6,13.1,9.7
-45581.00149,6.1,5.5,10.3
-45580.17893,6.2,13.2,9.7
-45580.16665,7.7,6.0,9.7
-45580.04767,4.0,8.3,10.1
-45581.21869,5.2,5.9,9.7
-45580.05365,5.5,8.9,9.2
-45580.65054,5.7,12.3,9.2
-45580.28727,6.1,12.1,9.7
-45580.63921,6.3,12.0,9.2
-45582.18189,7.0,5.8,9.2
-45582.08199,7.6,5.3,8.8
-45579.95264,8.0,5.1,10.1
-45580.41776,8.2,5.0,8.8
-45580.20281,8.8,8.4,8.8
-45580.00543,9.2,7.5,9.7
-45582.04337,4.8,4.8,8.8
-45582.83985,5.3,5.4,8.8
-45581.51225,6.4,5.6,10.1
-45580.84438,6.6,6.4,9.7
-45583.67564,6.7,4.9,8.8
-45581.04507,7.1,5.5,10.1
-45580.29563,7.2,12.4,9.2
-45580.67454,7.3,6.1,9.6
-45580.33368,8.4,9.3,9.2
-45580.52472,3.5,9.6,9.6
-45580.24689,4.0,9.5,9.6
-45579.944,5.2,13.0,9.6
-45582.17139,5.6,5.8,9.6
-45580.35244,5.7,5.5,10.5
-45580.72125,6.2,6.5,9.6
-45580.12643,7.1,12.3,9.6
-45580.20389,7.2,5.2,10.5
-45579.92564,5.2,5.4,10.6
-45581.60816,5.3,5.9,9.5
-45580.45118,6.0,12.1,9.5
-45580.79393,6.3,4.8,10.5
-45580.44193,6.6,4.9,10.6
-45580.67995,6.7,6.4,9.5
-45580.1039,7.2,12.8,9.5
-45580.38357,3.8,9.7,9.5
-45580.29908,5.7,13.1,9.5
-45582.94787,6.2,4.8,8.7
-45580.37009,6.3,13.2,9.5
-45580.82824,6.9,5.7,10.2
-45580.36354,7.6,6.0,9.5
-45580.82393,8.9,9.2,9.1
-45580.07788,3.2,7.3,9.8
-45582.02881,5.6,5.5,8.7
-45581.8628,5.7,5.8,9.8
-45581.66312,6.0,4.9,10.2
-45581.01888,9.2,9.0,9.1
-45580.97887,4.5,4.9,8.7
-45579.92074,4.6,5.6,10.2
-45580.15158,5.2,12.2,9.1
-45580.16429,5.8,8.8,9.1
-45580.70794,6.3,6.5,9.8
-45580.66189,6.6,12.1,9.1
-45580.04226,7.0,12.3,9.8
-45582.88391,7.3,5.2,8.7
-45579.91961,8.5,8.5,8.7
-45580.3673,9.0,8.6,8.7
-45580.39657,3.4,9.6,9.8
-45580.69972,3.7,8.9,9.1
-45580.09148,4.1,9.5,9.8
-45580.41869,7.1,13.1,9.1
-45580.76848,7.2,6.1,9.8
-45581.36611,7.6,5.5,9.5
-45580.21588,8.2,4.8,9.5
-45580.03195,8.8,8.2,9.5
-45579.98234,4.1,10.0,9.8
-45581.46393,4.8,5.0,9.5
-45582.67957,5.3,5.2,9.5
-45580.00679,5.5,11.7,9.5
-45580.01471,6.0,11.4,9.5
-45580.0673,6.5,8.5,9.5
-45579.96314,6.6,6.2,10.6
-45583.51279,6.7,5.1,9.5
-45580.47541,7.1,12.5,8.7
-45580.38521,5.2,12.8,8.7
-45580.0239,5.9,11.6,9.8
-45580.81096,6.4,12.6,8.7
-45581.74799,7.2,5.4,9.8
-45580.03917,3.6,9.1,10.2
-45580.0694,5.6,8.6,9.1
-45582.52604,5.7,5.3,9.8
-45584.14968,6.1,5.1,9.1
-45583.04015,6.3,5.0,9.8
-45581.02645,7.3,5.9,8.7
-45579.99581,8.8,9.4,10.2
-45580.26962,3.2,7.8,9.8
-45580.34959,3.9,8.7,9.1
-45580.1507,4.4,5.1,9.8
-45580.35988,5.4,7.4,8.7
-45580.51224,6.0,6.2,10.2
-45579.99395,8.9,9.9,9.1
-45580.80643,3.4,8.6,9.2
-45580.11116,4.1,8.5,9.2
-45581.34064,4.9,5.0,9.7
-45580.54413,5.3,6.1,8.8
-45580.54782,7.1,6.0,10.1
-45580.46354,7.2,13.0,8.8
-45579.99436,8.5,9.5,10.1
-45580.18683,3.3,9.0,10.1
-45581.98292,5.2,5.2,9.7
-45580.01628,5.3,8.7,9.2
-45580.81462,5.7,12.9,8.8
-45579.99503,6.1,11.4,9.7
-45580.12434,6.3,11.5,9.2
-45580.12832,6.4,8.5,9.7
-45583.12517,6.6,5.1,9.7
-45583.36592,7.0,5.3,9.2
-45580.03751,7.4,7.2,8.8
-45581.06118,7.6,5.8,8.8
-45580.0954,9.0,9.6,10.1
-45580.39693,9.2,8.0,9.7
-45580.08744,3.3,7.8,9.6
-45580.54335,4.5,5.1,9.6
-45582.93128,5.6,5.3,9.6
-45580.08792,5.7,6.0,10.5
-45579.91859,6.0,7.7,10.5
-45583.5763,6.2,5.0,9.6
-45579.91019,6.2,11.8,10.1
-45580.04274,6.3,6.3,10.5
-45580.76288,6.9,12.7,8.8
-45580.82685,7.7,5.5,9.7
-45580.67161,8.1,4.9,9.2
-45580.34353,8.9,8.2,9.7
-45580.41868,3.3,8.4,9.9
-45579.98532,4.0,10.0,9.6
-45580.18047,4.5,5.3,9.9
-45580.01127,5.7,6.2,9.0
-45580.06487,5.8,11.6,9.6
-45580.52952,6.1,6.0,10.3
-45579.9621,7.2,5.9,10.5
-45582.00784,7.3,5.4,9.6
-45579.97913,9.2,9.4,10.3
-45582.21445,5.6,5.1,9.9
-45583.68697,6.0,5.3,9.4
-45580.09206,6.1,8.6,9.9
-45580.00249,6.2,5.1,10.8
-45582.60526,6.2,5.2,9.9
-45580.25389,6.3,8.7,9.4
-45579.98262,8.9,8.8,10.3
-45580.32079,3.6,10.0,9.4
-45579.92805,3.7,9.3,10.3
-45579.96642,4.0,10.2,9.9
-45580.22545,4.1,9.1,9.0
-45579.91801,4.8,12.8,9.0
-45580.92126,5.9,12.7,9.0
-45580.03677,6.4,11.7,9.9
-45580.79577,6.7,12.9,9.0
-45579.99284,7.0,11.9,9.0
-45581.53404,7.3,4.8,9.9
-45580.70733,7.8,5.7,9.4
-45580.58127,8.0,5.5,9.3
-45579.94329,3.2,9.2,10.4
-45580.28466,3.3,10.1,9.3
-45580.57721,5.4,12.6,8.9
-45580.9562,6.1,12.5,8.9
-45580.98179,6.2,12.8,8.9
-45581.76882,7.5,5.6,9.3
-45580.71227,7.6,4.9,10.0
-45580.12626,8.8,8.0,10.0
-45580.51056,4.9,6.1,8.9
-45579.9147,4.9,8.7,9.3
-45580.27167,5.2,6.3,8.9
-45581.47586,5.3,5.0,10.0
-45580.01777,5.9,8.4,10.0
-45580.05981,6.6,8.6,9.3
-45580.15314,6.7,5.0,10.7
-45581.96431,6.7,5.3,10.0
-45583.25184,7.1,5.1,9.3
-45580.0208,8.7,9.6,8.9
-45580.25534,3.6,8.5,10.0
-45580.54046,4.8,5.2,10.0
-45579.97953,5.6,8.9,9.7
-45580.13843,6.8,12.0,9.7
-45580.06011,7.0,6.2,10.4
-45580.30469,7.3,13.2,8.9
-45580.59912,7.5,5.3,10.1
-45580.00149,8.3,8.4,10.1
-45580.79496,3.2,9.7,9.2
-45580.30808,3.9,8.8,9.7
-45580.06981,5.1,12.3,9.2
-45580.07242,5.4,12.3,9.7
-45580.44207,5.5,13.1,9.2
-45579.98424,6.2,9.4,9.7
-45582.03436,6.4,4.9,10.1
-45581.52937,6.7,5.6,8.8
-45580.45434,6.9,13.2,9.2
-45581.07231,7.4,6.0,9.2
-45580.94202,9.1,9.1,9.2
-45580.12855,3.5,8.1,10.1
-45579.99924,4.1,4.9,8.8
-45581.07893,4.8,5.7,8.8
-45581.57638,5.8,5.4,10.1
-45580.31403,5.8,12.2,9.6
-45581.76322,5.9,5.9,9.2
-45579.98531,6.6,8.3,10.1
-45579.91009,6.6,9.5,9.6
-45579.98157,7.0,6.7,9.2
-45580.34762,8.7,9.3,9.7
-45579.96389,9.0,10.2,10.1
-45580.58979,3.5,8.9,9.6
-45581.14975,5.0,5.8,9.6
-45579.97299,5.1,5.5,10.5
-45580.11767,5.3,6.6,9.5
-45580.03388,5.6,6.7,9.6
-45580.34168,6.3,5.7,10.5
-45580.37253,6.4,12.1,9.6
-45580.14805,8.3,9.2,9.6
-45580.48783,3.8,8.8,9.5
-45579.91765,4.4,8.3,10.2
-45579.94016,4.4,9.5,9.5
-45579.94696,5.1,13.1,9.5
-45582.0205,5.4,5.8,9.1
-45580.25543,5.5,12.3,9.5
-45579.95971,5.7,6.7,9.8
-45580.12092,5.7,8.9,9.5
-45580.0528,6.3,9.4,9.5
-45580.1629,6.6,5.6,10.6
-45580.21771,6.9,12.0,9.5
-45580.41137,8.6,9.3,9.5
-45579.97536,3.8,8.0,10.2
-45580.175,4.5,5.6,8.7
-45580.00069,4.6,4.9,10.2
-45581.95742,5.0,5.5,8.7
-45581.02466,5.1,5.8,9.8
-45579.92729,5.7,8.1,10.2
-45581.34894,6.9,4.8,10.2
-45580.07246,7.5,12.9,9.1
-45579.99808,8.2,9.2,9.8
-45580.45585,3.4,8.9,9.8
-45580.45972,3.7,9.6,9.1
-45580.93362,5.5,5.5,10.2
-45580.69441,5.8,13.0,9.1
-45581.17856,6.0,5.6,10.2
-45579.99383,6.3,8.2,10.2
-45580.18216,6.5,12.1,9.8
-45580.02407,9.1,7.4,9.8
-45580.17949,5.9,12.2,9.8
-45579.98354,7.1,8.9,9.1
-45580.05991,7.8,5.2,10.2
-45580.01889,8.6,8.5,10.2
-45581.97053,5.2,5.7,8.9
-45580.20621,5.8,6.5,9.3
-45581.01219,5.9,4.8,10.4
-45582.43914,6.4,5.8,9.3
-45580.69552,6.5,5.5,10.4
-45580.11384,6.7,6.7,10.0
-45579.91749,6.7,8.1,10.4
-45580.37232,7.0,5.6,10.4
-45580.16397,7.3,12.7,9.3
-45580.13332,8.6,9.1,10.0
-45580.79942,9.0,9.3,9.3
-45580.13128,3.8,9.4,10.0
-45579.94593,4.4,8.9,10.0
-45580.49682,6.8,13.0,9.3
-45580.39177,7.5,6.2,9.3
-45580.41842,3.4,9.8,9.0
-45580.26778,6.1,8.9,9.3
-45580.01428,6.3,8.8,10.0
-45579.91435,6.9,12.2,10.0
-45580.22669,7.4,5.1,10.4
-45580.6376,8.9,8.7,8.9
-45580.03805,5.8,12.0,9.9
-45580.42089,5.9,13.2,9.4
-45580.12124,6.4,12.3,9.9
-45580.00221,6.6,8.9,9.9
-45580.21337,8.4,8.6,9.0
-45580.5754,9.1,8.5,9.0
-45580.29042,3.5,9.5,9.9
-45580.09519,4.0,9.6,9.9
-45580.29974,4.6,5.8,9.4
-45580.8623,5.4,4.9,10.3
-45579.92178,5.6,8.3,10.3
-45582.54543,5.7,5.6,9.0
-45579.95821,6.2,8.0,10.3
-45580.46889,6.5,13.1,9.4
-45580.88652,6.8,5.4,10.3
-45580.1323,8.1,9.1,9.4
-45580.05242,8.3,9.0,9.9
-45580.01767,9.0,6.8,9.9
-45579.92177,3.9,8.2,10.3
-45579.91217,4.7,5.5,10.3
-45582.95877,5.1,4.9,9.0
-45580.746,5.1,6.2,9.0
-45580.6428,5.5,6.4,9.4
-45579.91553,5.7,8.5,9.4
-45579.91973,6.0,6.7,9.4
-45580.45924,6.2,6.6,9.9
-45583.37779,6.9,5.2,9.4
-45582.05376,6.9,5.9,9.4
-45580.08484,8.2,8.8,9.0
-45580.21443,3.5,10.0,9.9
-45580.12933,3.8,8.4,9.4
-45580.95774,4.6,5.3,9.4
-45581.1138,5.0,5.1,9.9
-45580.12309,5.4,6.2,10.3
-45583.33224,5.5,5.1,9.4
-45579.91825,5.6,6.8,10.3
-45580.95168,6.5,12.5,9.0
-45580.31024,6.8,6.1,10.3
-45579.97845,6.8,8.7,9.9
-45580.62588,7.0,12.6,9.0
-45581.04725,7.3,5.7,9.9
-45581.2737,7.8,4.8,9.4
-45580.36445,9.0,8.3,9.9
-45580.91643,3.4,9.3,9.0
-45579.91702,5.8,11.5,9.9
-45580.20786,5.9,11.8,9.0
-45580.05742,6.7,9.1,9.0
-45580.23543,6.7,11.7,9.4
-45580.01355,3.8,10.1,10.0
-45580.38732,3.9,9.2,8.9
-45579.95712,6.0,11.7,10.0
-45580.12598,6.2,9.0,8.9
-45580.24695,6.2,11.6,9.3
-45580.73759,6.8,12.4,8.9
-45579.91555,7.4,6.4,10.4
-45582.29784,7.5,4.9,9.3
-45580.48586,7.6,5.6,10.0
-45580.60666,3.5,8.5,9.3
-45580.17186,4.0,8.6,9.3
-45580.03766,4.2,8.7,10.0
-45580.39038,4.3,5.2,9.3
-45579.96552,5.2,8.4,9.3
-45580.12193,5.9,6.3,10.4
-45583.81756,6.4,5.3,9.3
-45580.30724,6.5,6.0,10.4
-45580.56664,9.0,9.8,9.3
-45583.93058,5.8,5.0,9.3
-45580.03195,6.5,8.6,10.0
-45579.98013,8.2,5.7,9.5
-45580.5364,8.7,8.9,8.9
-45580.57123,3.6,8.6,9.5
-45579.92949,4.1,5.1,9.5
-45580.19352,5.9,8.7,9.5
-45580.24358,8.6,9.8,9.5
-45580.24329,3.4,10.2,9.8
-45580.74898,3.5,9.1,8.7
-45579.94772,3.6,10.8,9.8
-45580.47525,5.8,12.4,8.7
-45579.95944,6.5,11.4,9.8
-45579.91244,7.0,11.7,9.8
-45579.92583,7.8,5.9,10.2
-45581.05402,7.9,5.4,9.1
-45580.05613,8.7,8.3,9.1
-45580.39581,9.1,8.1,9.8
-45580.51357,3.2,8.7,9.8
-45580.08405,4.5,8.5,9.1
-45581.65143,4.7,5.1,9.1
-45580.09674,5.0,8.6,9.1
-45581.46518,5.1,5.3,9.8
-45580.47537,5.5,6.0,10.2
-45580.0003,6.3,6.9,10.2
-45583.95058,6.8,5.0,9.1
-45580.23609,6.9,6.3,10.2
-45579.98414,3.5,7.4,10.1
-45580.74006,5.0,6.0,8.7
-45583.31829,5.4,5.3,9.1
-45580.08794,5.8,8.7,9.7
-45583.94834,5.9,5.2,9.2
-45580.09432,6.0,8.5,9.8
-45584.08829,6.5,5.1,9.2
-45579.99264,6.7,8.5,9.2
-45580.16554,9.0,8.9,10.1
-45580.44101,3.7,8.6,9.7
-45579.96548,3.9,10.3,9.7
-45580.26625,4.2,5.0,9.2
-45579.93233,4.8,8.4,9.2
-45580.28595,5.1,12.9,8.8
-45580.62354,5.5,12.5,8.8
-45580.74521,5.8,6.1,10.1
-45580.92992,6.0,12.6,8.8
-45579.93069,6.3,9.2,8.8
-45580.72053,6.4,6.2,10.1
-45580.04295,6.6,6.8,10.1
-45582.28222,7.4,5.5,9.2
-45580.23549,8.1,5.6,9.2
-45580.3108,8.7,9.8,9.7
-45580.6859,3.3,8.7,9.6
-45580.43502,3.8,9.0,8.8
-45581.66988,5.0,5.3,9.6
-45580.03598,5.7,11.7,9.2
-45579.92307,6.0,6.8,10.5
-45580.14969,6.1,8.5,9.6
-45579.93002,6.8,11.5,9.7
-45580.32627,7.5,5.8,10.1
-45580.13457,3.2,8.7,10.2
-45580.29647,3.5,10.2,9.6
-45581.6085,4.7,5.1,8.7
-45580.5768,5.1,5.3,10.2
-45580.01202,6.4,11.4,9.6
-45580.71457,6.9,6.3,9.8
-45579.91193,7.1,11.7,9.6
-45580.29798,9.0,8.1,9.6
-45580.98595,5.0,6.0,9.1
-45582.99933,5.4,5.3,8.7
-45581.29898,5.5,6.0,9.8
-45579.97935,6.0,8.5,10.2
-45579.94914,6.2,8.4,8.7
-45580.0364,6.3,6.9,9.8
-45579.95171,7.5,12.3,9.1
-45579.91181,8.1,9.5,9.8
-45579.98523,8.3,9.4,9.1
-45580.88944,3.5,9.1,9.1
-45580.15399,5.9,12.8,9.8
-45583.54258,6.8,5.0,8.7
-45580.20999,7.8,5.9,9.8
-45580.0478,9.1,6.7,9.8
-45580.80808,5.8,12.4,9.1
-45581.68978,5.9,6.1,9.5
-45580.44167,6.4,5.1,10.6
-45580.48812,6.4,11.9,9.1
-45581.40722,6.5,6.2,9.5
-45580.00768,6.6,9.3,9.1
-45579.98693,6.7,6.8,9.5
-45580.15383,6.7,12.6,9.8
-45580.86398,7.9,5.4,8.7
-45580.04358,9.1,8.1,10.2
-45580.73801,9.1,8.9,9.5
-45579.98987,5.1,12.5,9.5
-45580.23664,5.5,12.9,9.5
-45580.32792,5.8,5.2,10.6
-45580.3133,5.8,12.8,9.6
-45580.05637,6.0,9.3,9.5
-45580.52413,6.3,12.7,9.5
-45580.37894,6.6,12.6,9.6
-45581.40593,7.4,5.8,9.5
-45579.91357,3.3,6.1,9.6
-45581.43538,5.4,6.0,9.6
-45580.3394,5.5,5.3,10.5
-45580.51883,5.5,12.5,9.2
-45580.83729,6.0,12.6,9.2
-45580.13941,6.3,9.2,9.2
-45580.88216,6.8,6.3,9.6
-45580.50144,6.9,5.0,10.5
-45580.06113,7.9,5.9,9.6
-45580.57775,9.2,9.7,9.6
-45580.63,3.8,9.0,9.2
-45580.04204,4.4,9.3,9.2
-45580.13906,5.1,12.9,9.2
-45580.00467,5.4,12.9,9.7
-45580.13545,5.7,9.1,9.2
-45580.01095,6.1,9.3,9.7
-45580.30906,6.2,12.7,9.7
-45580.04705,6.9,11.8,9.2
-45582.23348,7.4,5.5,8.8
-45580.94979,7.5,5.8,9.7
-45580.13621,3.7,8.6,10.1
-45579.9605,5.8,8.7,10.1
-45583.52128,5.9,5.2,8.8
-45581.42032,6.4,6.2,9.7
-45583.72326,6.5,5.1,8.8
-45579.97372,7.2,8.8,9.2
-45580.39452,8.6,9.5,9.2
-45580.00338,8.7,9.8,10.1
-45580.51808,9.0,8.9,9.7
-45580.24493,4.2,5.0,8.8
-45579.92487,5.3,9.2,9.4
-45581.54016,5.8,6.1,9.7
-45580.33548,5.9,11.8,9.4
-45580.62627,6.5,12.5,9.4
-45579.91166,6.6,6.8,9.7
-45580.12277,6.7,9.1,9.4
-45580.263,7.3,5.7,10.3
-45581.62847,7.8,4.8,9.0
-45580.76715,3.4,9.3,9.4
-45583.71252,5.5,5.1,9.0
-45580.06199,6.4,12.9,9.9
-45580.35106,7.0,12.6,9.4
-45579.92317,8.0,8.9,9.9
-45579.96676,9.0,8.3,10.3
-45580.19984,3.8,8.4,9.0
-45581.26867,4.6,5.3,9.0
-45580.09999,4.7,6.0,9.9
-45580.32546,5.0,5.1,10.3
-45580.54356,5.1,6.2,9.4
-45580.63736,5.4,6.2,9.9
-45579.98208,5.7,8.5,9.0
-45579.94398,6.1,7.9,10.3
-45581.08277,6.8,6.1,9.9
-45583.6839,6.9,5.2,9.0
-45579.92856,7.4,12.1,9.4
-45580.01353,8.2,8.8,9.4
-45580.25384,8.9,9.7,9.9
-45580.39793,3.5,8.5,8.9
-45580.22349,4.0,8.6,8.9
-45580.46979,4.3,5.2,8.9
-45583.94377,5.8,5.0,8.9
-45580.71233,5.9,6.3,10.0
-45581.20748,6.5,6.0,10.0
-45579.93416,7.1,6.8,9.3
-45580.09346,9.0,9.8,8.9
-45580.01844,3.4,6.8,10.0
-45580.50439,3.9,9.2,9.3
-45580.07348,4.5,9.1,9.3
-45583.41573,6.4,5.3,8.9
-45580.00386,8.4,9.6,10.0
-45580.60211,8.7,8.9,9.3
-45580.22082,9.1,9.5,10.0
-45580.04922,5.4,11.9,9.3
-45579.98086,5.6,9.3,9.3
-45579.93181,5.7,12.6,10.0
-45579.919,6.0,9.1,10.0
-45580.23561,6.2,9.0,9.3
-45580.57301,6.8,12.4,9.3
-45580.73863,6.8,13.0,8.9
-45582.60624,7.5,4.9,8.9
-45580.36309,7.5,6.2,8.9
-45579.91582,3.2,10.6,10.0
-45579.9235,4.7,13.1,8.9
-45580.12558,6.1,8.9,8.9
-45581.03422,7.4,5.1,10.0
-45580.70898,8.9,8.7,9.3
-45580.28734,3.4,8.3,10.0
-45582.09899,5.2,5.7,9.3
-45582.31259,5.9,4.8,10.0
-45580.04013,5.9,5.5,10.7
-45580.39555,6.4,5.8,8.9
-45579.96218,6.7,6.7,10.4
-45580.13776,9.1,10.0,10.0
-45580.2798,4.6,5.8,9.0
-45579.93655,5.0,6.4,10.3
-45581.96213,5.4,4.9,9.9
-45582.96409,5.7,5.6,9.4
-45580.11411,6.2,6.6,10.3
-45580.23579,6.5,4.8,10.7
-45581.91143,6.5,5.5,10.0
-45582.0944,6.8,5.4,9.9
-45581.27894,6.9,5.9,9.0
-45581.34409,7.0,5.6,10.0
-45580.34528,7.3,12.7,8.9
-45579.94668,7.6,12.6,9.0
-45579.92132,8.1,9.1,9.0
-45580.85972,9.0,9.3,8.9
-45580.0531,3.9,8.2,9.9
-45580.4297,4.7,5.5,9.9
-45582.49996,5.1,4.9,9.4
-45579.97201,5.5,6.4,9.0
-45580.72678,9.1,8.5,9.4
-45580.61336,3.4,9.8,9.4
-45579.92674,3.5,9.5,10.3
-45579.91908,3.7,10.7,9.9
-45582.37971,5.4,5.5,9.6
-45580.65716,5.9,13.2,9.0
-45582.94007,6.1,5.6,9.6
-45580.74272,6.5,13.1,9.0
-45583.25002,6.8,4.8,9.6
-45580.33116,7.9,5.0,9.9
-45580.05634,8.4,8.6,9.4
-45579.91293,8.7,7.9,9.9
-45581.04217,4.7,4.9,9.6
-45580.10315,5.5,5.8,10.5
-45579.9479,6.9,6.5,10.5
-45580.6715,7.9,5.2,9.6
-45580.31814,8.7,8.5,9.6
-45579.91696,3.5,6.7,10.1
-45580.3395,3.5,8.1,9.7
-45580.05579,4.1,4.9,9.2
-45580.09951,4.3,4.8,9.7
-45581.1149,4.8,5.7,9.2
-45580.39127,5.3,7.3,8.8
-45582.82029,5.8,5.4,9.7
-45583.32775,6.4,4.9,9.7
-45582.97838,6.7,5.6,9.2
-45580.06964,8.7,9.3,10.1
-45580.2866,9.0,10.2,9.7
-45580.90041,9.1,9.1,8.8
-45580.07814,3.9,8.8,10.1
-45579.96721,5.1,12.3,8.8
-45580.5466,6.9,13.2,8.8
-45580.96735,7.4,6.0,8.8
-45580.05308,7.4,8.6,9.2
-45581.39176,7.5,5.3,9.7
-45580.05423,8.1,8.5,9.2
-45579.98989,8.9,7.6,10.1
-45580.45081,3.2,9.7,8.8
-45580.08954,3.4,8.9,10.2
-45580.58379,5.5,13.1,8.8
-45580.77705,5.8,13.0,8.7
-45580.58729,7.3,7.5,8.7
-45579.9238,9.1,7.4,10.2
-45580.51707,4.5,5.6,9.1
-45580.5218,4.6,4.9,9.8
-45582.17222,5.0,5.5,9.1
-45579.92418,6.0,7.0,10.2
-45580.12629,7.5,12.9,8.7
-45580.60808,7.8,5.2,9.8
-45580.06894,7.9,8.7,9.1
-45580.24383,8.6,8.5,9.8
-45580.8831,5.4,5.8,8.7
-45582.04765,5.5,5.5,9.8
-45580.02488,5.7,6.7,10.2
-45582.42302,6.0,5.6,9.8
-45582.12867,6.2,5.7,9.1
-45579.93005,6.3,8.2,9.8
-45582.56805,6.9,4.8,9.8
-45580.30936,5.1,5.8,10.2
-45580.01435,5.8,5.9,10.6
-45579.94164,6.4,6.4,10.6
-45582.05118,7.4,5.3,9.5
-45580.28984,3.4,8.1,9.5
-45580.05974,3.8,9.9,10.0
-45580.16915,3.9,9.4,8.9
-45580.08862,4.2,4.8,9.5
-45583.34498,5.9,5.4,9.5
-45583.74969,6.5,4.9,9.5
-45580.61201,6.8,12.2,8.9
-45579.94243,7.4,6.2,10.4
-45582.24778,7.5,5.1,9.3
-45579.9269,7.7,8.5,9.3
-45580.22347,8.8,8.7,10.0
-45580.28997,9.1,10.2,9.5
-45580.27809,3.5,8.3,9.3
-45580.29674,4.3,5.4,9.3
-45580.10781,5.4,12.1,8.9
-45580.05305,5.9,6.5,10.4
-45580.10527,6.2,8.8,8.9
-45580.45799,6.5,5.8,10.4
-45579.9609,8.6,10.2,10.0
-45581.01291,5.3,5.7,10.0
-45583.92266,5.8,4.8,9.3
-45583.40766,6.4,5.5,9.3
-45579.93869,6.7,5.7,10.7
-45583.15914,6.9,5.4,9.4
-45582.63081,7.1,5.6,9.3
-45580.58198,8.7,9.1,8.9
-45580.33411,9.0,10.0,9.3
-45580.82029,4.6,5.5,9.4
-45581.15912,5.0,4.9,9.9
-45580.10238,5.1,6.4,9.0
-45580.04398,5.4,6.4,10.3
-45583.40065,5.5,4.9,9.4
-45581.779,5.6,5.6,9.9
-45580.0598,6.1,6.7,10.3
-45580.83448,6.5,12.3,9.0
-45580.482,6.8,5.9,10.3
-45579.99368,8.2,9.0,9.0
-45580.38699,9.0,8.5,9.9
-45580.81491,3.4,9.5,9.0
-45580.25963,3.5,9.8,9.9
-45580.52586,5.9,12.0,9.0
-45582.75641,6.2,5.7,9.6
-45580.11691,6.7,8.9,9.0
-45581.25961,7.8,5.0,9.4
-45580.17404,8.5,8.6,9.9
-45579.97085,3.5,7.2,10.1
-45580.1345,3.5,10.4,9.6
-45580.35337,4.5,5.6,9.6
-45581.51698,5.0,5.5,9.6
-45579.92228,5.7,6.7,10.5
-45583.58536,5.9,5.4,9.2
-45579.94216,6.1,8.3,9.6
-45584.14009,6.5,4.9,9.2
-45582.60416,6.6,5.6,9.7
-45580.19528,8.6,9.3,8.8
-45580.01377,9.0,7.9,9.6
-45580.142,9.0,9.1,10.1
-45580.25183,4.2,4.8,9.2
-45580.93781,4.9,5.7,9.7
-45580.27131,5.1,13.1,8.8
-45580.52624,5.5,12.3,8.8
-45579.92685,5.7,8.9,8.8
-45581.01373,5.8,5.9,10.1
-45580.46638,6.4,6.4,10.1
-45579.92995,6.9,12.0,8.8
-45582.52542,7.4,5.3,9.2
-45580.00874,8.2,8.4,9.2
-45580.24739,8.7,10.0,9.7
-45580.11117,3.3,9.7,10.1
-45580.69413,3.5,8.9,8.7
-45579.97936,3.6,9.6,10.2
-45580.35294,3.8,8.8,8.8
-45580.18689,7.5,6.0,10.1
-45581.20596,7.9,5.2,9.1
-45580.35018,8.7,8.5,9.1
-45580.28254,9.1,7.9,9.8
-45580.59883,9.2,8.7,9.7
-45580.14576,3.4,10.4,9.8
-45580.05689,4.4,5.6,9.8
-45581.68984,4.7,4.9,9.1
-45581.2432,5.0,5.8,8.7
-45581.33055,5.1,5.5,9.8
-45580.67432,5.5,5.8,10.2
-45580.10936,5.8,12.2,8.7
-45582.31706,6.3,5.7,9.8
-45583.89273,6.8,4.8,9.1
-45580.10255,6.9,6.5,10.2
-45580.03322,7.5,12.5,8.7
-45579.92957,4.1,4.9,9.5
-45580.96671,4.8,5.7,9.5
-45582.95057,5.4,5.5,9.1
-45581.43275,5.4,6.0,9.1
-45579.97752,6.0,8.3,9.8
-45582.6757,6.1,5.6,9.1
-45582.90843,6.7,5.6,9.5
-45580.01346,8.6,10.0,9.5
-45580.73851,9.2,9.7,9.1
-45580.49296,3.3,8.7,8.7
-45579.93647,3.8,7.8,10.2
-45579.92255,4.4,8.5,10.2
-45579.99005,4.6,5.1,10.2
-45582.3752,5.0,5.3,8.7
-45580.71462,5.1,6.0,9.8
-45581.06681,5.5,5.3,10.2
-45580.77665,5.8,12.8,9.1
-45580.10802,6.0,6.8,9.8
-45579.94128,6.1,8.5,8.7
-45579.99895,6.3,8.4,10.2
-45580.17967,6.8,6.3,9.1
-45581.29288,6.9,5.0,10.2
-45580.08681,7.5,13.1,9.1
-45579.98236,8.2,9.4,9.8
-45580.43366,3.4,9.1,9.8
-45579.96971,4.9,12.7,9.1
-45580.13808,6.5,11.9,9.8
-45580.87009,6.6,12.6,9.1
-45580.02306,7.8,5.4,10.2
-45579.93528,7.9,5.9,9.1
-45580.00596,8.6,8.3,10.2
-45580.00116,9.1,7.2,9.8
-45580.19175,5.9,12.4,9.8
-45579.91918,6.7,9.3,9.8
-45579.95464,7.1,9.1,9.1
-45580.3948,8.6,9.5,9.5
-45580.57432,3.5,9.1,9.6
-45580.48379,3.8,9.0,9.5
-45580.04158,4.4,9.3,9.5
-45580.63006,5.0,6.0,9.6
-45580.03067,5.1,5.3,10.5
-45579.95944,5.1,12.9,9.5
-45580.28641,5.5,12.5,9.5
-45580.05582,5.7,9.1,9.5
-45580.35075,5.8,12.4,9.6
-45580.51369,6.0,12.6,9.5
-45579.98858,6.1,6.8,9.6
-45580.13098,6.3,9.2,9.5
-45580.29483,6.4,11.9,9.6
-45579.98755,6.6,9.3,9.6
-45580.07256,6.8,11.8,9.7
-45580.12203,6.9,11.8,9.5
-45580.13244,8.3,9.4,9.6
-45580.28449,3.9,9.0,9.7
-45580.11682,5.1,12.5,9.2
-45580.07702,5.4,12.5,9.7
-45580.49049,5.5,12.9,9.2
-45579.92713,5.6,9.1,9.7
-45580.02623,5.9,8.7,8.8
-45580.06371,6.0,9.3,9.2
-45580.32061,6.1,12.6,9.7
-45580.0558,6.2,9.2,9.7
-45580.84157,6.3,12.7,9.2
-45581.94525,6.4,5.1,10.1
-45581.52603,7.4,5.8,9.2
-45580.51089,7.5,5.5,10.1
-45579.92714,8.3,8.2,10.1
-45580.94669,9.1,8.9,9.2
-45579.92697,3.4,10.0,9.0
-45580.08089,3.5,7.9,10.1
-45580.42826,3.6,8.6,8.8
-45579.98729,4.1,5.1,8.8
-45581.72821,5.8,5.2,10.1
-45580.0,5.8,11.8,9.9
-45580.81288,5.9,6.1,9.2
-45580.12441,6.4,12.5,9.9
-45580.33176,6.5,6.2,9.2
-45579.99337,6.6,8.5,10.1
-45579.95408,6.6,9.1,9.9
-45582.13187,7.2,5.7,9.0
-45579.91825,8.7,8.1,10.3
-45580.34074,8.7,9.5,9.7
-45580.10323,9.1,8.3,9.0
-45580.1471,3.3,7.6,9.9
-45580.30274,3.5,9.3,9.9
-45580.11155,5.0,6.2,9.9
-45580.20583,5.3,12.7,9.4
-45580.79756,5.4,5.1,10.3
-45579.9321,6.2,7.8,10.3
-45580.53782,6.5,12.9,9.4
-45581.00817,6.8,5.2,10.3
-45580.04841,6.9,8.7,9.0
-45580.0099,8.1,8.9,9.4
-45580.06893,8.3,8.8,9.9
-45580.47937,8.8,9.7,9.4
-45580.00961,9.0,7.0,9.9
-45579.93694,3.9,8.4,10.3
-45579.99104,4.3,8.7,8.9
-45580.05686,4.6,8.6,9.0
-45579.94528,4.7,5.3,10.3
-45582.91331,5.1,5.1,9.0
-45581.09018,5.5,6.2,9.4
-45580.02428,5.7,6.8,9.4
-45580.64064,5.8,6.3,9.3
-45581.63767,6.4,6.0,9.3
-45581.36728,6.9,6.1,9.4
-45580.04238,3.6,7.7,10.0
-45580.14789,3.8,9.2,10.0
-45579.92041,4.4,9.1,10.0
-45580.96093,5.9,5.0,10.4
-45579.98003,6.4,8.6,8.9
-45580.83622,6.5,5.3,10.4
-45579.9129,6.7,7.9,10.4
-45580.20723,8.5,9.6,9.3
-45580.14477,8.6,8.9,10.0
-45580.7451,9.0,9.5,9.3
-45580.5175,5.6,12.6,9.3
-45580.1964,6.1,9.1,9.3
-45579.95029,6.3,9.0,10.0
-45580.54125,6.8,12.8,9.3
-45580.26864,7.4,4.9,10.4
-45580.0357,7.5,6.4,9.3
-45581.25478,7.7,5.6,8.9
-45579.97414,8.1,8.9,9.0
-45579.99648,9.2,10.6,9.9
-45580.18408,3.9,8.4,9.9
-45580.49807,4.7,5.3,9.9
-45579.97827,5.0,6.2,10.3
-45582.44796,5.1,5.1,9.4
-45581.89313,5.4,5.1,9.9
-45579.92463,5.6,8.5,9.9
-45582.25681,6.8,5.2,9.9
-45580.60936,6.9,6.1,9.0
-45579.9454,6.9,8.7,9.4
-45580.12207,8.8,9.7,9.0
-45580.44497,3.4,10.0,9.4
-45580.44714,5.3,12.7,9.0
-45580.48806,5.5,6.2,9.0
-45580.8673,6.5,12.9,9.0
-45579.99951,6.6,11.7,9.9
-45582.14841,7.2,5.7,9.4
-45580.34918,7.9,4.8,9.9
-45580.10139,8.7,8.1,9.9
-45580.53352,9.1,8.3,9.4
-45579.95446,3.5,9.3,10.3
-45580.12687,5.9,11.5,9.4
-45579.95344,6.3,11.6,10.0
-45580.81916,6.8,12.8,8.9
-45580.76373,5.6,12.6,8.9
-45580.07694,6.1,9.1,8.9
-45580.33518,6.1,11.7,9.3
-45581.08424,7.4,4.9,10.0
-45581.22126,7.7,5.6,9.3
-45580.30653,3.4,8.5,10.0
-45580.07917,4.1,8.6,10.0
-45580.02663,4.3,8.7,9.3
-45582.2515,5.9,5.0,10.0
-45580.11177,5.9,5.3,10.7
-45580.15898,6.4,8.6,9.3
-45579.97279,7.1,8.5,9.3
-45580.18784,9.1,9.8,10.0
-45579.93044,3.4,7.9,9.5
-45580.09141,4.2,5.0,9.5
-45580.13005,5.7,11.7,9.5
-45579.96885,5.8,6.1,10.6
-45579.97101,6.4,6.2,10.6
-45580.21447,6.5,5.0,10.7
-45583.67722,6.5,5.1,9.5
-45582.10943,6.5,5.3,10.0
-45581.87451,7.4,5.5,9.5
-45580.19579,8.1,5.6,9.5
-45580.70353,9.0,9.5,8.9
-45580.07964,9.1,10.4,9.5
-45580.06951,3.4,9.1,10.2
-45579.99478,4.9,12.7,8.7
-45580.85994,5.8,12.8,8.7
-45583.56123,5.9,5.2,9.5
-45580.18674,7.3,7.3,8.7
-45580.92755,3.3,8.7,9.1
-45580.49349,4.6,5.1,9.8
-45582.43437,5.0,5.3,9.1
-45580.79113,6.6,12.6,8.7
-45580.54866,7.8,5.4,9.8
-45580.09311,8.6,8.3,9.8
-45579.9914,8.8,10.6,9.8
-45580.1808,5.1,6.0,10.2
-45580.26778,5.4,6.0,8.7
-45580.06626,5.4,8.6,9.1
-45582.24398,5.5,5.3,9.8
-45580.04286,6.0,6.8,10.2
-45579.92417,6.1,8.5,9.1
-45580.06966,6.3,8.4,9.8
-45580.03821,6.6,8.5,9.7
-45582.52035,6.9,5.0,9.8
-45580.10524,7.5,13.1,8.7
-45580.23138,9.2,9.7,8.7
-45580.11935,3.5,7.9,9.7
-45580.57936,3.6,8.6,9.2
-45580.05059,4.1,5.1,9.2
-45580.09242,4.3,5.0,9.7
-45580.13383,5.3,7.5,8.8
-45582.99866,5.8,5.2,9.7
-45580.16833,5.9,8.7,9.2
-45579.91286,6.1,12.6,10.1
-45583.24507,6.4,5.1,9.7
-45580.04702,8.7,9.5,10.1
-45580.16985,9.0,10.4,9.7
-45580.8659,9.1,8.9,8.8
-45580.06746,3.9,9.0,10.1
-45580.21447,5.1,12.5,8.8
-45580.98846,6.3,12.7,8.8
-45581.45827,7.4,5.8,8.8
-45581.259,7.5,5.5,9.7
-45580.22006,8.0,5.6,9.7
-45581.00456,4.7,5.1,9.6
-45582.59042,5.4,5.3,9.6
-45580.02846,5.5,6.0,10.5
-45580.68131,5.5,12.9,8.8
-45580.00052,5.6,11.7,9.7
-45580.08504,6.2,8.4,9.6
-45579.91198,6.3,6.9,10.5
-45583.21031,6.8,5.0,9.6
-45579.99051,6.9,6.3,10.5
-45579.93406,8.9,10.6,9.6
-45580.48682,5.5,12.3,9.2
-45579.99538,6.3,9.4,9.2
-45580.59503,7.9,5.4,9.6
-45579.91375,8.0,8.5,10.1
-45580.0718,8.7,8.3,9.6
-45580.48077,3.3,9.7,9.7
-45580.52961,3.8,8.8,9.2
-45580.13939,5.1,13.1,9.2
-45579.97648,5.4,13.1,9.7
-45580.18659,5.7,8.9,9.2
-45579.94271,6.1,9.5,9.7
-45580.08736,6.8,13.2,9.7
-45580.43416,6.9,12.0,9.2
-45582.62406,7.4,5.3,8.8
-45580.53389,7.5,6.0,9.7
-45580.1961,4.2,4.8,8.8
-45580.31165,4.9,5.7,10.1
-45580.13905,5.3,6.6,9.2
-45581.98145,5.8,5.9,9.7
-45582.62379,5.9,5.4,8.8
-45580.95194,6.4,6.4,9.7
-45583.65197,6.5,4.9,8.8
-45581.42924,6.6,5.6,10.1
-45579.93252,7.2,9.0,9.2
-45580.52177,8.6,9.3,9.2
-45579.96347,8.7,10.0,10.1
-45580.49862,9.0,9.1,9.7
-45580.22197,9.2,8.7,10.1
-45580.43758,3.7,9.6,9.6
-45581.90788,5.4,5.8,9.6
-45580.24559,5.5,5.5,10.5
-45580.26854,5.8,13.0,9.6
-45582.2736,5.9,5.9,9.5
-45580.39007,6.0,5.6,10.5
-45580.41393,6.8,6.5,9.6
-45580.53727,6.9,4.8,10.5
-45580.10208,7.0,6.7,9.5
-45579.91053,7.1,8.9,9.6
-45579.95021,8.0,9.3,9.6
-45580.65865,3.2,9.7,9.5
-45581.66543,4.7,4.9,8.7
-45580.48238,5.1,5.5,10.2
-45579.97336,5.1,12.3,9.5
-45581.63189,5.5,5.8,9.8
-45580.20072,5.5,13.1,9.5
-45580.23852,5.8,5.4,10.6
-45579.96449,6.0,9.5,9.5
-45580.49609,6.4,4.9,10.6
-45580.74968,6.5,6.4,9.5
-45580.19005,6.9,6.5,9.8
-45580.22449,6.9,13.2,9.5
-45580.81389,7.4,6.0,9.5
-45580.72768,9.1,9.1,9.5
-45580.89195,3.5,8.9,9.1
-45580.34395,3.6,9.6,9.8
-45581.4147,5.0,5.8,9.1
-45582.30725,5.4,5.5,8.7
-45580.10213,5.9,13.0,9.8
-45579.99148,6.0,8.3,10.2
-45580.41532,6.1,5.6,8.7
-45581.1071,6.3,5.7,10.2
-45583.20648,6.8,4.8,8.7
-45580.01197,7.5,12.5,9.1
-45579.931,8.1,9.3,9.8
-45580.22552,8.3,9.2,9.1
-45580.05659,3.5,8.3,8.9
-45580.26815,4.3,5.4,8.9
-45579.97741,5.2,8.8,9.1
-45580.70653,5.8,12.2,9.1
-45579.93605,5.9,5.8,10.7
-45580.43608,5.9,6.5,10.0
-45580.71059,6.4,12.1,9.1
-45581.518,6.5,5.8,10.0
-45580.43679,7.3,7.8,8.7
-45581.08194,7.9,5.2,8.7
-45580.16811,8.7,8.5,8.7
-45580.00432,9.1,7.9,10.2
-45580.03795,3.4,7.0,10.0
-45580.4509,3.9,9.4,9.3
-45579.96293,4.5,8.9,9.3
-45580.19713,5.3,5.7,10.4
-45583.73061,5.8,4.8,8.9
-45582.32929,6.4,5.5,8.9
-45582.41999,7.1,5.6,8.9
-45580.17004,7.4,6.2,10.0
-45580.61353,8.7,9.1,9.3
-45580.23587,9.1,9.3,10.0
-45580.26305,5.4,12.1,9.3
-45580.46635,5.9,12.0,9.4
-45579.97832,6.0,8.9,10.0
-45580.26719,6.2,8.8,9.3
-45580.61304,6.5,12.3,9.4
-45580.18329,6.7,8.9,9.4
-45580.52552,6.8,12.2,9.3
-45580.009,7.2,8.4,9.0
-45582.56984,7.5,5.1,8.9
-45581.63174,7.8,5.0,9.0
-45579.92561,8.4,5.3,9.0
-45579.93279,8.5,8.6,10.3
-45579.98571,9.0,8.5,10.3
-45580.0033,3.3,6.5,9.9
-45580.73554,3.4,9.5,9.4
-45580.13503,4.1,9.6,9.4
-45579.92,4.3,9.7,9.9
-45580.25622,5.1,6.4,9.4
-45583.75675,5.5,4.9,9.0
-45580.69035,5.6,5.6,10.3
-45579.95145,5.8,13.2,9.9
-45579.96264,6.1,8.1,10.3
-45580.01613,6.4,13.1,9.9
-45583.27967,6.9,5.4,9.0
-45580.15045,3.2,10.3,9.5
-45581.00939,4.6,5.5,9.0
-45580.2565,4.7,5.8,9.9
-45580.36677,5.0,4.9,10.3
-45580.20141,5.4,6.4,9.9
-45580.30951,6.1,6.7,9.9
-45580.01082,6.3,6.6,9.4
-45580.11844,6.3,11.5,9.5
-45581.41319,6.8,5.9,9.9
-45580.4146,8.1,4.9,9.5
-45580.17416,8.2,9.0,9.4
-45580.71333,3.4,8.6,9.5
-45579.9678,3.4,10.8,9.8
-45580.2293,5.2,12.4,8.7
-45582.94126,7.0,5.3,9.5
-45579.95496,8.4,9.8,9.5
-45580.20152,3.6,10.2,9.8
-45580.47093,3.7,9.1,8.7
-45579.91856,4.1,9.3,10.2
-45580.56851,7.1,12.9,8.7
-45580.38712,7.2,5.9,10.2
-45582.72736,7.3,5.4,9.1
-45580.02958,8.5,8.3,9.1
-45579.94635,3.2,7.5,10.2
-45581.05502,4.5,5.1,9.1
-45583.57727,5.6,5.3,9.1
-45580.00114,5.7,8.6,9.8
-45582.92867,6.0,5.1,9.8
-45584.21369,6.2,5.0,9.1
-45579.95293,6.8,8.4,9.1
-45580.49285,8.9,9.4,8.7
-45580.31978,3.8,8.7,9.8
-45580.02751,4.7,8.5,9.1
-45581.89968,4.8,5.0,9.2
-45580.6068,5.7,6.0,10.2
-45580.43323,6.3,6.3,10.2
-45580.16546,8.5,9.8,9.7
-45580.26963,8.8,9.9,9.8
-45580.59261,9.2,8.8,8.7
-45580.53318,3.5,8.6,9.7
-45580.06049,4.0,8.5,9.7
-45580.02644,4.2,8.4,9.2
-45580.30542,5.2,6.1,10.1
-45583.16764,5.3,5.2,9.2
-45580.09596,6.4,6.8,10.1
-45579.95738,6.5,8.5,9.2
-45580.65046,6.6,6.2,10.1
-45583.94844,6.7,5.1,9.2
-45580.42742,7.0,6.0,8.8
-45580.03583,7.0,8.6,9.2
-45580.77587,3.2,9.0,8.8
-45579.95856,4.9,6.3,10.1
-45579.92265,6.0,11.4,9.2
-45580.06062,6.2,11.5,9.7
-45582.28201,7.1,5.3,9.7
-45580.04122,7.2,12.2,8.8
-45580.11607,7.7,5.8,10.1
-45579.93778,8.9,7.1,10.1
-45580.53221,9.1,9.6,8.8
-45580.23173,3.3,10.3,9.7
-45580.75662,5.7,12.5,8.8
-45580.06134,6.0,6.2,10.5
-45579.91338,6.1,11.9,10.1
-45581.74669,7.6,5.5,9.2
-45580.39742,8.0,4.9,9.7
-45580.40974,8.2,4.8,9.2
-45579.99515,9.2,7.3,10.1
-45580.17334,3.7,10.2,9.6
-45580.33209,3.9,8.7,9.6
-45583.51036,6.1,5.1,9.6
-45579.92475,6.3,7.6,10.5
-45579.96347,6.6,11.4,9.6
-45580.44101,8.9,9.9,9.6
-45580.0727,9.2,10.5,9.6
-45580.73679,3.2,8.4,9.4
-45580.49128,4.4,5.3,9.4
-45580.20566,5.6,6.2,10.3
-45580.12866,6.0,6.0,9.0
-45580.44631,6.2,6.1,10.3
-45580.01899,8.9,10.5,9.9
-45583.62599,5.7,5.1,9.4
-45580.18393,6.0,8.6,9.4
-45580.01019,6.1,5.0,10.8
-45582.50052,6.1,5.3,9.9
-45580.09023,6.2,8.7,9.9
-45583.85185,6.3,5.2,9.4
-45580.28386,6.5,11.7,9.4
-45580.65721,8.8,8.8,9.0
-45580.28125,9.2,9.9,9.9
-45580.77692,3.6,9.3,9.0
-45580.15529,3.7,10.0,9.9
-45580.07571,4.2,9.0,9.0
-45580.10887,6.5,9.1,9.0
-45582.9342,7.2,4.8,9.4
-45579.94241,7.3,6.5,10.3
-45580.14589,7.9,5.7,9.9
-45580.11999,3.2,10.1,10.0
-45580.10461,5.0,12.6,8.9
-45579.9876,5.6,11.9,8.9
-45580.0247,5.9,9.2,9.0
-45580.87665,6.2,12.4,8.9
-45580.85762,6.7,12.5,9.0
-45579.98706,6.8,9.0,8.9
-45580.77891,7.4,5.6,10.0
-45581.70234,7.7,4.9,9.3
-45580.05549,8.3,5.4,9.3
-45580.94727,3.3,9.2,8.9
-45582.90818,5.2,5.0,9.3
-45579.92213,5.9,6.9,10.4
-45580.92729,6.1,12.9,8.9
-45583.72141,6.6,5.3,9.3
-45580.25848,6.7,6.0,10.4
-45579.98578,6.7,8.6,10.0
-45581.71768,7.0,5.1,10.0
-45579.97486,7.0,5.2,10.7
-45580.21826,8.5,8.9,8.9
-45580.31018,9.2,8.2,9.3
-45580.34035,3.7,8.5,9.3
-45581.99429,4.9,5.2,9.3
-45580.82002,4.9,5.9,9.3
-45580.52905,5.3,4.8,10.4
-45579.99275,5.3,6.3,10.4
-45581.41838,5.8,5.7,8.9
-45579.9211,5.9,8.2,10.4
-45579.9282,6.5,8.1,10.4
-45580.61706,6.7,5.5,10.4
-45583.53272,7.1,4.9,8.9
-45580.41196,7.1,6.2,8.9
-45580.05862,8.4,9.1,10.0
-45580.14946,3.3,9.9,8.9
-45580.30406,5.2,6.5,9.3
-45579.94653,5.7,12.1,10.0
-45580.75321,6.1,12.3,9.3
-45580.02555,6.3,12.2,10.0
-45580.22323,6.5,6.7,10.0
-45582.45139,6.6,5.8,9.3
-45579.92689,6.9,8.8,10.0
-45580.26498,7.0,6.4,10.0
-45580.01596,7.6,5.1,10.4
-45580.07093,8.3,8.7,8.9
-45580.25827,3.2,9.4,10.0
-45580.23415,3.7,9.5,9.9
-45580.2854,4.1,8.9,9.4
-45579.92038,6.0,13.1,10.0
-45580.62025,6.2,13.0,9.3
-45580.41623,6.7,13.1,9.4
-45580.61815,7.2,6.3,9.4
-45580.85285,8.0,5.3,8.9
-45579.97088,3.3,8.2,10.3
-45580.03274,3.6,9.8,9.0
-45580.01779,4.3,8.8,9.9
-45580.15323,5.0,5.6,10.3
-45580.14715,5.3,13.2,9.4
-45582.2646,6.3,5.9,9.4
-45580.03169,6.4,8.9,9.9
-45580.09055,6.6,12.3,9.9
-45580.13063,6.8,6.6,9.9
-45580.25623,7.0,12.1,9.4
-45580.563,7.3,5.0,10.3
-45580.35809,8.6,8.6,9.0
-45580.59039,3.3,8.8,9.7
-45580.20662,3.8,9.7,9.2
-45579.94678,4.4,5.8,9.4
-45582.64025,5.5,5.6,9.0
-45581.07089,5.6,4.9,10.3
-45580.67405,5.7,6.4,9.4
-45582.83661,6.0,5.5,9.0
-45581.85452,6.1,5.8,9.9
-45581.09822,6.2,5.4,10.3
-45580.01411,7.4,12.6,9.4
-45580.58046,7.6,6.0,9.2
-45580.31283,8.9,9.0,9.9
-45580.35931,9.2,9.2,9.9
-45579.91382,5.1,8.9,9.2
-45580.17223,5.6,12.3,9.7
-45580.5513,5.7,13.1,9.2
-45580.69434,6.0,12.1,9.2
-45580.61768,6.3,13.2,9.2
-45580.07422,9.2,7.8,10.1
-45580.08923,3.7,8.1,10.1
-45580.59642,4.9,4.8,10.1
-45581.68111,5.3,5.9,9.2
-45579.91292,5.4,8.9,9.7
-45580.26049,5.8,6.6,9.7
-45580.26709,6.2,12.0,9.7
-45580.1103,6.7,6.4,9.2
-45581.67856,7.1,5.8,9.7
-45580.31761,7.2,12.8,9.2
-45580.3123,7.7,5.3,10.1
-45580.64725,8.1,5.1,8.8
-45580.15829,8.9,8.4,10.1
-45580.04592,4.3,9.4,9.6
-45580.88395,5.2,5.4,10.1
-45580.01562,6.4,8.3,10.1
-45581.13386,6.5,5.6,8.8
-45581.9252,6.6,4.9,10.1
-45582.54254,7.0,5.5,8.8
-45580.0453,7.1,13.1,9.6
-45579.95384,7.3,12.4,9.7
-45579.91809,7.9,9.0,9.7
-45580.21389,8.5,9.3,9.7
-45579.96212,3.3,6.6,9.6
-45580.47135,3.7,8.9,9.6
-45579.99017,5.2,12.2,9.6
-45579.91505,5.4,6.7,9.6
-45580.12347,5.8,8.8,9.6
-45580.74565,6.0,4.9,10.5
-45580.95914,6.1,6.4,9.6
-45579.96843,6.4,9.5,9.6
-45580.31803,6.6,12.1,9.6
-45580.18396,6.9,5.7,10.5
-45579.99815,7.1,5.5,10.6
-45580.52159,8.9,9.2,9.6
-45580.68596,9.2,9.0,9.6
-45580.80618,3.2,8.8,9.5
-45580.01534,5.5,8.9,9.5
-45580.37678,5.7,12.3,9.5
-45580.26773,5.9,6.6,9.5
-45580.43942,6.3,12.0,9.5
-45580.19813,6.4,5.6,10.6
-45582.13714,7.0,5.8,9.5
-45580.12584,7.2,12.4,9.5
-45579.91899,7.8,9.0,9.5
-45580.26893,8.4,9.3,9.5
-45580.0723,3.2,6.6,9.8
-45580.03995,3.2,8.0,10.2
-45581.1085,5.7,5.5,10.2
-45583.36363,6.1,4.9,8.7
-45581.73546,6.3,4.8,10.2
-45580.64072,6.8,5.7,8.7
-45579.91461,6.9,8.2,10.2
-45580.33972,8.8,9.2,9.8
-45580.68613,3.5,9.6,9.1
-45580.39708,3.6,8.9,9.8
-45580.07784,4.0,9.5,9.1
-45580.86063,4.7,5.6,8.7
-45580.04678,4.9,13.2,9.1
-45580.28424,5.2,13.0,9.1
-45579.95088,5.3,12.2,9.8
-45582.03865,5.6,5.8,9.1
-45580.06941,5.9,8.8,9.8
-45580.8692,6.0,6.4,9.8
-45580.1299,6.7,12.1,9.8
-45579.93579,7.0,13.1,9.8
-45580.43096,7.1,12.3,9.1
-45580.84368,7.2,5.2,10.2
-45581.07014,7.3,6.1,9.1
-45579.98079,8.4,8.5,10.2
-45580.10223,9.1,8.6,10.2
-45580.35136,3.3,8.0,9.6
-45580.14161,4.0,9.8,9.6
-45580.03603,4.2,9.4,9.8
-45580.57446,4.5,4.9,9.6
-45582.69836,5.6,5.5,9.6
-45580.18497,5.7,5.8,10.5
-45583.62059,6.2,4.8,9.6
-45579.99549,6.3,6.5,10.5
-45579.94159,7.2,6.1,10.5
-45582.15608,7.3,5.2,9.6
-45580.03024,8.5,8.5,9.6
-45580.60612,9.0,8.6,9.6
-45580.0422,3.7,8.1,9.7
-45579.96961,4.1,8.3,9.2
-45581.36738,4.9,4.8,9.7
-45581.85011,5.2,5.4,9.7
-45581.14883,5.3,5.9,8.8
-45580.19775,5.8,6.6,10.1
-45579.95786,6.4,8.3,9.7
-45582.98654,6.5,5.6,9.2
-45583.20295,6.6,4.9,9.7
-45583.02864,7.0,5.5,9.2
-45580.76644,7.1,5.8,10.1
-45580.48742,7.2,12.8,8.8
-45580.0207,8.5,9.3,10.1
-45579.9586,9.0,10.8,9.7
-45580.21073,3.3,8.8,10.1
-45580.69281,5.7,13.1,8.8
-45579.92932,6.3,11.3,9.2
-45580.69069,6.3,13.2,8.8
-45580.59484,7.6,6.0,8.8
-45580.65301,8.1,5.1,9.2
-45580.23558,9.2,7.8,9.7
-45580.05333,4.1,9.8,9.8
-45579.99053,4.9,13.2,8.7
-45580.09876,6.0,12.1,8.8
-45579.92136,6.2,12.0,10.1
-45580.2796,7.1,12.3,8.7
-45580.03873,7.6,8.6,9.2
-45580.93372,7.7,5.3,9.7
-45580.47568,8.9,8.4,9.7
-45580.49671,9.1,8.6,9.8
-45580.37395,5.2,13.0,8.7
-45579.91041,5.9,8.8,10.2
-45581.87845,7.2,5.2,9.8
-45580.01547,7.3,8.7,9.1
-45580.03519,8.4,8.5,9.8
-45580.18122,3.5,9.6,8.7
-45580.05503,3.6,8.9,10.2
-45582.31599,5.7,5.5,9.8
-45584.1807,6.1,4.9,9.1
-45583.08821,6.3,4.8,9.8
-45582.43235,6.8,5.7,9.1
-45580.37522,7.3,6.1,8.7
-45580.02016,8.8,9.2,10.2
-45580.37498,3.2,8.0,9.8
-45580.16744,4.4,4.9,9.8
-45581.10078,4.7,5.6,9.1
-45582.51264,5.3,5.4,9.5
-45580.10835,5.4,7.2,8.7
-45579.94117,5.5,6.7,10.2
-45580.32715,5.6,5.8,8.7
-45580.31511,6.0,6.4,10.2
-45583.58438,6.7,4.9,9.5
-45581.52039,7.6,5.3,9.5
-45580.21239,8.2,5.0,9.5
-45580.29636,8.8,8.4,9.5
-45580.56959,3.3,9.9,9.3
-45580.00359,3.6,8.1,9.5
-45581.48525,4.8,4.8,9.5
-45579.93666,6.6,6.4,10.6
-45580.67899,7.6,5.1,10.0
-45580.73357,8.0,5.3,9.3
-45580.0968,8.3,8.7,9.3
-45580.02612,8.8,7.8,10.0
-45580.74394,6.1,12.3,8.9
-45580.87008,6.2,13.0,8.9
-45579.95926,8.1,8.6,10.0
-45579.91541,3.2,9.4,10.4
-45580.24008,3.6,8.3,10.0
-45580.48064,4.8,5.4,10.0
-45580.98125,4.9,5.9,8.9
-45581.51973,5.3,4.8,10.0
-45582.78226,5.8,5.7,9.3
-45579.96168,5.9,8.2,10.0
-45580.71677,6.1,5.8,10.3
-45579.9884,6.5,6.7,10.4
-45579.91791,6.5,8.1,10.0
-45580.71566,6.6,5.8,8.9
-45580.17108,6.7,4.8,10.7
-45581.77601,6.7,5.5,10.0
-45580.00508,7.0,6.4,10.4
-45583.31479,7.1,4.9,9.3
-45580.3756,3.3,8.2,9.9
-45580.13651,4.5,5.5,9.9
-45580.86168,5.0,5.6,9.9
-45582.41929,6.2,5.4,9.9
-45580.42439,6.3,5.9,9.0
-45580.02345,6.8,6.6,10.3
-45580.18349,7.4,12.6,9.0
-45579.97416,8.9,9.0,10.3
-45580.00265,9.2,9.2,10.3
-45580.16895,4.1,8.9,9.0
-45580.37437,5.3,13.2,9.0
-45582.73316,5.5,5.6,9.4
-45582.28725,5.6,4.9,9.9
-45583.35718,6.0,5.5,9.4
-45580.02535,6.2,4.9,10.8
-45580.68903,6.7,13.1,9.0
-45580.53724,7.2,6.3,9.0
-45579.96053,3.5,10.7,9.9
-45580.48796,3.6,9.8,9.4
-45579.96847,4.8,13.0,9.0
-45580.3705,7.0,12.1,9.0
-45581.49345,7.3,5.0,9.9
-45580.24399,8.6,8.6,9.4
-45580.65827,3.6,9.3,9.4
-45580.13731,4.0,9.1,9.9
-45580.23944,4.2,9.0,9.4
-45580.04405,6.5,11.7,9.0
-45580.02568,6.6,12.9,9.9
-45583.32658,7.2,4.8,9.0
-45580.42113,3.2,8.4,9.0
-45580.0833,3.3,6.9,9.9
-45580.67566,4.4,5.3,9.0
-45579.93141,4.5,6.0,9.9
-45580.85109,5.6,6.2,9.9
-45580.04637,5.8,12.7,9.9
-45580.11866,5.9,9.2,9.4
-45581.91474,6.0,6.0,9.4
-45580.01912,6.0,8.6,9.0
-45581.32343,6.2,6.1,9.9
-45580.1758,6.5,9.1,9.4
-45580.54087,6.7,12.5,9.4
-45579.98468,8.3,9.7,9.9
-45580.62946,8.8,8.8,9.4
-45579.96214,3.6,6.8,10.0
-45580.06264,4.8,6.1,10.0
-45583.21912,5.2,5.0,8.9
-45580.01875,5.5,8.5,9.0
-45583.92431,5.7,5.1,9.0
-45581.16379,6.1,5.3,10.3
-45583.93641,6.3,5.2,9.0
-45583.4533,6.6,5.3,8.9
-45580.62527,7.0,5.1,10.4
-45580.40668,8.5,8.9,9.3
-45580.08284,8.6,9.6,10.0
-45582.30667,4.9,5.2,8.9
-45580.26102,5.3,6.3,10.0
-45579.96537,5.9,6.9,10.0
-45581.09259,6.7,6.0,10.0
-45581.01382,7.1,6.2,9.3
-45580.37603,3.7,8.5,8.9
-45579.97532,4.7,9.1,9.3
-45579.91138,5.4,9.3,9.3
-45580.32975,5.6,11.9,9.3
-45580.01238,6.0,12.5,10.0
-45580.78528,6.2,12.4,9.3
-45580.14783,6.8,9.0,9.3
-45580.06163,7.4,5.6,10.4
-45581.98254,7.7,4.9,8.9
-45579.98644,8.3,5.4,8.9
-45580.90385,3.3,9.2,9.3
-45579.98261,5.0,12.6,9.3
-45579.93337,5.7,8.6,10.2
-45580.64947,6.1,12.9,9.3
-45583.54411,6.2,5.0,8.7
-45579.99307,6.3,12.8,10.0
-45579.97994,8.0,5.8,9.3
-45580.76234,8.9,9.4,9.1
-45580.12553,3.2,7.5,9.8
-45580.03053,3.8,8.7,10.2
-45580.91963,4.5,5.1,8.7
-45583.00385,5.6,5.3,8.7
-45581.50419,5.7,6.0,9.8
-45580.17729,5.8,9.0,9.1
-45581.57928,6.0,5.1,10.2
-45581.10178,6.3,6.3,9.8
-45580.2001,6.5,12.6,9.8
-45580.51448,6.6,11.9,9.1
-45580.04001,7.0,12.5,9.8
-45582.51637,7.3,5.4,8.7
-45579.91914,8.8,9.9,10.2
-45580.98788,9.2,8.8,9.1
-45580.73236,3.7,9.1,9.1
-45580.10525,4.1,9.3,9.8
-45580.11785,4.3,9.2,9.1
-45579.97489,5.2,5.2,10.6
-45580.24897,5.2,12.4,9.1
-45580.02035,6.4,9.3,9.1
-45580.39122,6.6,5.1,10.6
-45581.25742,6.7,6.2,9.5
-45580.45655,7.1,12.9,9.1
-45581.1558,7.2,5.9,9.8
-45580.07576,7.2,13.0,9.5
-45580.2606,4.0,9.3,9.6
-45580.99443,5.3,6.1,9.5
-45580.34351,5.7,12.9,9.5
-45580.35707,6.0,11.9,9.5
-45579.92883,6.5,6.8,9.5
-45580.32679,6.9,12.7,9.5
-45581.28034,7.3,5.9,9.6
-45580.92804,7.6,5.8,9.5
-45579.97465,5.2,12.8,9.6
-45581.7154,5.6,6.0,9.6
-45580.46038,5.7,5.3,10.5
-45581.22674,6.2,6.3,9.6
-45580.42646,6.4,12.6,9.6
-45580.13536,7.1,12.5,9.6
-45580.13335,7.2,5.4,10.5
-45581.01311,3.2,9.0,9.2
-45579.94671,3.3,10.3,10.1
-45580.05532,5.5,9.1,9.2
-45580.11367,5.6,12.9,9.7
-45580.22337,6.1,11.9,9.7
-45580.74868,6.3,5.0,10.5
-45580.44026,6.3,11.8,9.2
-45580.1929,6.8,12.7,9.7
-45581.73451,7.6,5.5,8.8
-45580.563,7.7,5.8,9.7
-45579.95474,8.0,4.9,10.1
-45580.36959,8.2,4.8,8.8
-45580.18144,3.5,8.6,10.1
-45580.05872,4.0,8.5,10.1
-45582.05688,4.8,5.0,8.8
-45580.70455,5.2,6.1,9.7
-45580.68596,5.7,12.5,9.2
-45580.06432,6.4,6.8,9.7
-45581.34112,6.6,6.2,9.7
-45580.02947,6.9,9.2,9.2
-45581.49952,7.0,6.0,9.2
-45581.18137,7.1,5.3,10.1
-45579.94569,8.5,9.8,10.1
-45580.7886,9.1,9.6,9.2
-45579.93361,9.2,7.3,9.7
-45583.22579,5.3,5.2,8.8
-45580.94058,6.3,5.2,10.4
-45583.71092,6.7,5.1,8.8
-45580.25268,7.2,12.2,9.2
-45579.96092,7.8,8.8,9.2
-45580.09705,8.4,9.5,9.2
-45580.21678,8.8,8.8,10.0
-45579.91883,3.2,8.4,10.4
-45579.91092,4.5,8.6,8.9
-45581.07383,5.6,6.2,9.3
-45580.80659,5.7,5.1,10.4
-45581.21995,6.0,6.0,10.0
-45583.41319,6.1,5.3,8.9
-45580.07543,6.2,8.7,8.9
-45580.16631,9.2,9.9,8.9
-45579.9199,4.9,12.8,9.3
-45579.97386,5.4,6.8,9.3
-45580.62577,5.8,12.7,9.3
-45581.20372,6.2,6.1,9.3
-45579.91859,6.5,9.1,10.0
-45579.9678,6.7,12.5,10.0
-45580.01538,7.1,11.9,9.3
-45580.49902,7.2,4.8,10.4
-45580.38802,7.9,5.7,8.9
-45580.35295,3.3,9.2,9.9
-45580.18932,3.6,9.3,10.0
-45580.44482,4.0,9.1,9.3
-45580.01471,4.2,9.0,10.0
-45580.06405,6.1,12.9,9.9
-45580.13434,6.2,12.4,9.9
-45580.59914,6.3,12.8,9.4
-45580.60049,6.6,12.9,9.3
-45580.23427,7.3,6.5,9.3
-45579.98849,8.0,5.8,9.9
-45580.33565,8.1,5.5,9.0
-45579.96039,8.9,6.6,9.9
-45579.9721,9.2,8.2,10.3
-45579.9296,3.2,10.1,9.0
-45579.96178,3.7,8.5,10.3
-45579.96625,4.8,8.7,9.0
-45580.17897,4.9,5.2,10.3
-45580.66704,5.3,6.3,9.4
-45580.36504,5.5,12.6,9.4
-45579.95878,5.6,11.9,9.9
-45580.63203,6.0,12.5,9.4
-45579.94289,6.8,9.0,9.9
-45582.10159,7.4,5.6,9.0
-45580.07981,7.7,4.9,10.3
-45579.91939,8.9,8.0,10.3
-45580.10403,3.5,7.7,9.9
-45580.05861,4.8,6.1,9.4
-45580.59793,5.2,5.0,10.3
-45579.93574,5.8,8.4,10.3
-45579.94017,6.4,7.9,10.3
-45581.0807,6.6,5.3,10.3
-45581.87815,6.7,6.0,9.4
-45580.02627,6.7,8.6,9.0
-45583.66408,7.0,5.1,9.0
-45580.59279,7.1,6.2,9.9
-45580.13364,7.2,13.2,9.4
-45580.15847,8.5,8.9,9.9
-45580.37261,8.6,9.6,9.4
-45580.67569,3.3,9.0,9.6
-45580.31549,4.1,9.3,9.2
-45580.02588,4.3,9.2,9.7
-45580.33685,5.3,12.8,9.2
-45580.26405,5.6,12.5,9.6
-45580.25895,6.2,11.8,9.6
-45579.95685,6.8,9.2,9.6
-45580.31901,7.0,5.3,10.5
-45581.37016,7.1,6.0,9.6
-45579.97834,7.3,12.2,9.6
-45580.26251,8.5,9.5,9.6
-45580.53628,9.0,9.6,9.6
-45579.96172,9.2,6.6,9.6
-45580.0785,3.3,7.8,10.1
-45580.40257,3.7,9.1,9.7
-45580.35825,3.8,8.7,8.8
-45579.98815,4.5,5.1,10.1
-45579.96507,5.2,12.4,9.7
-45581.41416,5.7,6.0,9.2
-45580.0285,5.8,9.0,9.7
-45581.42572,6.1,6.2,9.7
-45580.00774,6.4,9.3,9.7
-45580.83084,6.5,12.6,9.2
-45580.17685,6.6,11.9,9.7
-45580.50127,7.0,12.5,9.2
-45579.99287,7.1,12.9,9.7
-45581.63063,7.2,5.9,9.2
-45580.84309,7.3,5.4,10.1
-45579.96929,7.6,13.1,9.2
-45580.05098,8.5,8.3,10.1
-45580.59797,9.2,8.8,9.7
-45580.06289,4.9,6.3,9.1
-45581.46534,5.6,5.3,10.1
-45583.72633,6.0,5.1,8.8
-45582.02308,6.2,5.0,10.1
-45581.43896,6.7,5.1,10.2
-45579.95557,6.8,8.4,10.1
-45579.94233,7.2,12.2,9.8
-45580.10444,8.4,9.5,9.8
-45580.44347,8.9,9.4,9.7
-45580.40375,9.1,9.6,9.8
-45580.33183,3.5,8.6,8.7
-45579.98515,3.6,7.9,10.2
-45579.96104,4.2,8.4,10.2
-45580.25327,4.8,5.0,10.2
-45581.11875,5.2,6.1,9.1
-45580.88071,5.3,5.2,10.2
-45579.97544,6.5,8.5,10.2
-45579.99949,6.6,6.2,9.1
-45581.2586,7.0,6.0,9.8
-45582.96879,7.1,5.3,8.7
-45580.26335,7.3,13.0,9.1
-45580.13418,5.7,12.5,9.8
-45580.48895,6.1,11.9,9.1
-45580.13494,6.3,11.8,9.8
-45580.73049,6.8,12.7,9.1
-45580.2157,7.6,5.5,10.2
-45580.88283,8.0,4.9,8.7
-45580.0238,8.8,8.2,10.2
-45580.49493,3.2,9.0,9.8
-45580.62686,5.6,12.9,9.1
-45580.4461,6.1,5.1,10.6
-45580.77924,7.7,5.8,9.1
-45580.51523,8.8,9.4,9.5
-45580.0752,3.2,10.5,9.8
-45580.59128,3.6,9.1,9.5
-45580.18705,4.2,9.2,9.5
-45580.14005,5.3,12.4,9.5
-45580.16377,5.9,9.0,9.5
-45581.41478,6.0,6.2,9.5
-45580.04979,6.5,9.3,9.5
-45580.28187,6.7,11.9,9.5
-45580.22446,7.0,12.9,9.5
-45581.7498,7.7,5.3,9.1
-45580.10492,8.1,5.1,9.8
-45580.34402,8.9,8.4,9.1
-45580.59473,3.3,8.8,8.7
-45579.92846,3.8,9.7,10.2
-45580.39297,5.6,12.3,8.7
-45579.94232,6.3,11.3,9.8
-45580.01963,7.6,6.0,10.2
-45580.22254,8.3,5.0,9.1
-45582.79959,5.2,5.4,9.1
-45580.41302,5.3,5.9,10.2
-45582.40698,6.5,5.6,9.8
-45579.91635,6.5,7.0,10.2
-45584.0998,6.6,4.9,9.1
-45582.00232,7.0,5.5,9.8
-45580.2013,7.3,12.4,8.7
-45579.95664,3.6,10.4,9.5
-45582.30326,4.9,4.8,9.1
-45580.24439,6.7,6.4,10.2
-45580.94463,7.1,5.8,8.7
-45579.99527,8.4,10.0,9.8
-45580.63481,4.6,5.6,9.5
-45583.76659,6.0,4.9,9.5
-45579.94203,6.1,6.4,10.6
-45582.49066,6.9,5.7,9.5
-45580.08887,7.0,5.8,10.5
-45580.21303,8.8,10.1,9.5
-45580.07478,3.3,10.5,9.6
-45580.00174,4.3,5.7,9.6
-45580.75066,4.4,4.9,9.2
-45580.99337,5.6,5.8,10.1
-45579.96034,5.9,6.6,10.5
-45579.94491,6.2,11.3,9.6
-45582.93062,6.4,5.6,9.6
-45582.32437,7.1,5.5,9.6
-45580.48091,8.0,5.1,9.6
-45580.00446,8.5,10.0,9.6
-45580.31439,8.9,10.1,9.7
-45580.00222,3.3,7.3,10.1
-45580.62076,4.7,5.6,9.7
-45580.29946,5.1,7.2,8.8
-45583.24228,5.7,5.5,9.2
-45583.33796,6.1,4.9,9.7
-45580.37253,6.2,6.5,10.1
-45584.13835,6.3,4.8,9.2
-45582.24119,6.8,5.7,9.7
-45579.92237,7.6,12.5,8.8
-45580.62091,8.8,9.2,8.8
-45580.23274,9.2,10.3,9.7
-45580.08856,3.5,9.6,10.1
-45580.7022,3.6,8.9,8.8
-45580.07299,3.7,10.4,9.7
-45579.98616,4.0,9.5,10.1
-45580.04814,5.9,8.8,8.8
-45580.22886,6.7,12.1,8.8
-45580.5702,7.0,13.1,8.8
-45583.0988,7.2,5.2,9.2
-45580.27762,7.3,6.1,10.1
-45580.11547,8.4,8.5,9.2
-45579.95723,5.2,6.5,10.3
-45580.06793,5.3,12.2,8.8
-45580.02008,7.0,6.4,9.0
-45580.83153,9.1,8.6,9.2
-45580.2093,3.6,8.3,9.4
-45581.4213,4.8,5.4,9.4
-45579.98168,4.9,5.9,10.3
-45583.00269,5.3,4.8,9.4
-45581.84564,5.8,5.7,9.9
-45580.65972,6.6,5.8,10.3
-45583.22013,6.7,5.5,9.4
-45581.91079,7.1,4.9,9.9
-45580.24769,8.4,9.1,9.0
-45579.97624,8.5,10.2,9.9
-45580.94065,3.2,9.4,9.0
-45580.27586,3.3,9.9,9.9
-45580.13696,3.6,9.8,10.0
-45580.60526,5.7,12.1,9.0
-45580.74628,6.0,13.1,9.0
-45580.75535,6.3,12.2,9.0
-45580.05288,6.9,8.8,9.0
-45581.80125,7.6,5.1,9.4
-45580.13757,8.0,5.3,9.9
-45580.25614,8.2,5.2,9.4
-45580.07317,8.3,8.7,9.9
-45580.1593,8.6,8.6,10.0
-45579.92518,4.3,8.8,8.9
-45580.12441,6.4,8.9,8.9
-45580.71812,6.6,12.3,8.9
-45582.83141,7.3,5.0,9.3
-45580.39697,3.7,9.5,8.9
-45579.91163,5.4,8.3,9.3
-45581.38027,5.5,5.6,10.0
-45583.71429,5.6,4.9,9.3
-45580.2425,6.0,4.8,10.7
-45583.65655,6.2,5.4,9.3
-45579.98211,7.2,6.3,10.4
-45580.82708,8.9,9.0,8.9
-45581.85276,5.0,5.6,9.3
-45580.05626,5.7,6.4,10.4
-45581.92473,6.0,5.5,10.0
-45580.36636,6.1,5.8,8.9
-45580.40551,6.3,5.9,10.4
-45579.98623,8.8,10.3,10.0
-45580.95618,9.2,9.2,8.9
-45580.84868,3.2,9.4,9.4
-45580.28289,3.3,8.2,9.3
-45580.65827,4.5,5.5,9.3
-45580.47174,6.0,13.1,9.4
-45580.04837,6.2,13.0,9.9
-45579.92725,8.9,7.5,9.9
-45580.41014,5.7,12.1,9.4
-45580.12262,6.1,12.3,9.9
-45580.62712,6.3,12.2,9.4
-45579.94179,6.5,6.7,9.4
-45581.74351,6.6,5.8,9.9
-45580.01822,6.9,8.8,9.4
-45580.01007,7.4,8.5,9.0
-45582.23687,7.6,5.1,9.0
-45580.12272,8.1,8.6,9.0
-45580.41188,8.2,5.2,9.0
-45580.07515,9.2,6.9,9.9
-45579.93424,3.5,6.4,9.9
-45580.10276,3.6,8.3,9.0
-45581.79691,4.8,5.4,9.0
-45583.39238,5.3,4.8,9.0
-45580.72187,5.8,5.7,10.3
-45580.6148,7.0,6.4,9.4
-45579.96387,7.8,9.2,9.4
-45580.05928,3.2,7.1,10.0
-45580.65334,4.5,5.5,8.9
-45580.44032,4.9,5.9,9.9
-45581.89255,5.0,5.6,8.9
-45580.39259,5.5,5.6,10.4
-45583.80133,5.6,4.9,8.9
-45580.7037,6.0,5.5,10.4
-45582.43806,6.1,5.8,9.3
-45582.90683,6.2,5.4,8.9
-45581.42233,6.3,5.9,10.0
-45582.94413,6.7,5.5,9.0
-45580.17253,6.8,6.6,9.3
-45580.82979,7.1,4.9,10.3
-45580.34716,8.4,9.1,9.4
-45580.76656,8.9,9.0,9.3
-45579.92328,5.2,12.0,9.3
-45580.46303,5.7,6.4,10.0
-45579.98418,5.8,9.4,9.3
-45580.26622,6.4,8.9,9.3
-45580.67853,6.6,12.3,9.3
-45583.14164,7.3,5.0,8.9
-45580.91965,9.2,9.2,9.3
-45580.59119,3.7,9.5,9.3
-45580.06368,4.1,8.9,10.0
-45580.05989,4.3,8.8,9.3
-45580.22022,7.2,6.3,10.0
-45580.11214,9.1,7.7,10.0
-45580.11468,5.6,5.5,10.6
-45582.40533,5.7,5.8,9.5
-45580.52117,6.2,4.8,10.6
-45580.58621,6.3,6.5,9.5
-45580.24393,7.0,12.3,9.5
-45579.9532,7.3,5.2,10.6
-45580.64671,3.4,9.6,9.5
-45580.20614,4.1,9.5,9.5
-45582.57181,5.2,5.4,8.7
-45580.09035,5.3,13.0,9.5
-45581.16846,6.5,5.6,10.2
-45583.41587,6.6,4.9,8.7
-45580.90478,7.0,5.5,10.2
-45580.93367,7.2,6.1,9.5
-45580.22666,7.3,12.4,9.1
-45580.39107,8.5,9.3,9.1
-45579.97185,4.1,8.3,10.2
-45582.28186,4.9,4.8,8.7
-45581.20428,5.3,5.9,9.8
-45580.00865,5.4,8.9,9.1
-45580.62849,5.6,12.3,9.1
-45580.18528,6.0,12.1,9.8
-45580.61125,6.2,12.0,9.1
-45580.08863,6.3,13.2,9.8
-45580.71902,6.7,6.4,9.8
-45581.99346,7.1,5.8,9.1
-45579.9574,7.5,7.9,8.7
-45581.67698,7.7,5.3,8.7
-45580.08316,8.3,5.0,8.7
-45580.11664,8.9,8.4,8.7
-45580.97454,3.3,8.8,9.1
-45580.45845,3.5,9.6,9.7
-45580.78815,3.6,8.9,9.2
-45580.2476,3.8,9.7,9.8
-45580.1932,4.0,9.5,9.7
-45580.02129,5.7,13.1,9.8
-45580.4286,7.0,13.1,9.2
-45580.6303,7.3,6.1,9.7
-45580.33529,7.6,6.0,9.8
-45580.11008,4.2,9.4,9.2
-45580.27094,5.3,12.2,9.2
-45580.23815,5.9,8.8,9.2
-45580.60275,6.7,12.1,9.2
-45580.06304,7.1,12.3,9.7
-45583.16564,7.2,5.2,8.8
-45580.00196,8.4,8.5,8.8
-45580.55446,9.1,8.6,8.8
-45580.7616,4.4,4.9,8.8
-45580.12792,4.7,5.6,10.1
-45579.99748,5.5,6.7,9.2
-45581.9847,5.6,5.8,9.7
-45582.29077,5.7,5.5,8.8
-45582.04324,6.1,4.9,10.1
-45580.75424,6.2,6.5,9.7
-45579.97736,8.9,10.1,10.1
-45579.9499,9.2,10.3,10.1
-45579.92359,3.3,7.3,9.7
-45580.28949,3.9,9.7,9.6
-45580.16379,5.6,13.1,9.6
-45580.37523,6.1,12.1,9.6
-45580.27505,6.2,13.2,9.6
-45583.32104,6.3,4.8,8.8
-45581.17221,6.8,5.7,10.1
-45580.1269,7.7,6.0,9.6
-45580.72169,8.8,9.2,9.2
-45580.22997,3.3,7.8,9.7
-45580.41768,3.8,8.7,9.2
-45580.42608,4.5,5.1,9.7
-45581.34887,5.2,5.9,9.6
-45580.15544,5.3,5.4,10.5
-45582.67884,5.6,5.3,9.7
-45580.72702,6.1,6.2,10.1
-45580.78665,6.6,6.4,9.6
-45580.6514,6.7,4.9,10.5
-45579.96065,7.3,12.8,9.6
-45580.03624,7.6,13.1,8.8
-45579.96793,8.8,9.9,9.2
-45580.21601,9.2,8.8,10.1
-45580.10127,3.7,9.1,10.1
-45579.9156,4.3,9.2,10.1
-45580.51093,5.3,12.8,8.8
-45580.06691,5.7,8.6,9.2
-45580.03039,5.8,11.6,9.7
-45584.10346,6.0,5.1,9.2
-45583.3229,6.2,5.0,9.7
-45580.92462,6.5,12.6,8.8
-45581.18198,7.2,5.9,8.8
-45581.78596,7.3,5.4,9.7
-45580.09601,8.9,9.4,10.1
-45580.05055,4.0,10.0,9.7
-45581.54754,4.9,5.0,9.6
-45582.22708,5.2,5.2,9.6
-45579.95173,5.3,6.1,10.5
-45579.92319,5.4,11.7,9.6
-45580.01337,6.1,11.4,9.6
-45580.13567,6.4,8.5,9.6
-45579.92043,6.5,6.8,10.5
-45583.38082,6.6,5.1,9.6
-45580.03959,6.7,6.2,10.5
-45580.60552,7.0,12.5,8.8
-45580.35976,9.2,8.0,9.6
-45580.14121,5.9,11.6,9.5
-45582.4465,7.2,5.4,9.5
-45580.96812,7.7,5.5,9.6
-45579.9662,8.3,4.8,9.6
-45580.27976,8.9,8.2,9.6
-45580.45077,4.4,5.1,9.5
-45579.95005,5.6,6.0,10.6
-45583.28049,5.7,5.3,9.5
-45579.95889,6.2,6.3,10.6
-45580.05437,6.2,11.5,9.1
-45583.79831,6.3,5.0,9.5
-45580.78849,6.8,12.7,8.7
-45580.87664,7.6,5.5,9.8
-45580.99308,8.0,4.9,9.1
-45579.96613,8.2,4.8,9.8
-45580.2603,8.8,8.2,9.8
-45580.12032,3.2,9.0,10.2
-45581.93716,5.3,5.2,9.8
-45579.9198,5.5,11.7,9.8
-45580.74134,5.6,12.9,8.7
-45579.96338,6.0,11.4,9.8
-45580.0828,6.5,8.5,9.8
-45580.68174,7.7,5.8,8.7
-45580.01973,9.1,9.6,10.2
-45580.68603,3.5,8.6,9.1
-45580.07646,3.6,7.9,9.8
-45580.1881,4.0,8.5,9.1
-45580.91491,4.8,5.0,9.8
-45580.36169,5.2,6.1,8.7
-45580.02206,5.2,8.7,9.1
-45582.74237,6.7,5.1,9.8
-45580.45337,7.0,6.0,10.2
-45583.26219,7.1,5.3,9.1
-45580.34985,7.3,13.0,8.7
-45579.95929,3.7,10.0,9.3
-45580.03942,4.9,12.8,8.9
-45580.90694,5.8,12.7,8.9
-45579.95471,6.5,11.7,10.0
-45581.47038,7.2,4.8,10.0
-45580.47827,7.9,5.7,9.3
-45580.24315,4.0,9.1,8.9
-45579.91509,5.5,8.5,10.0
-45582.01934,5.7,5.1,10.0
-45580.07958,5.7,5.2,10.7
-45580.04055,6.0,8.6,10.0
-45583.82624,6.1,5.3,9.3
-45580.23684,6.2,8.7,9.3
-45580.21843,6.3,5.1,10.7
-45582.25372,6.3,5.2,10.0
-45580.8795,6.6,12.9,8.9
-45580.5799,9.2,9.9,9.3
-45580.32602,3.2,8.4,10.0
-45579.95563,4.4,5.3,10.0
-45579.97212,4.5,8.6,9.3
-45579.96317,5.0,8.5,9.3
-45579.94923,5.6,6.2,8.9
-45580.31201,6.0,6.0,10.4
-45580.30591,3.7,8.5,9.9
-45580.89112,4.9,5.2,9.9
-45580.5324,5.3,6.3,9.0
-45580.45802,6.7,6.0,9.0
-45580.10893,7.1,6.2,10.3
-45580.35736,7.2,13.2,9.0
-45579.99718,3.3,9.2,10.3
-45580.2809,4.8,6.1,9.0
-45581.55074,5.2,5.0,9.9
-45579.98443,5.8,8.4,9.9
-45580.94792,6.3,12.8,9.0
-45579.96867,6.6,5.0,10.8
-45582.38039,6.6,5.3,9.9
-45579.9982,6.7,8.6,9.4
-45579.91118,6.8,11.6,9.9
-45583.27845,7.0,5.1,9.4
-45579.9206,8.5,8.9,10.3
-45579.93964,8.6,9.6,9.0
-45580.64514,5.5,12.6,9.0
-45580.95783,6.0,12.5,9.0
-45580.7006,7.7,4.9,9.9
-45580.21244,8.9,8.0,9.9
-45580.37359,9.2,8.2,9.9
-45580.34892,3.2,10.1,9.4
-45580.72458,3.4,8.9,9.5
-45581.48065,5.1,5.8,9.5
-45580.13527,5.7,6.7,9.5
-45580.15384,6.2,5.7,10.6
-45580.44632,6.5,12.1,9.5
-45581.91092,7.4,5.6,9.4
-45579.97494,7.4,12.5,9.5
-45580.31339,8.1,5.5,9.4
-45580.13678,8.2,9.2,9.5
-45580.05027,3.4,6.7,9.8
-45580.04323,3.4,8.1,10.2
-45581.24723,4.9,5.7,8.7
-45581.3947,5.8,5.9,9.1
-45580.44912,5.9,12.2,9.5
-45580.72337,3.3,9.7,9.1
-45580.31171,3.8,8.8,9.8
-45579.97822,5.0,12.3,9.1
-45580.43475,5.4,13.1,9.1
-45581.3229,5.9,5.4,10.2
-45581.65018,6.5,4.9,10.2
-45580.75827,6.6,5.6,8.7
-45579.95664,6.7,8.3,10.2
-45580.55997,6.8,13.2,9.1
-45580.89746,7.5,6.0,9.1
-45580.23523,8.6,9.3,9.8
-45580.91129,9.0,9.1,9.1
-45580.50343,9.2,8.7,8.7
-45580.04954,5.5,12.3,9.8
-45579.98864,5.7,8.9,9.8
-45579.94151,6.3,9.4,9.8
-45580.03614,6.9,12.0,9.8
-45580.53911,7.4,5.3,10.2
-45579.94405,8.2,8.4,10.2
-45580.50764,3.5,8.9,9.7
-45580.61773,3.6,9.6,9.2
-45580.23641,5.8,12.2,9.7
-45580.28492,6.4,12.1,9.7
-45580.01949,7.0,8.9,9.2
-45580.0651,7.9,5.2,10.1
-45580.11815,8.7,8.5,10.1
-45581.0808,5.4,5.5,10.1
-45580.65434,5.9,13.0,9.2
-45581.51879,6.1,5.6,10.1
-45580.00431,6.2,8.2,10.1
-45580.28037,6.3,5.7,8.8
-45580.05258,8.1,9.3,9.2
-45579.99084,3.9,8.0,10.1
-45579.97339,4.4,5.6,8.8
-45580.27443,4.7,4.9,10.1
-45581.01406,5.0,5.8,9.7
-45582.30574,5.1,5.5,8.8
-45582.2203,5.5,5.8,9.2
-45579.95509,5.6,6.7,9.7
-45581.76294,6.8,4.8,10.1
-45580.25863,6.9,6.5,9.2
-45580.11865,7.4,12.9,9.2
-45580.09703,8.3,9.2,9.7
-45580.36927,3.9,8.8,9.6
-45580.13738,5.4,12.3,9.6
-45580.02778,5.6,8.9,9.6
-45580.02401,6.2,9.4,9.6
-45580.32451,6.7,5.6,10.5
-45580.19786,6.8,12.0,9.6
-45580.39993,8.7,9.3,9.6
-45579.92061,5.4,12.1,9.9
-45580.26298,6.0,8.9,9.4
-45580.06897,6.2,8.8,9.9
-45580.29063,7.5,5.1,10.3
-45580.54809,8.8,8.7,9.0
-45580.14196,9.2,7.6,9.9
-45580.16292,3.9,9.4,9.9
-45579.92084,4.5,8.9,9.9
-45579.94447,5.1,12.1,9.4
-45580.03146,6.8,12.2,9.9
-45580.35057,6.9,13.0,9.4
-45579.9641,7.0,8.3,9.0
-45580.47309,7.4,6.2,9.4
-45579.96464,3.5,8.3,10.3
-45582.17322,5.3,5.7,9.0
-45581.25465,5.8,4.8,10.3
-45580.99593,6.4,5.5,10.3
-45582.57657,6.5,5.8,9.4
-45580.19509,6.6,6.7,9.9
-45579.94152,6.6,8.1,10.3
-45580.50395,7.1,5.6,10.3
-45580.18858,7.2,12.7,9.4
-45580.23555,8.7,9.1,9.9
-45580.78419,9.1,9.3,9.4
-45582.70014,5.0,4.9,8.9
-45580.64591,5.4,6.4,9.3
-45580.71315,5.5,4.9,10.4
-45582.30785,5.6,5.6,8.9
-45580.3327,5.9,6.5,9.4
-45580.36672,6.3,6.6,10.0
-45579.93729,6.3,8.0,10.4
-45582.06984,6.8,5.9,9.3
-45580.07729,8.0,9.1,9.3
-45580.2139,3.4,9.5,10.0
-45579.9943,4.1,9.6,10.0
-45580.54296,4.7,5.8,9.3
-45580.47263,5.8,13.2,9.3
-45579.98388,5.9,12.0,10.0
-45580.57589,6.4,13.1,9.3
-45579.95464,6.7,8.9,10.0
-45580.55976,6.9,5.4,10.4
-45579.9805,8.2,9.0,10.0
-45580.01144,9.1,6.8,10.0
-45580.83594,3.5,9.3,8.9
-45580.05945,3.5,9.8,8.9
-45580.95296,6.4,12.5,8.9
-45580.01368,6.5,12.3,10.0
-45580.00708,6.6,9.1,8.9
-45580.32626,6.6,11.7,9.3
-45580.97244,7.2,5.7,10.0
-45580.24809,8.5,8.6,8.9
-45580.41838,9.0,8.5,8.9
-45580.13173,3.4,10.0,10.0
-45580.05788,3.9,8.4,9.3
-45581.35034,4.7,5.3,9.3
-45581.08591,5.1,5.1,10.0
-45580.07023,5.5,6.2,10.4
-45579.92329,5.7,6.8,10.4
-45579.92056,6.3,7.5,10.4
-45580.13149,6.9,6.1,10.4
-45580.55564,7.1,12.6,8.9
-45581.11188,7.9,4.8,9.3
-45580.28893,9.1,8.3,10.0
-45580.43598,5.0,6.2,8.9
-45583.31364,5.4,5.1,9.3
-45579.97104,5.6,8.5,9.3
-45583.86741,5.9,5.0,9.4
-45580.08519,6.4,8.6,9.9
-45583.65839,6.8,5.2,9.3
-45579.93326,6.9,8.7,10.0
-45580.03325,8.3,8.8,8.9
-45580.7086,3.4,8.5,9.4
-45580.03856,4.1,8.6,9.4
-45580.13115,4.2,5.2,9.4
-45580.21011,5.8,6.3,10.3
-45580.52545,6.4,6.0,10.3
-45583.67122,6.5,5.3,9.4
-45580.44476,8.6,8.9,9.0
-45579.99322,8.7,10.4,9.9
-45579.93246,9.0,9.5,10.3
-45580.62452,9.1,9.8,9.4
-45580.04635,3.9,10.1,9.9
-45580.0138,4.3,8.7,9.9
-45580.00922,5.5,11.9,9.0
-45579.93145,5.7,9.3,9.0
-45580.16725,6.3,9.0,9.0
-45580.68005,6.9,12.4,9.0
-45582.41989,7.4,4.9,9.4
-45580.48607,7.7,5.6,9.9
-45580.5943,3.8,9.2,9.0
-45579.91125,4.4,9.1,9.0
-45583.41503,5.5,5.3,9.2
-45580.03868,6.1,11.7,9.9
-45580.23035,6.3,11.6,9.4
-45579.92109,7.5,6.4,10.3
-45580.59259,3.3,8.7,9.7
-45580.05895,4.4,8.5,9.2
-45581.2757,4.6,5.1,9.2
-45579.92868,4.7,6.2,10.1
-45581.4611,5.0,5.3,9.7
-45581.00644,5.1,6.0,8.8
-45580.57563,5.4,6.0,10.1
-45580.1362,6.1,8.5,9.7
-45580.02111,6.2,6.9,10.1
-45580.42185,6.8,6.3,10.1
-45583.76759,6.9,5.0,9.2
-45579.93234,7.4,12.3,8.8
-45579.92884,8.3,9.9,9.7
-45580.11705,9.2,9.7,10.1
-45580.8858,3.4,9.1,8.8
-45580.2814,3.5,10.2,9.7
-45580.05923,5.1,8.6,9.2
-45580.70203,5.9,12.4,8.8
-45579.99275,6.4,11.4,9.7
-45581.28775,7.8,5.4,9.2
-45579.9258,7.9,5.9,10.1
-45579.99589,8.4,4.9,9.2
-45579.99896,8.6,8.3,9.2
-45580.35996,9.0,8.1,9.7
-45580.46871,3.7,8.6,9.6
-45580.11022,5.8,8.7,9.6
-45579.91578,6.5,7.7,10.5
-45580.35587,8.7,9.8,9.6
-45579.91071,9.0,6.7,10.1
-45580.79767,3.2,8.7,9.5
-45580.2854,3.4,10.2,9.5
-45582.12898,5.1,5.3,9.5
-45580.09923,6.0,8.5,9.5
-45580.01184,6.5,11.4,9.5
-45579.9563,6.8,11.5,9.6
-45579.98602,7.0,11.7,9.5
-45580.27974,7.4,5.8,10.2
-45580.32157,9.1,8.1,9.5
-45580.07047,3.8,10.3,9.8
-45580.02014,3.9,9.0,8.7
-45580.53948,4.3,5.0,9.1
-45580.15429,5.0,12.9,8.7
-45580.49184,5.4,12.5,8.7
-45580.81317,6.1,12.6,8.7
-45580.50329,6.5,6.2,10.2
-45582.08473,7.5,5.5,9.1
-45580.43312,8.0,5.6,9.1
-45579.92879,3.4,7.4,10.2
-45580.42333,3.6,8.6,9.8
-45580.08946,5.4,12.9,9.6
-45583.90424,5.8,5.2,9.1
-45580.59048,5.9,6.1,10.2
-45580.08372,5.9,8.7,9.8
-45580.05283,6.1,9.3,9.6
-45580.42035,6.2,12.7,9.6
-45584.14187,6.4,5.1,9.1
-45579.95635,6.6,8.5,9.1
-45579.97849,6.7,6.8,10.2
-45580.73324,7.1,7.4,8.7
-45579.95107,7.4,5.5,10.5
-45581.07724,7.5,5.8,9.6
-45580.18917,8.6,9.8,9.8
-45579.94841,8.7,9.5,8.7
-45580.09508,9.1,8.9,10.2
-45579.95806,3.5,10.2,10.1
-45579.91233,4.8,9.2,9.2
-45579.96719,5.3,9.0,9.2
-45581.62914,5.8,6.1,9.6
-45580.60378,5.9,5.2,10.5
-45580.80007,5.9,12.4,9.2
-45581.47133,6.4,6.2,9.6
-45580.67255,6.5,5.1,10.5
-45580.51632,6.5,11.9,9.2
-45579.95873,6.6,6.8,9.6
-45580.27412,6.6,12.6,9.7
-45580.03207,6.7,9.3,9.2
-45581.31018,7.8,5.4,8.8
-45579.93379,8.4,4.9,8.8
-45579.92192,8.6,8.3,8.8
-45580.12924,9.0,8.1,10.1
-45580.60452,9.0,8.9,9.6
-45580.92393,3.4,9.1,9.2
-45581.15219,5.1,6.0,9.2
-45580.22092,5.8,12.8,9.7
-45580.02728,6.1,8.5,10.1
-45583.67622,6.9,5.0,8.8
-45580.09609,7.2,6.6,9.2
-45580.04916,7.4,12.3,9.2
-45580.09538,7.9,5.9,9.7
-45579.99435,8.2,9.4,9.2
-45579.9105,9.0,6.7,9.7
-45580.21736,3.3,8.7,10.1
-45581.33463,5.4,6.0,9.7
-45583.23777,5.5,5.3,8.8
-45579.99108,6.2,6.9,9.7
-45580.87712,6.8,6.3,9.7
-45580.48837,9.2,9.7,9.7
-45580.06716,3.6,8.6,10.2
-45580.3957,4.3,5.0,8.7
-45581.34072,4.6,5.1,8.8
-45580.64194,5.0,5.3,10.1
-45581.44296,5.9,6.1,9.8
-45581.26655,6.5,6.2,9.8
-45580.00738,3.4,7.4,9.8
-45580.26486,5.2,7.8,8.7
-45583.29736,5.8,5.2,8.7
-45579.93353,5.9,8.7,10.2
-45583.5073,6.4,5.1,8.7
-45579.95868,7.3,8.8,9.1
-45580.47748,8.7,9.5,9.1
-45580.46201,9.1,8.9,9.8
-45580.51169,3.9,9.0,9.1
-45579.97635,5.5,12.9,9.8
-45580.07222,5.6,9.1,9.1
-45579.9572,6.0,9.3,9.8
-45580.21054,6.3,12.7,9.8
-45580.97095,7.4,5.8,9.8
-45581.87403,7.5,5.5,8.7
-45580.06675,8.0,5.6,8.7
-45579.91731,3.2,6.1,9.5
-45580.09459,5.0,12.9,9.1
-45580.08317,5.4,5.3,10.6
-45580.48995,5.4,12.5,9.1
-45581.62982,5.5,6.0,9.5
-45580.94517,6.1,12.6,9.1
-45580.11083,6.2,9.2,9.1
-45580.1081,6.8,11.8,9.1
-45580.84066,6.9,6.3,9.5
-45579.93296,7.4,13.1,9.5
-45579.91457,8.1,8.3,10.2
-45579.95207,8.1,9.5,9.5
-45581.59068,4.7,5.3,8.9
-45580.59219,5.5,6.2,10.0
-45580.44915,5.9,12.8,9.5
-45580.4386,6.7,12.6,9.5
-45580.33149,6.8,5.0,10.6
-45579.9615,7.0,9.1,9.5
-45580.18556,7.8,5.9,9.5
-45580.1426,3.9,8.4,8.9
-45579.97376,4.6,6.0,10.0
-45580.46707,5.0,6.2,9.3
-45580.25699,5.1,5.1,10.4
-45579.91244,5.6,8.5,8.9
-45579.91998,5.7,6.8,10.0
-45579.93374,6.0,7.9,10.4
-45583.68311,6.8,5.2,8.9
-45580.78651,6.9,6.1,10.0
-45579.95012,8.1,8.9,10.0
-45580.12865,8.3,8.8,9.3
-45580.13282,8.8,9.7,10.0
-45580.7811,3.5,9.3,9.3
-45583.54661,5.4,5.1,8.9
-45579.95399,6.5,12.9,10.0
-45580.37507,5.8,11.8,9.3
-45579.97334,6.1,9.1,9.9
-45580.77031,6.4,12.5,9.3
-45580.17557,6.6,9.1,9.3
-45580.34262,7.1,12.6,9.3
-45580.17539,7.2,5.7,10.4
-45581.31591,7.9,4.8,8.9
-45580.01782,3.5,6.8,9.9
-45580.52401,3.8,9.2,9.4
-45580.12502,4.4,9.1,9.4
-45580.0339,5.3,8.4,9.0
-45580.18988,5.5,11.9,9.4
-45579.99154,5.6,12.6,9.9
-45579.99819,5.7,9.3,9.4
-45580.22325,6.3,9.0,9.4
-45579.93601,6.3,11.6,9.0
-45583.66519,6.5,5.3,9.0
-45579.98752,6.8,12.8,9.9
-45580.40551,6.9,12.4,9.4
-45582.87214,7.4,4.9,9.0
-45579.95143,7.7,5.6,10.3
-45580.10635,8.5,9.6,9.9
-45580.48088,8.6,8.9,9.4
-45580.29797,9.0,9.5,9.9
-45579.99392,9.2,6.5,9.9
-45580.53846,3.4,8.5,9.0
-45580.2028,4.1,8.6,9.0
-45580.24628,4.2,5.2,9.0
-45582.20911,5.3,5.7,9.4
-45582.55651,5.8,4.8,9.9
-45580.83513,5.8,6.3,9.9
-45584.08966,5.9,5.0,9.0
-45580.0171,6.4,4.8,10.8
-45582.27946,6.4,5.5,9.9
-45581.4901,6.4,6.0,9.9
-45579.9117,6.4,8.6,10.3
-45580.08363,7.0,6.8,9.4
-45581.46748,7.1,5.6,9.9
-45580.42454,7.2,12.7,9.0
-45579.94092,8.7,9.1,10.3
-45580.93497,9.1,9.3,9.0
-45580.44101,9.1,9.8,9.0
-45580.36121,3.5,8.3,9.9
-45579.91554,4.3,5.4,9.9
-45581.12699,6.5,5.8,9.0
-45580.02246,6.6,6.7,10.3
-45580.22131,9.0,10.0,9.9
-45579.99646,3.3,10.6,9.9
-45580.1686,3.8,9.9,9.4
-45580.17846,6.0,8.9,9.0
-45581.05599,7.5,5.1,9.9
-45580.58417,8.8,8.7,9.4
-45580.64138,5.8,13.2,8.9
-45580.63927,6.9,13.0,9.0
-45580.69188,7.4,6.2,9.0
-45580.54937,3.5,9.8,9.3
-45580.78391,6.4,13.1,8.9
-45580.36403,7.8,5.0,10.0
-45580.19116,8.5,8.6,9.3
-45580.63838,9.0,8.5,9.3
-45580.15178,3.8,8.2,10.0
-45580.16155,4.6,5.5,10.0
-45580.58769,4.7,5.8,8.9
-45582.3849,5.0,4.9,9.3
-45579.92729,5.1,6.4,10.4
-45581.82837,5.5,4.9,10.0
-45582.92996,5.6,5.6,9.3
-45579.93152,5.7,8.3,10.0
-45579.98225,6.0,5.7,10.7
-45580.03704,6.3,6.6,10.4
-45580.62146,6.8,5.9,8.9
-45580.07162,6.9,4.9,10.7
-45581.6622,6.9,5.4,10.0
-45580.21914,3.3,9.7,8.7
-45580.02741,3.8,8.8,10.2
-45580.49823,5.4,13.1,8.7
-45579.93867,5.5,5.4,10.7
-45580.55304,6.8,13.2,8.7
-45580.68309,7.5,6.0,8.7
-45579.91802,8.8,7.6,10.2
-45580.94043,9.2,8.7,9.1
-45579.93001,5.3,6.6,10.2
-45581.40321,7.4,5.3,9.8
-45580.08472,7.5,8.6,9.1
-45580.07991,8.0,8.5,9.1
-45580.39565,3.4,8.1,9.8
-45581.41015,4.9,5.7,9.1
-45580.55089,5.2,7.3,8.7
-45582.99212,6.5,4.9,9.8
-45582.75804,6.6,5.6,9.1
-45579.97561,8.6,9.3,10.2
-45580.77296,9.0,9.1,8.7
-45580.24776,9.1,10.2,9.8
-45580.94211,4.6,4.9,9.5
-45582.61919,5.9,5.4,9.8
-45579.91124,6.8,6.5,10.6
-45581.04878,7.8,5.2,9.5
-45580.14438,8.6,8.5,9.5
-45579.92289,5.4,5.8,10.6
-45582.75232,5.5,5.5,9.5
-45583.06809,5.8,5.4,9.6
-45583.0597,6.0,5.6,9.5
-45583.57832,6.4,4.9,9.6
-45583.32842,6.9,4.8,9.5
-45580.30183,9.0,10.2,9.6
-45580.26476,3.5,8.1,9.6
-45580.18741,4.3,4.8,9.6
-45580.18331,5.9,5.9,10.5
-45580.01369,6.5,6.4,10.5
-45581.59405,7.5,5.3,9.6
-45580.36123,5.0,5.8,10.1
-45582.14358,5.4,5.5,9.7
-45581.04488,5.5,5.8,8.8
-45579.99075,5.6,6.7,10.1
-45582.72837,6.1,5.6,9.7
-45582.5541,6.3,5.7,9.2
-45582.99557,6.8,4.8,9.7
-45579.96354,8.3,9.2,10.1
-45580.30238,4.4,5.6,9.2
-45580.87919,4.7,4.9,9.7
-45582.36244,5.1,5.5,9.2
-45579.93692,6.1,7.0,10.1
-45579.92015,6.4,12.1,10.1
-45580.25981,7.4,12.9,8.8
-45580.54471,7.9,5.2,9.7
-45580.33983,8.7,8.5,9.7
-45580.15968,3.5,8.9,10.1
-45580.21336,3.6,9.6,8.8
-45580.84401,5.9,13.0,8.8
-45580.37864,7.2,7.5,8.8
-45580.01396,7.8,8.7,9.2
-45580.79782,3.5,9.2,9.3
-45579.92157,4.9,9.1,9.3
-45580.76895,6.4,12.4,9.3
-45579.97103,6.5,12.8,10.0
-45580.34479,7.1,12.7,9.3
-45579.98135,9.0,7.4,10.1
-45580.2448,3.9,8.5,8.9
-45579.92912,4.6,6.1,10.0
-45581.66057,4.7,5.2,8.9
-45580.32796,5.0,6.3,9.3
-45580.28129,5.1,5.0,10.4
-45580.44853,5.5,6.3,10.0
-45580.42824,5.8,11.9,9.3
-45579.9294,6.0,7.8,10.4
-45580.22072,6.6,9.0,9.3
-45583.453,6.8,5.3,8.9
-45580.92812,6.9,6.0,10.0
-45580.22274,7.2,5.6,10.4
-45581.33053,7.9,4.9,8.9
-45580.18996,8.3,8.9,9.3
-45580.14639,8.8,9.6,10.0
-45580.3009,3.4,8.4,9.0
-45580.013,3.5,6.9,9.9
-45580.18726,4.2,5.3,9.0
-45580.07138,5.3,8.5,9.0
-45583.59405,5.4,5.0,8.9
-45581.00903,5.8,6.2,9.9
-45584.03849,5.9,5.1,9.0
-45583.91241,6.5,5.2,9.0
-45579.94282,7.0,6.9,9.4
-45579.96049,8.1,8.8,10.0
-45580.09267,8.5,9.7,9.9
-45580.43908,8.6,8.8,9.4
-45580.3033,9.0,9.4,9.9
-45580.20924,4.1,8.7,9.0
-45580.0951,4.4,9.0,9.4
-45580.09637,5.5,11.8,9.4
-45579.97527,5.6,12.7,9.9
-45580.04507,5.7,9.2,9.4
-45580.00336,6.1,9.0,9.9
-45580.18179,6.3,9.1,9.4
-45581.30395,6.4,6.1,9.9
-45579.96677,6.8,12.9,9.9
-45580.41536,6.9,12.5,9.4
-45582.84969,7.4,4.8,9.0
-45579.93273,7.7,5.7,10.3
-45580.23091,9.1,9.9,9.0
-45579.95063,9.2,6.4,9.9
-45580.51471,3.8,9.3,9.4
-45580.93221,5.1,6.1,9.2
-45583.45203,5.5,5.2,8.8
-45580.03077,6.1,8.4,10.1
-45579.92804,6.3,8.5,8.8
-45580.04414,6.3,11.7,9.0
-45583.62688,6.9,5.1,8.8
-45580.00864,7.4,12.2,9.2
-45580.21918,3.3,8.6,10.1
-45581.37498,4.6,5.0,8.8
-45580.67614,5.0,5.2,10.1
-45581.07559,5.4,6.1,9.7
-45580.15911,6.2,6.8,9.7
-45581.17714,6.8,6.2,9.7
-45579.93284,7.6,8.8,9.2
-45580.10552,9.0,8.0,10.1
-45580.50779,9.2,9.6,9.7
-45579.92735,3.5,10.3,10.1
-45579.9706,5.3,9.1,9.2
-45580.80895,5.9,12.5,9.2
-45580.43567,6.5,11.8,9.2
-45580.25973,6.6,12.7,9.7
-45580.1006,6.7,9.2,9.2
-45581.12099,7.8,5.5,8.8
-45580.93104,3.4,9.0,9.2
-45580.19734,5.8,12.9,9.7
-45580.55076,5.9,5.3,10.5
-45580.70966,6.5,5.0,10.5
-45579.91622,7.2,6.7,9.2
-45580.23361,7.9,5.8,9.7
-45579.95123,9.0,6.6,9.7
-45580.60984,9.0,8.8,9.6
-45580.1093,5.4,12.8,9.6
-45581.88951,5.8,6.0,9.6
-45580.09115,6.1,9.2,9.6
-45580.43632,6.2,12.6,9.6
-45581.20579,6.4,6.3,9.6
-45579.97886,7.4,5.4,10.5
-45580.84703,7.5,5.9,9.6
-45581.30118,5.5,6.1,9.5
-45580.41942,5.9,12.9,9.5
-45580.42845,6.7,12.7,9.5
-45581.07026,6.9,6.2,9.5
-45579.98618,7.0,9.0,9.5
-45579.93663,7.4,13.0,9.5
-45580.45847,7.8,5.8,9.5
-45580.00555,8.1,9.4,9.5
-45580.5354,3.9,9.1,9.1
-45579.95009,4.5,9.2,9.1
-45580.09148,5.0,12.8,9.1
-45580.11472,5.4,5.2,10.6
-45580.47415,5.4,12.4,9.1
-45579.99963,5.5,12.8,9.8
-45580.11191,5.6,9.0,9.1
-45579.98773,6.0,9.2,9.8
-45580.91798,6.1,12.7,9.1
-45580.03292,6.2,9.3,9.1
-45580.22354,6.3,12.6,9.8
-45580.30427,6.8,5.1,10.6
-45580.35624,6.8,11.9,9.1
-45580.83306,7.4,5.9,9.8
-45582.10767,7.5,5.4,8.7
-45580.03978,3.4,7.5,9.8
-45580.06613,3.6,8.7,10.2
-45580.36788,4.3,5.1,8.7
-45582.884,5.8,5.3,8.7
-45581.64488,5.9,6.0,9.8
-45579.95482,5.9,8.6,10.2
-45583.55259,6.4,5.0,8.7
-45581.06176,6.5,6.3,9.8
-45579.92411,6.8,6.4,10.6
-45579.91517,7.3,8.9,9.1
-45580.56329,8.7,9.4,9.1
-45580.47274,9.1,8.8,9.8
-45580.94696,4.6,4.8,9.5
-45582.88841,5.5,5.4,9.5
-45582.83503,6.0,5.7,9.5
-45583.32011,6.9,4.9,9.5
-45580.99934,7.8,5.3,9.5
-45580.02887,8.6,8.4,9.5
-45580.1993,9.1,10.3,9.8
-45580.404,3.3,9.6,8.7
-45580.34172,3.4,8.0,9.8
-45580.02331,3.8,8.9,10.2
-45581.68644,4.9,5.6,9.1
-45580.6791,5.2,7.2,8.7
-45580.55798,5.4,13.0,8.7
-45582.50084,5.9,5.5,9.8
-45583.01002,6.5,4.8,9.8
-45582.29691,6.6,5.7,9.1
-45580.33421,7.5,6.1,8.7
-45579.98768,8.6,9.2,10.2
-45579.93507,8.8,7.7,10.2
-45580.7653,9.0,9.0,8.7
-45580.84802,9.2,8.6,9.1
-45579.91685,6.4,12.0,10.1
-45581.45231,7.4,5.2,9.8
-45580.02079,7.5,8.7,9.1
-45580.04416,7.8,8.6,9.2
-45580.51815,7.9,5.3,9.7
-45579.94569,8.0,8.4,9.1
-45580.26829,8.7,8.4,9.7
-45580.16944,3.5,8.8,10.1
-45579.97566,3.6,9.7,8.8
-45580.28889,5.0,5.9,10.1
-45580.76434,5.9,13.1,8.8
-45580.67777,6.5,13.2,8.8
-45582.98023,6.8,4.9,9.7
-45580.54538,7.2,7.4,8.8
-45579.99591,7.8,6.0,8.8
-45579.99442,9.0,7.5,10.1
-45582.25003,5.4,5.4,9.7
-45580.64669,5.5,5.9,8.8
-45580.09204,5.6,6.6,10.1
-45582.54941,6.1,5.7,9.7
-45580.00208,6.2,8.3,9.7
-45582.9735,6.3,5.6,9.2
-45579.95155,8.3,9.3,10.1
-45580.12107,3.5,8.0,9.6
-45580.18678,4.3,4.9,9.6
-45580.07126,4.4,5.7,9.2
-45580.89118,4.7,4.8,9.7
-45582.50354,5.1,5.4,9.2
-45582.93131,5.8,5.5,9.6
-45580.24208,5.9,5.8,10.5
-45583.5906,6.4,4.8,9.6
-45579.98846,6.5,6.5,10.5
-45579.91395,7.0,6.6,10.5
-45580.25182,7.4,12.8,8.8
-45581.65199,7.5,5.2,9.6
-45580.22271,9.0,10.3,9.6
-45579.95527,3.3,10.7,9.9
-45580.30048,3.8,9.8,9.4
-45580.50811,5.5,13.2,9.0
-45580.16969,6.0,8.8,9.0
-45580.37513,7.4,6.3,9.0
-45581.07997,7.5,5.0,9.9
-45580.51008,8.8,8.6,9.4
-45582.4074,5.3,5.6,9.4
-45582.53474,5.8,4.9,9.9
-45580.01526,6.4,4.9,10.8
-45582.39268,6.4,5.4,9.9
-45580.59758,6.9,13.1,9.0
-45581.34776,7.1,5.7,9.9
-45580.41696,7.2,12.6,9.0
-45579.94822,8.7,9.0,10.3
-45580.96166,9.1,9.2,9.0
-45580.33581,3.5,8.2,9.9
-45580.17785,3.8,8.3,10.0
-45579.93317,4.1,5.4,9.4
-45580.18853,4.6,5.4,10.0
-45582.38375,5.0,4.8,9.3
-45579.91055,5.1,6.5,10.4
-45580.00208,6.3,6.7,10.4
-45580.62188,6.5,5.9,9.0
-45580.0726,6.6,6.6,10.3
-45581.08651,6.8,5.8,8.9
-45580.18889,9.0,10.1,9.9
-45580.37343,4.7,5.9,8.9
-45581.84738,5.5,4.8,10.0
-45579.91066,5.5,5.5,10.7
-45582.67377,5.6,5.7,9.3
-45580.01966,6.0,5.6,10.7
-45579.93625,6.3,8.1,10.0
-45580.07481,6.9,4.8,10.7
-45581.57075,6.9,5.5,10.0
-45580.44645,3.5,9.9,9.3
-45579.91021,3.6,10.6,10.0
-45580.86197,6.4,13.0,8.9
-45580.35036,7.8,5.1,10.0
-45580.24278,8.5,8.7,9.3
-45580.49991,9.0,8.4,9.3
-45579.95279,3.5,8.2,10.3
-45579.9156,4.1,5.4,9.0
-45582.5274,5.3,5.6,9.0
-45581.23248,5.8,4.9,10.3
-45581.08115,6.4,5.4,10.3
-45582.25413,6.5,5.9,9.4
-45580.35511,6.6,6.6,9.9
-45579.93221,6.6,8.0,10.3
-45580.43866,7.1,5.7,10.3
-45580.1944,7.2,12.6,9.4
-45580.24175,8.7,9.0,9.9
-45580.79419,9.1,9.2,9.4
-45580.56338,5.9,6.4,9.4
-45580.27112,6.0,8.8,9.4
-45580.03985,6.2,8.9,9.9
-45580.48548,8.8,8.6,9.0
-45580.1759,9.2,7.7,9.9
-45580.15441,3.9,9.5,9.9
-45579.92978,4.5,8.8,9.9
-45580.03861,6.8,12.3,9.9
-45580.32844,6.9,13.1,9.4
-45580.32263,7.4,6.3,9.4
-45580.31365,7.5,5.0,10.3
-45580.2212,3.4,9.4,10.0
-45579.9799,4.1,9.7,10.0
-45580.26529,5.5,13.2,9.4
-45579.99165,5.9,12.1,10.0
-45580.61136,6.4,13.0,9.3
-45580.01017,6.5,12.2,10.0
-45579.97017,6.7,8.8,10.0
-45580.26505,8.5,8.7,8.9
-45580.26371,9.0,8.4,8.9
-45580.0247,9.1,6.9,10.0
-45580.82045,3.3,9.6,9.1
-45580.27941,4.7,5.9,9.3
-45582.67016,5.0,4.8,8.9
-45580.49711,5.4,6.5,9.3
-45580.72897,5.5,4.8,10.4
-45581.79789,5.6,5.7,8.9
-45579.91226,5.7,8.2,10.4
-45580.25815,6.3,6.7,10.0
-45579.93243,6.3,8.1,10.4
-45582.41588,6.8,5.8,9.3
-45580.50052,6.9,5.5,10.4
-45580.7097,7.5,6.1,9.1
-45580.01997,8.0,9.0,9.3
-45579.96932,8.2,9.1,10.0
-45580.30451,3.8,8.9,9.8
-45579.92437,4.7,13.2,9.1
-45580.45907,5.4,13.0,9.1
-45580.03798,5.5,12.2,9.8
-45579.91633,6.3,9.5,9.8
-45580.39837,9.2,8.6,8.7
-45580.02488,3.4,8.0,10.2
-45581.4523,4.9,5.6,8.7
-45580.00838,5.7,8.8,9.8
-45581.89899,5.8,5.8,9.1
-45579.9329,6.1,9.4,9.1
-45580.05586,6.9,12.1,9.8
-45579.92767,7.1,6.6,9.1
-45580.57781,7.4,5.2,10.2
-45579.94133,8.2,8.5,10.2
-45580.04695,3.4,6.6,9.8
-45580.72739,3.4,8.8,9.5
-45581.23435,5.9,5.5,10.2
-45581.67495,6.5,4.8,10.2
-45580.19847,6.6,5.7,8.7
-45579.94749,6.7,8.2,10.2
-45580.24008,8.6,9.2,9.8
-45580.918,9.0,9.0,9.1
-45581.19306,5.1,5.9,9.5
-45579.91836,5.3,8.9,9.5
-45580.30365,5.7,6.6,9.5
-45580.47186,5.9,12.3,9.5
-45580.20679,6.2,5.6,10.6
-45580.40438,6.5,12.0,9.5
-45580.26575,6.7,5.7,10.5
-45579.94018,6.7,9.4,9.5
-45579.96897,7.4,12.4,9.5
-45580.1207,8.2,9.3,9.5
-45580.40665,8.7,9.2,9.6
-45579.91702,4.5,9.4,9.6
-45580.11573,5.4,12.2,9.6
-45580.02191,5.6,8.8,9.6
-45579.98375,6.2,9.5,9.6
-45580.23186,6.8,12.1,9.6
-45580.03178,3.9,8.1,10.1
-45580.36925,3.9,8.9,9.6
-45580.28011,4.7,4.8,10.1
-45580.84065,5.0,5.9,9.7
-45581.15536,5.4,5.4,10.1
-45581.39862,6.1,5.7,10.1
-45580.02585,6.2,8.3,10.1
-45580.93235,6.3,5.6,8.8
-45581.74073,6.8,4.9,10.1
-45580.1086,8.1,9.2,9.2
-45580.08537,8.3,9.3,9.7
-45582.52836,5.1,5.4,8.8
-45581.84037,5.5,5.9,9.2
-45580.11221,5.6,6.6,9.7
-45580.25305,5.8,12.3,9.7
-45579.93341,6.6,9.4,9.7
-45580.43745,6.9,6.4,9.2
-45580.02733,7.0,8.8,9.2
-45580.1222,7.4,12.8,9.2
-45580.51682,3.5,8.8,9.7
-45580.52836,3.6,9.7,9.2
-45580.61822,5.9,13.1,9.2
-45580.25549,6.4,12.0,9.7
-45580.5953,6.5,13.2,9.2
-45580.00682,7.8,6.0,9.2
-45580.04971,7.9,5.3,10.1
-45580.11386,8.7,8.4,10.1
-45580.06645,5.8,8.6,9.6
-45580.22509,3.5,10.3,9.7
-45580.49108,3.7,8.7,9.6
-45580.8282,5.9,12.5,8.8
-45580.0487,6.4,11.5,9.7
-45579.91468,6.5,7.6,10.5
-45581.16851,7.8,5.5,9.2
-45579.94488,7.9,5.8,10.1
-45579.97955,8.4,4.8,9.2
-45580.30631,8.7,9.9,9.6
-45580.26098,9.0,8.0,9.7
-45580.87994,3.4,9.0,8.8
-45580.68922,5.1,6.1,8.8
-45583.53358,5.5,5.2,9.2
-45580.06889,6.1,8.4,9.7
-45579.98564,6.3,8.5,9.2
-45580.59309,3.3,8.6,9.7
-45580.52133,4.3,5.1,9.1
-45579.99673,4.4,8.4,9.2
-45581.30242,4.6,5.0,9.2
-45581.51265,5.0,5.2,9.7
-45580.00068,5.1,8.7,9.2
-45580.4649,5.4,6.1,10.1
-45580.10722,6.2,6.8,10.1
-45580.39841,6.5,6.3,10.2
-45580.53937,6.8,6.2,10.1
-45583.719,6.9,5.1,9.2
-45579.97985,8.3,9.8,9.7
-45580.13223,9.2,9.6,10.1
-45580.41666,3.6,8.7,9.8
-45580.03452,4.9,8.5,9.1
-45583.72794,5.8,5.3,9.1
-45580.70263,5.9,6.0,10.2
-45579.91387,6.7,6.9,10.2
-45580.63637,7.1,7.5,8.7
-45580.1705,8.6,9.9,9.8
-45580.10132,9.1,8.8,10.2
-45579.93979,3.4,7.5,10.2
-45580.04169,3.9,9.1,8.7
-45580.08732,5.9,8.6,9.8
-45580.89779,6.1,12.7,8.7
-45584.19409,6.4,5.0,9.1
-45580.21701,7.4,5.9,10.2
-45580.07341,8.7,9.4,8.7
-45579.92836,3.2,10.8,9.8
-45580.11788,3.8,10.2,9.8
-45580.14839,5.0,12.8,8.7
-45580.45227,5.4,12.4,8.7
-45582.23841,7.5,5.4,9.1
-45580.16319,8.0,5.7,9.1
-45579.91277,8.2,5.6,9.8
-45579.95592,8.3,8.3,9.1
-45580.78204,3.2,8.6,9.5
-45580.18379,3.4,10.3,9.5
-45582.20111,5.1,5.2,9.5
-45579.95473,6.0,8.4,9.5
-45580.09087,6.5,11.5,9.5
-45580.15195,9.1,8.0,9.5
-45580.17098,3.9,8.5,9.3
-45581.40782,4.7,5.2,9.3
-45581.11395,5.1,5.0,10.0
-45583.35702,5.4,5.0,9.3
-45580.04228,5.5,6.3,10.4
-45579.9166,6.3,7.4,10.4
-45580.18543,6.9,6.0,10.4
-45579.9386,6.9,8.6,10.0
-45580.86936,3.5,9.2,8.9
-45580.04972,5.0,6.3,8.9
-45579.91535,5.6,8.4,9.3
-45580.22432,6.6,11.6,9.3
-45583.54323,6.8,5.3,9.3
-45579.98742,8.3,8.9,8.9
-45580.10091,3.4,10.1,10.0
-45580.0678,5.8,11.9,8.9
-45580.12915,6.3,9.1,9.0
-45580.86868,6.4,12.4,8.9
-45580.06937,6.6,9.0,8.9
-45580.70816,6.9,12.5,9.0
-45580.57068,7.1,12.7,8.9
-45581.07122,7.2,5.6,10.0
-45581.12187,7.9,4.9,9.3
-45580.26711,9.1,8.2,10.0
-45580.55303,3.8,9.3,9.0
-45580.07216,3.9,10.0,9.9
-45579.98332,5.7,9.2,9.0
-45580.01322,6.1,11.6,9.9
-45580.30959,6.3,11.7,9.4
-45582.42164,7.4,4.8,9.4
-45580.41879,7.7,5.7,9.9
-45580.62292,3.4,8.4,9.4
-45580.10901,4.1,8.7,9.4
-45580.10633,4.2,5.3,9.4
-45583.81819,5.9,5.1,9.4
-45580.07849,6.4,8.7,9.9
-45583.7825,6.5,5.2,9.4
-45580.3815,8.6,8.8,9.0
-45579.9569,8.7,10.5,9.9
-45579.94652,9.0,9.4,10.3
-45580.5519,9.1,9.9,9.4
-45579.97652,4.3,8.6,9.9
-45580.58951,5.6,12.2,9.1
-45580.28088,5.8,6.2,10.3
-45580.16529,6.0,12.0,9.8
-45580.4343,6.4,6.1,10.3
-45580.42099,7.5,7.8,8.7
-45580.0619,8.3,5.1,8.7
-45580.99724,3.3,8.9,9.1
-45580.25885,3.8,9.6,9.8
-45580.03061,5.4,8.8,9.1
-45580.66098,6.1,13.2,9.1
-45580.71968,6.2,12.1,9.1
-45580.10709,7.6,6.1,9.8
-45581.78296,7.7,5.2,8.7
-45580.24518,8.9,8.5,8.7
-45582.29267,5.2,5.5,8.7
-45580.0409,5.7,13.0,9.8
-45581.06386,6.5,5.7,10.2
-45583.08545,6.6,4.8,8.7
-45580.97322,7.0,5.4,10.2
-45580.2508,7.3,12.5,9.1
-45580.43036,8.5,9.2,9.1
-45579.96096,4.1,8.2,10.2
-45582.32259,4.9,4.9,8.7
-45581.34982,5.3,5.8,9.8
-45580.46971,6.7,6.5,9.8
-45580.21862,7.0,12.2,9.5
-45581.6824,7.1,5.9,9.1
-45579.93028,7.3,5.3,10.6
-45580.61325,3.4,9.7,9.5
-45580.24147,4.1,9.4,9.5
-45580.07734,5.3,13.1,9.5
-45580.15575,5.6,5.4,10.6
-45582.14683,5.7,5.9,9.5
-45580.50911,6.2,4.9,10.6
-45580.85225,6.3,6.4,9.5
-45580.30326,6.7,13.2,9.5
-45581.21396,7.2,6.0,9.5
-45580.3079,3.9,9.6,9.6
-45580.7369,4.4,4.8,8.8
-45580.09087,4.7,5.7,10.1
-45581.56467,5.2,5.8,9.6
-45580.11644,5.3,5.5,10.5
-45580.18397,5.6,13.0,9.6
-45580.34032,6.1,12.0,9.6
-45580.52406,6.6,6.5,9.6
-45580.6674,6.7,4.8,10.5
-45579.94379,7.3,12.9,9.6
-45580.00573,8.9,10.0,10.1
-45580.18848,5.5,6.6,9.2
-45581.79937,5.6,5.9,9.7
-45582.82118,5.7,5.4,8.8
-45582.06941,6.1,4.8,10.1
-45580.97777,6.2,6.4,9.7
-45583.62622,6.3,4.9,8.8
-45581.28132,6.8,5.6,10.1
-45580.70498,8.8,9.3,9.2
-45579.98467,9.2,10.2,10.1
-45579.91964,3.3,7.2,9.7
-45580.44938,3.5,9.7,9.7
-45580.7527,3.6,8.8,9.2
-45580.1957,4.0,9.4,9.7
-45580.14463,6.6,13.2,9.7
-45580.45693,7.0,13.0,9.2
-45580.92862,7.3,6.0,9.7
-45581.63527,4.8,5.5,9.0
-45580.28774,5.3,12.3,9.2
-45580.24439,5.9,8.9,9.2
-45580.08784,6.5,6.6,9.4
-45579.99198,6.5,9.4,9.2
-45581.57531,6.6,5.9,9.9
-45580.54147,6.7,12.0,9.2
-45580.44586,7.0,6.5,9.4
-45580.04898,7.1,12.2,9.7
-45583.01034,7.2,5.3,8.8
-45580.69609,9.1,8.7,8.8
-45579.97417,3.5,6.5,9.9
-45580.53061,4.9,5.8,9.9
-45579.9191,5.2,6.4,9.9
-45583.42766,5.3,4.9,9.0
-45580.81054,5.8,5.6,10.3
-45580.02477,6.2,13.1,9.9
-45583.3309,6.7,5.4,9.0
-45580.84702,7.1,4.8,10.3
-45579.9506,7.2,11.9,9.4
-45579.92465,7.8,9.3,9.4
-45580.33781,8.4,9.0,9.4
-45580.81796,3.2,9.5,9.4
-45580.07167,5.2,12.1,9.3
-45580.36473,5.7,12.0,9.4
-45580.5086,6.0,13.0,9.4
-45580.11377,6.1,12.2,9.9
-45580.65491,6.3,12.3,9.4
-45580.26335,6.4,8.8,9.3
-45580.08062,6.9,8.9,9.4
-45582.26908,7.6,5.0,9.0
-45580.08125,8.1,8.7,9.0
-45580.34252,8.2,5.3,9.0
-45580.0669,9.2,6.8,9.9
-45580.62892,3.7,9.4,9.3
-45580.06942,4.1,8.8,10.0
-45580.64362,6.6,12.2,9.3
-45580.27154,7.1,13.2,9.3
-45580.37036,7.2,6.2,10.0
-45583.09927,7.3,5.1,8.9
-45580.0864,9.1,7.6,10.0
-45580.05247,3.2,7.0,10.0
-45580.07863,4.3,8.9,9.3
-45580.33278,5.5,5.7,10.4
-45583.69392,5.6,4.8,8.9
-45580.77811,6.0,5.4,10.4
-45580.76238,8.9,9.1,9.3
-45579.9958,3.3,8.3,8.9
-45580.8318,4.5,5.4,8.9
-45581.64924,5.0,5.7,8.9
-45582.06304,5.7,5.0,10.0
-45580.05096,5.7,5.3,10.7
-45580.32465,5.7,6.5,10.0
-45580.02627,6.0,8.7,10.0
-45583.96239,6.1,5.2,9.3
-45582.04193,6.1,5.9,9.3
-45582.276,6.2,5.5,8.9
-45580.16173,6.2,8.6,9.3
-45580.24258,6.3,5.0,10.7
-45582.1756,6.3,5.3,10.0
-45581.57646,6.3,5.8,10.0
-45580.05919,6.8,6.7,9.3
-45580.9044,9.2,9.3,9.3
-45580.68178,9.2,9.8,9.3
-45580.3351,3.2,8.5,10.0
-45579.96269,4.4,5.2,10.0
-45579.95933,4.5,8.7,9.3
-45580.05619,4.9,12.9,8.9
-45579.93496,5.0,8.4,9.3
-45580.89946,5.8,12.6,8.9
-45580.24139,6.0,6.1,10.4
-45581.45268,7.2,4.9,10.0
-45579.99257,7.7,13.2,8.9
-45580.68841,7.9,5.6,9.3
-45579.98545,3.3,9.3,10.3
-45580.21942,4.0,9.0,8.9
-45580.89512,6.3,12.9,9.0
-45579.93519,6.5,11.6,10.0
-45580.92258,6.6,12.8,8.9
-45579.93927,6.8,11.7,9.9
-45580.40087,9.2,8.3,9.9
-45580.47721,3.2,10.0,9.4
-45580.64691,5.5,12.7,9.0
-45580.91424,6.0,12.4,9.0
-45581.72485,7.4,5.7,9.4
-45580.71438,7.7,4.8,9.9
-45580.266,8.9,8.1,9.9
-45580.30296,3.7,8.4,9.9
-45580.86145,4.9,5.3,9.9
-45580.79031,5.3,6.2,9.0
-45580.11573,6.7,6.1,9.0
-45580.06873,7.1,6.3,10.3
-45580.37335,8.1,5.4,9.4
-45580.47637,4.8,6.0,9.0
-45581.5173,5.2,5.1,9.9
-45580.01633,5.8,8.5,9.9
-45580.07949,6.1,11.5,9.6
-45579.95557,6.6,5.1,10.8
-45582.46021,6.6,5.2,9.9
-45580.10597,6.7,8.7,9.4
-45583.32287,7.0,5.0,9.4
-45581.03609,7.7,5.4,9.6
-45579.92559,8.5,8.8,10.3
-45580.39522,8.9,8.3,9.6
-45580.46551,9.2,8.1,9.6
-45580.11039,3.7,9.0,10.1
-45581.51565,4.9,5.1,9.6
-45582.15859,5.2,5.3,9.6
-45579.959,5.3,6.0,10.5
-45580.50663,5.3,12.9,8.8
-45580.07392,5.8,11.7,9.7
-45580.0412,6.4,8.4,9.6
-45583.42737,6.6,5.0,9.6
-45580.01987,6.7,6.3,10.5
-45581.46372,7.2,5.8,8.8
-45579.97104,8.3,4.9,9.6
-45580.31666,3.3,7.9,9.7
-45580.35952,3.8,8.6,9.2
-45579.99226,4.0,10.1,9.7
-45580.44095,4.5,5.0,9.7
-45582.75248,5.6,5.2,9.7
-45580.59521,6.1,6.3,10.1
-45580.96044,6.5,12.7,8.8
-45580.57663,7.0,12.4,8.8
-45581.69324,7.3,5.5,9.7
-45580.0371,7.6,13.0,8.8
-45580.23811,8.8,9.8,9.2
-45580.20544,9.2,8.9,10.1
-45580.79223,3.5,8.7,9.1
-45579.97672,3.6,7.8,9.8
-45580.11796,4.0,8.4,9.1
-45580.89353,4.8,5.1,9.8
-45580.09406,5.2,8.6,9.1
-45581.87914,5.3,5.3,9.8
-45580.10537,5.7,8.7,9.2
-45584.15529,6.0,5.0,9.2
-45583.27375,6.2,5.1,9.7
-45580.03211,6.5,8.4,9.8
-45582.78733,6.7,5.0,9.8
-45580.35485,7.0,6.1,10.2
-45583.38274,7.1,5.2,9.1
-45580.3108,7.3,13.1,8.7
-45579.91311,8.4,9.4,10.2
-45580.08694,8.9,9.5,10.1
-45580.00331,9.1,9.7,10.2
-45580.72034,5.2,6.0,8.7
-45580.72777,6.8,12.6,8.7
-45580.93625,7.6,5.4,9.8
-45579.96596,8.2,4.9,9.8
-45580.32975,8.8,8.3,9.8
-45580.10864,3.2,9.1,10.2
-45580.75971,5.6,12.8,8.7
-45580.00797,6.0,11.5,9.8
-45579.9535,6.2,11.4,9.1
-45583.75021,6.3,5.1,9.5
-45580.46663,7.7,5.9,8.7
-45580.97108,8.0,4.8,9.1
-45580.01856,3.2,7.9,9.5
-45580.46733,4.4,5.0,9.5
-45579.94361,5.6,6.1,10.6
-45583.36817,5.7,5.2,9.5
-45581.04115,5.7,6.1,9.2
-45580.21154,5.9,11.7,9.5
-45581.19309,6.1,6.3,9.7
-45579.97283,6.2,6.2,10.6
-45580.27618,6.3,6.2,9.2
-45582.33215,7.2,5.5,9.5
-45580.59372,9.2,8.9,9.7
-45580.10292,3.3,7.9,10.1
-45580.33374,3.8,8.6,8.8
-45580.35261,4.1,9.2,9.2
-45580.01142,4.3,9.3,9.7
-45579.99201,4.5,5.0,10.1
-45580.32812,5.3,12.9,9.2
-45581.53021,5.6,5.2,10.1
-45579.93925,5.7,8.7,8.8
-45583.77427,6.0,5.0,8.8
-45581.97055,6.2,5.1,10.1
-45579.95343,6.8,8.5,10.1
-45579.95921,7.6,13.0,9.2
-45580.43876,8.9,9.5,9.7
-45580.41028,3.7,9.0,9.7
-45579.95814,5.2,12.5,9.7
-45580.00459,5.8,9.1,9.7
-45580.04391,6.4,9.2,9.7
-45580.80077,6.5,12.7,9.2
-45580.14049,6.6,11.8,9.7
-45580.49353,7.0,12.4,9.2
-45580.0144,7.1,12.8,9.7
-45581.92183,7.2,5.8,9.2
-45580.78226,7.3,5.5,10.1
-45580.02804,8.5,8.2,10.1
-45580.66761,3.3,9.1,9.6
-45579.93458,5.4,9.0,9.6
-45580.26027,5.6,12.4,9.6
-45580.30656,6.2,11.9,9.6
-45579.91758,6.8,9.3,9.6
-45580.36014,7.0,5.2,10.5
-45581.04205,7.1,6.1,9.6
-45579.99504,7.3,12.3,9.6
-45580.26815,8.5,9.4,9.6
-45580.5201,9.0,9.7,9.6
-45579.91282,9.2,6.7,9.6
-45580.59935,3.6,9.0,9.5
-45580.1792,4.2,9.3,9.5
-45580.14731,5.3,12.5,9.5
-45580.12292,5.9,9.1,9.5
-45580.47806,6.1,5.0,10.6
-45580.09299,6.5,9.2,9.5
-45580.22737,6.7,11.8,9.5
-45580.2423,7.0,12.8,9.5
-45580.13338,5.7,12.4,9.8
-45581.11345,6.0,6.3,9.5
-45580.16269,6.3,11.9,9.8
-45580.74433,6.8,12.6,9.1
-45580.25091,7.6,5.4,10.2
-45580.86465,8.0,4.8,8.7
-45580.03669,8.8,8.3,10.2
-45580.50423,8.8,9.5,9.5
-45580.48569,3.2,9.1,9.8
-45580.35464,4.9,6.2,9.1
-45580.83285,5.3,5.3,10.2
-45580.65133,5.6,12.8,9.1
-45579.91169,5.9,7.9,10.2
-45580.37961,6.1,11.8,9.1
-45579.98496,6.5,8.4,10.2
-45581.48473,6.7,5.0,10.2
-45583.17253,7.1,5.2,8.7
-45579.94644,7.2,12.3,9.8
-45580.55689,7.7,5.9,9.1
-45580.11305,8.4,9.4,9.8
-45580.3958,9.1,9.7,9.8
-45580.49246,3.5,8.7,8.7
-45579.96761,3.6,7.8,10.2
-45579.95894,4.2,8.5,10.2
-45580.23724,4.8,5.1,10.2
-45579.92669,4.9,12.9,9.3
-45581.36045,5.2,6.0,9.1
-45581.05764,7.0,6.1,9.8
-45580.25188,7.3,13.1,9.1
-45580.00503,4.2,9.1,10.0
-45580.64805,5.8,12.6,9.3
-45579.9468,6.5,9.0,10.0
-45579.97236,6.7,12.4,10.0
-45580.48676,7.2,4.9,10.4
-45580.61687,7.9,5.6,8.9
-45580.19625,3.6,9.2,10.0
-45580.42549,4.0,9.0,9.3
-45583.75006,6.1,5.2,8.9
-45580.87892,6.3,5.3,10.4
-45580.63113,6.6,12.8,9.3
-45580.45597,7.3,6.4,9.3
-45580.20818,8.8,8.9,10.0
-45579.92386,9.1,6.5,10.0
-45579.93064,3.2,8.5,10.4
-45580.83763,5.6,6.3,9.3
-45580.84596,5.7,5.0,10.4
-45581.05981,6.0,6.1,10.0
-45581.6197,6.2,6.0,9.3
-45580.00432,6.2,8.6,8.9
-45580.42666,9.2,9.8,8.9
-45580.05808,3.5,7.6,9.9
-45579.95518,3.7,8.4,10.3
-45580.26,4.8,6.0,9.4
-45580.01603,4.8,8.6,9.0
-45580.15213,4.9,5.3,10.3
-45580.88135,5.3,6.2,9.4
-45579.92354,5.8,8.5,10.3
-45581.14265,6.6,5.2,10.3
-45581.49556,6.7,6.1,9.4
-45583.71145,7.0,5.0,9.0
-45580.38158,7.1,6.3,9.9
-45580.16433,8.5,8.8,9.9
-45580.30113,8.6,9.7,9.4
-45580.56799,5.2,5.1,10.3
-45580.08561,6.1,12.8,9.9
-45580.56552,6.3,12.9,9.4
-45579.92559,6.4,7.8,10.3
-45580.08427,6.7,8.7,9.0
-45579.95091,8.0,5.9,9.9
-45579.9672,8.9,6.7,9.9
-45579.98647,9.2,8.3,10.3
-45580.17202,3.2,10.0,9.0
-45580.34331,3.3,9.3,9.9
-45580.36109,5.5,12.7,9.4
-45579.93666,5.6,11.8,9.9
-45580.63081,6.0,12.4,9.4
-45580.13262,6.2,12.5,9.9
-45579.92489,6.8,9.1,9.9
-45581.81665,7.4,5.7,9.0
-45580.08562,7.7,4.8,10.3
-45580.48784,8.1,5.4,9.0
-45579.93299,8.9,8.1,10.3
-45580.88468,3.2,9.5,9.0
-45580.29833,3.3,9.8,9.9
-45579.91706,4.6,8.8,9.0
-45580.81265,6.0,13.0,9.0
-45581.8345,7.6,5.0,9.4
-45580.05068,8.3,8.6,9.9
-45579.99289,5.2,6.4,10.3
-45580.45722,5.7,12.0,9.0
-45580.86417,6.3,12.3,9.0
-45580.04019,6.9,8.9,9.0
-45580.14922,8.0,5.2,9.9
-45580.2255,8.2,5.3,9.4
-45580.06658,3.6,8.2,9.4
-45581.33584,4.8,5.5,9.4
-45580.00451,4.9,5.8,10.3
-45582.99882,5.3,4.9,9.4
-45581.98682,5.8,5.6,9.9
-45580.56778,6.6,5.9,10.3
-45583.38789,6.7,5.4,9.4
-45581.92796,7.1,4.8,9.9
-45580.21857,8.4,9.0,9.0
-45579.93924,8.5,10.3,9.9
-45581.26474,5.5,5.7,10.0
-45583.7006,5.6,4.8,9.3
-45580.2362,6.0,4.9,10.7
-45582.03196,6.0,5.4,10.0
-45583.4222,6.2,5.5,9.3
-45580.82684,8.9,9.1,8.9
-45580.49599,3.3,8.3,9.3
-45580.11791,3.6,9.9,10.0
-45580.74295,4.5,5.4,9.3
-45581.62738,5.0,5.7,9.3
-45580.02224,5.7,6.5,10.4
-45580.48458,6.3,5.8,10.4
-45580.58617,6.6,12.2,8.9
-45582.79344,7.3,5.1,9.3
-45580.1566,8.6,8.7,10.0
-45580.01755,8.8,10.2,10.0
-45580.9285,9.2,9.3,8.9
-45580.11462,6.4,8.8,8.9
-45580.45357,7.1,13.2,8.9
-45579.92781,7.9,8.5,9.3
-45580.5539,3.7,9.4,8.9
-45580.50989,4.6,5.7,9.5
-45583.76881,6.0,4.8,9.5
-45579.92602,6.1,6.5,10.6
-45582.68427,6.9,5.6,9.5
-45580.00024,7.2,6.2,10.4
-45580.30517,8.8,10.0,9.5
-45582.62879,5.2,5.5,9.1
-45580.49688,5.3,5.8,10.2
-45582.24699,6.5,5.7,9.8
-45584.02151,6.6,4.8,9.1
-45582.10893,7.0,5.4,9.8
-45580.60071,7.1,5.9,8.7
-45580.29563,7.3,12.5,8.7
-45580.13073,3.2,10.4,9.8
-45582.31242,4.9,4.9,9.1
-45580.16727,5.6,12.2,8.7
-45580.6256,6.1,13.2,8.7
-45580.17555,6.7,6.5,10.2
-45581.81585,7.7,5.2,9.1
-45580.11281,8.1,5.0,9.8
-45580.2083,8.3,5.1,9.1
-45579.94828,8.4,10.1,9.8
-45580.46119,8.9,8.5,9.1
-45580.66895,3.3,8.9,8.7
-45580.07729,3.5,9.7,10.1
-45580.63572,3.6,8.8,8.8
-45579.94415,3.8,9.6,10.2
-45579.99976,4.0,9.4,10.1
-45580.03793,5.9,8.9,8.8
-45579.97513,6.7,12.0,8.8
-45580.62721,7.0,13.0,8.8
-45583.00218,7.2,5.3,9.2
-45580.36681,7.3,6.0,10.1
-45579.9912,7.6,6.1,10.2
-45580.04714,8.4,8.4,9.2
-45579.99567,3.2,8.1,9.2
-45579.99557,3.3,7.2,10.1
-45580.00992,3.7,10.5,9.7
-45580.73032,4.4,4.8,9.2
-45580.54858,4.7,5.7,9.7
-45580.29956,5.3,12.3,8.8
-45580.87001,5.6,5.9,10.1
-45580.48153,6.2,6.4,10.1
-45584.19783,6.3,4.9,9.2
-45582.40844,6.8,5.6,9.7
-45580.57701,8.8,9.3,8.8
-45580.35459,8.9,10.0,9.7
-45580.8999,9.1,8.7,9.2
-45580.1518,3.3,10.4,9.6
-45580.04836,4.3,5.6,9.6
-45580.13113,5.1,7.3,8.8
-45583.47067,5.7,5.4,9.2
-45579.93779,5.9,6.7,10.5
-45579.99913,5.9,8.3,10.0
-45583.35404,6.1,4.8,9.7
-45582.73222,6.4,5.7,9.6
-45581.87769,6.7,5.4,10.0
-45579.95162,6.9,8.3,9.2
-45580.04852,7.0,5.9,10.5
-45582.43733,7.1,5.4,9.6
-45580.49706,8.0,5.0,9.6
-45580.29469,9.2,10.2,9.7
-45580.22121,3.6,8.2,10.0
-45580.43881,4.8,5.5,10.0
-45581.19782,4.9,5.8,8.9
-45581.50236,5.3,4.9,10.0
-45583.06624,5.8,5.6,9.3
-45580.02355,6.5,6.6,10.4
-45580.21719,6.6,5.9,8.9
-45580.16655,6.7,4.9,10.7
-45579.97408,7.0,6.5,10.4
-45583.31109,7.1,4.8,9.3
-45580.6962,7.6,5.0,10.0
-45580.78853,8.0,5.2,9.3
-45580.05062,8.3,8.6,9.3
-45580.07798,8.8,7.9,10.0
-45580.66954,3.3,9.8,9.3
-45580.56896,5.6,13.2,8.9
-45580.57938,6.1,12.2,8.9
-45580.79212,6.2,13.1,8.9
-45579.96969,8.1,8.7,10.0
-45579.99595,3.5,10.6,9.9
-45580.4115,3.6,9.9,9.4
-45579.9139,3.7,9.4,10.3
-45580.20425,4.1,8.8,9.0
-45579.99147,4.8,13.1,9.0
-45580.74595,6.7,13.0,9.0
-45580.12532,7.0,12.0,9.0
-45580.79588,7.2,6.2,9.0
-45581.46082,7.3,5.1,9.9
-45580.35648,8.6,8.7,9.4
-45580.40178,3.3,8.3,9.9
-45580.16211,4.5,5.4,9.9
-45580.77369,5.0,5.7,9.9
-45580.62188,6.1,5.9,10.3
-45582.30601,6.2,5.5,9.9
-45580.94503,6.3,5.8,9.0
-45579.97554,6.8,6.7,10.3
-45580.19615,7.4,12.7,9.0
-45579.9912,9.2,9.3,10.3
-45582.5193,5.5,5.7,9.4
-45582.30719,5.6,4.8,9.9
-45580.76373,5.7,13.0,8.8
-45583.54011,6.0,5.4,9.4
-45579.9363,6.1,11.3,9.7
-45580.02769,6.2,4.8,10.8
-45579.96691,8.9,9.1,10.3
-45580.32008,9.2,7.9,9.7
-45580.19971,3.3,8.9,10.1
-45579.96509,4.2,5.6,9.2
-45581.35853,4.9,4.9,9.7
-45581.4452,5.3,5.8,8.8
-45580.10892,5.8,6.7,10.1
-45579.9113,6.0,12.0,8.8
-45579.92517,6.2,12.1,10.1
-45580.65809,7.1,5.9,10.1
-45580.48418,7.2,12.9,8.8
-45580.31327,7.6,6.1,8.8
-45579.99585,7.6,8.7,9.2
-45580.97327,7.7,5.2,9.7
-45580.67311,8.1,5.0,9.2
-45580.49964,8.9,8.5,9.7
-45579.92151,9.0,10.9,9.7
-45580.45909,3.3,8.1,9.6
-45580.08078,4.0,9.9,9.6
-45580.58466,4.5,4.8,9.6
-45581.75552,5.2,5.5,9.7
-45580.13311,5.7,5.9,10.5
-45580.02038,6.3,6.4,10.5
-45582.59383,6.5,5.7,9.2
-45583.21784,6.6,4.8,9.7
-45583.2152,7.0,5.4,9.2
-45579.94738,7.2,6.0,10.5
-45582.08903,7.3,5.3,9.6
-45580.03173,8.5,9.2,10.1
-45580.61034,9.0,8.7,9.6
-45581.48248,4.8,4.9,9.5
-45582.39542,5.3,5.5,9.5
-45582.83087,5.6,5.4,9.6
-45583.60705,6.2,4.9,9.6
-45579.92198,6.6,6.5,10.6
-45583.58985,6.7,4.8,9.5
-45581.57921,7.6,5.2,9.5
-45580.20034,8.2,5.1,9.5
-45580.41978,8.8,8.5,9.5
-45580.42223,3.2,8.1,9.8
-45580.17276,4.4,4.8,9.8
-45580.83187,4.7,5.7,9.1
-45580.2786,5.4,7.3,8.7
-45580.01485,5.5,6.6,10.2
-45580.01678,5.6,5.9,8.7
-45582.43047,5.7,5.4,9.8
-45580.24057,6.0,6.5,10.2
-45579.934,6.0,11.3,9.5
-45584.08374,6.1,4.8,9.1
-45583.0712,6.3,4.9,9.8
-45582.80974,6.8,5.6,9.1
-45580.00867,8.8,9.3,10.2
-45579.92958,3.5,9.7,8.7
-45580.06149,3.6,8.8,10.2
-45580.024,4.1,9.9,9.8
-45580.33319,5.2,13.1,8.7
-45580.29957,6.0,11.8,9.5
-45580.60182,6.6,13.2,8.7
-45580.0283,7.1,12.2,8.7
-45581.82119,7.2,5.3,9.8
-45580.73762,7.3,6.0,8.7
-45580.09426,7.3,8.6,9.1
-45579.92283,8.4,8.4,9.8
-45580.48554,9.1,8.7,9.8
-45579.95093,5.2,5.3,10.6
-45581.28501,5.3,6.0,9.5
-45580.37052,5.7,12.8,9.5
-45580.13519,5.8,9.1,9.1
-45580.18885,6.5,12.7,9.8
-45580.42075,6.6,5.0,10.6
-45580.38374,6.6,11.8,9.1
-45580.95199,6.7,6.3,9.5
-45580.33719,6.9,12.6,9.5
-45580.04552,7.0,12.4,9.8
-45580.06354,7.2,13.1,9.5
-45582.24678,7.3,5.5,8.7
-45580.64171,7.6,5.9,9.5
-45580.09554,3.2,7.4,9.8
-45580.73137,3.7,9.0,9.1
-45580.1089,4.1,9.2,9.8
-45580.01351,4.3,9.3,9.1
-45580.2733,5.2,12.5,9.1
-45583.3074,5.6,5.2,8.7
-45579.9162,5.7,8.7,10.2
-45583.49779,6.2,5.1,8.7
-45580.09807,6.4,9.2,9.1
-45580.46769,7.1,12.8,9.1
-45581.30235,7.2,5.8,9.8
-45579.93363,7.5,8.8,9.1
-45580.69775,8.9,9.5,9.1
-45580.17738,3.5,8.7,10.1
-45580.03263,3.8,8.6,10.2
-45580.05718,4.0,8.4,10.1
-45580.96028,4.5,5.0,8.7
-45582.02457,4.8,5.1,8.8
-45580.99592,5.2,6.0,9.7
-45581.31014,5.7,6.1,9.8
-45581.62722,6.0,5.0,10.2
-45581.30794,6.3,6.2,9.8
-45581.25606,7.0,6.1,9.2
-45579.92836,8.5,9.9,10.1
-45579.93892,8.8,9.8,10.2
-45581.01108,9.2,8.9,9.1
-45583.06472,5.3,5.3,8.8
-45581.09936,6.6,6.3,9.7
-45583.75895,6.7,5.0,8.8
-45581.23567,7.1,5.2,10.1
-45580.26857,7.2,12.3,9.2
-45579.93427,7.8,8.9,9.2
-45580.26413,8.4,9.4,9.2
-45580.7113,9.1,9.7,9.2
-45581.00817,3.2,9.1,9.2
-45579.98705,4.6,9.2,9.2
-45580.08237,5.5,9.0,9.2
-45580.13738,5.6,12.8,9.7
-45580.54386,6.3,11.9,9.2
-45580.20436,6.8,12.6,9.7
-45580.39942,7.7,5.9,9.7
-45579.98088,3.3,10.2,10.1
-45580.2697,4.0,9.2,9.6
-45579.95774,5.2,12.9,9.6
-45581.4374,5.6,6.1,9.6
-45580.50985,5.7,5.2,10.5
-45580.67514,5.7,12.4,9.2
-45580.18611,6.1,11.8,9.7
-45581.48781,6.2,6.2,9.6
-45580.7106,6.3,5.1,10.5
-45579.91641,6.8,6.8,9.6
-45579.96565,6.9,9.3,9.2
-45581.50128,7.3,5.8,9.6
-45581.93173,7.6,5.4,8.8
-45579.95058,8.0,4.8,10.1
-45580.41061,8.2,4.9,8.8
-45579.98614,8.8,8.3,8.8
-45579.92885,9.2,7.2,9.7
-45580.60182,3.2,8.5,9.0
-45580.07572,3.3,6.8,9.9
-45580.75138,4.4,5.2,9.0
-45580.00201,5.5,8.4,9.0
-45580.668,5.6,6.3,9.9
-45583.97565,5.7,5.0,9.0
-45581.57322,6.0,6.1,9.4
-45580.10599,6.0,8.7,9.0
-45581.51198,6.2,6.0,9.9
-45579.91151,6.2,8.6,10.3
-45583.66925,6.3,5.3,9.0
-45580.41022,6.4,12.7,9.6
-45580.13578,7.1,12.4,9.6
-45580.09563,7.2,5.5,10.5
-45579.99889,8.3,9.6,9.9
-45580.64093,8.8,8.9,9.4
-45580.67135,3.6,9.2,9.4
-45580.14237,4.0,9.0,9.9
-45580.25914,4.2,9.1,9.4
-45579.97755,5.3,11.9,9.4
-45580.06249,5.8,12.6,9.9
-45580.0682,5.9,9.3,9.4
-45581.23077,6.1,5.2,10.3
-45580.22015,6.5,9.0,9.4
-45580.04834,6.6,12.8,9.9
-45580.53571,6.7,12.4,9.4
-45583.35987,7.2,4.9,9.0
-45581.96672,7.7,4.8,8.9
-45580.88807,3.3,9.3,9.3
-45579.96171,3.6,6.9,10.0
-45579.9165,4.7,9.0,9.3
-45580.13688,4.8,6.0,10.0
-45579.98932,5.0,12.7,9.3
-45579.97185,5.4,9.2,9.3
-45580.18946,5.6,11.8,9.3
-45580.01615,6.0,12.4,10.0
-45580.68963,6.1,12.8,9.3
-45580.78642,6.2,12.5,9.3
-45579.97433,6.3,12.9,10.0
-45580.11473,6.8,9.1,9.3
-45580.66098,7.0,5.0,10.4
-45580.0277,7.4,5.7,10.4
-45580.06828,8.6,9.7,10.0
-45580.04137,9.2,8.3,8.9
-45583.17635,5.2,5.1,8.9
-45580.40807,5.3,6.2,10.0
-45580.08152,5.9,6.8,10.0
-45583.74194,6.6,5.2,8.9
-45580.93961,6.7,6.1,10.0
-45580.79823,7.1,6.3,9.3
-45580.05018,7.3,12.1,9.3
-45580.31713,8.5,8.8,9.3
-45580.80611,3.6,9.2,9.0
-45580.22687,3.7,8.4,8.9
-45580.12082,4.2,9.1,9.0
-45582.21726,4.9,5.3,8.9
-45580.14934,6.5,9.0,9.0
-45580.20514,6.5,11.6,9.4
-45579.97873,7.3,6.4,10.3
-45580.81412,3.2,8.5,9.4
-45580.12692,3.7,10.1,9.9
-45580.52948,4.4,5.2,9.4
-45580.14702,5.6,6.3,10.3
-45579.93817,5.9,9.3,9.0
-45579.99599,6.1,5.1,10.8
-45582.58522,6.1,5.2,9.9
-45580.53759,6.2,6.0,10.3
-45580.09989,6.2,8.6,9.9
-45580.82111,6.7,12.4,9.0
-45582.92992,7.2,4.9,9.4
-45580.19302,7.9,5.6,9.9
-45580.05565,8.9,10.4,9.9
-45580.30409,9.2,9.8,9.9
-45580.23765,3.7,8.4,9.3
-45581.92389,4.9,5.3,9.3
-45582.8703,5.2,5.1,9.3
-45583.67248,5.7,5.0,9.4
-45579.98052,5.8,8.5,9.3
-45579.94987,5.9,6.8,10.4
-45580.24382,6.0,8.7,9.4
-45583.73624,6.3,5.3,9.4
-45583.84839,6.6,5.2,9.3
-45580.19446,6.7,6.1,10.4
-45579.98044,6.7,8.7,10.0
-45581.75679,7.0,5.0,10.0
-45579.95156,7.0,5.3,10.7
-45580.11433,7.1,6.3,8.9
-45580.24704,8.5,8.8,8.9
-45580.7174,8.8,8.9,9.0
-45579.9284,9.1,10.6,10.0
-45580.15494,3.2,10.0,10.0
-45580.91844,3.3,9.3,8.9
-45580.12994,5.0,12.7,8.9
-45580.0115,5.3,6.2,10.4
-45580.9748,6.1,12.8,8.9
-45580.96411,6.2,12.5,8.9
-45579.94118,6.8,9.1,8.9
-45580.1338,6.8,11.7,9.3
-45580.69463,7.4,5.7,10.0
-45581.69989,7.7,4.8,9.3
-45579.91236,8.1,5.4,10.0
-45580.00796,8.3,5.5,9.3
-45580.5177,9.2,8.3,9.3
-45579.93659,3.2,7.4,10.2
-45580.32604,3.8,8.6,9.8
-45581.07918,4.5,5.0,9.1
-45583.72636,5.6,5.2,9.1
-45580.01929,5.7,8.7,9.8
-45582.97855,6.0,5.0,9.8
-45584.16141,6.2,5.1,9.1
-45580.54113,6.3,6.2,10.2
-45580.00755,6.8,8.5,9.1
-45580.29044,8.8,9.8,9.8
-45580.28801,8.9,9.5,8.7
-45579.93219,3.4,10.9,9.8
-45580.31889,5.2,12.5,8.7
-45580.49811,5.7,6.1,10.2
-45580.66003,9.2,8.9,8.7
-45580.15731,3.6,10.3,9.8
-45580.46781,3.7,9.0,8.7
-45579.93063,4.1,9.2,10.2
-45580.05936,5.8,11.7,9.1
-45579.94696,6.7,11.5,9.8
-45580.5719,7.1,12.8,8.7
-45580.46891,7.2,5.8,10.2
-45582.55991,7.3,5.5,9.1
-45580.26263,3.2,10.2,9.5
-45580.72463,3.4,8.7,9.5
-45583.02196,7.0,5.2,9.5
-45580.41653,8.1,4.8,9.5
-45580.09007,3.7,10.3,9.6
-45580.03858,6.3,11.4,9.5
-45580.03282,6.6,11.5,9.6
-45580.26071,3.9,8.6,9.6
-45579.9861,5.6,8.7,9.6
-45580.03809,6.0,6.3,10.5
-45583.55738,6.1,5.0,9.6
-45579.92365,6.3,7.7,10.5
-45580.06932,7.7,5.9,10.1
-45579.93492,8.9,7.0,10.1
-45580.46857,8.9,9.8,9.6
-45580.15138,9.2,10.4,9.6
-45580.79389,3.2,9.1,8.8
-45580.66551,5.7,12.4,8.8
-45580.10188,6.0,11.5,9.2
-45580.00381,6.2,11.4,9.7
-45580.42762,8.2,4.9,9.2
-45579.98799,9.2,7.2,10.1
-45580.29268,3.3,10.2,9.7
-45580.52575,3.5,8.7,9.7
-45579.93636,4.0,8.4,9.7
-45581.86939,4.8,5.1,9.2
-45580.01158,6.4,6.9,10.1
-45580.52423,6.6,6.3,10.1
-45580.17608,7.0,6.1,8.8
-45581.87098,7.6,5.4,9.2
-45580.40708,8.0,4.8,9.7
-45580.11941,8.5,9.9,9.7
-45580.1182,8.8,8.3,9.2
-45579.92679,3.7,7.5,10.1
-45580.08693,4.2,8.5,9.2
-45580.02632,4.9,6.2,10.1
-45580.39687,5.2,6.0,10.1
-45583.06897,5.3,5.3,9.2
-45580.02778,5.4,6.6,9.6
-45580.71121,6.1,6.5,9.6
-45583.99974,6.7,5.0,9.2
-45580.23448,6.9,5.6,10.5
-45580.03349,7.0,8.7,9.2
-45582.35388,7.1,5.2,9.7
-45580.27169,7.2,12.3,8.8
-45580.51651,8.9,9.3,9.6
-45580.35387,9.1,9.7,8.8
-45580.67859,9.2,9.1,9.6
-45579.91035,3.3,6.7,9.6
-45580.48377,3.7,8.8,9.6
-45580.01003,4.3,9.5,9.6
-45580.58273,4.9,4.9,10.1
-45580.00734,5.2,12.3,9.6
-45580.106,5.8,8.9,9.6
-45580.76282,6.0,4.8,10.5
-45580.00957,6.4,9.4,9.6
-45580.28353,6.6,12.0,9.6
-45581.4976,7.1,5.9,9.7
-45580.05918,7.1,13.0,9.6
-45580.30892,7.2,12.9,9.2
-45580.06532,3.7,8.0,10.1
-45579.92657,4.3,8.3,10.1
-45580.8217,5.2,5.5,10.1
-45581.98122,5.3,5.8,9.2
-45580.05072,5.8,6.7,9.7
-45579.99377,6.4,8.2,10.1
-45582.91793,7.0,5.4,8.8
-45580.58494,3.3,8.9,9.7
-45580.38627,3.8,9.6,9.2
-45579.95519,5.1,8.8,9.2
-45580.58496,5.7,13.0,9.2
-45579.92892,5.8,8.1,10.1
-45580.50047,6.5,5.7,8.8
-45581.94899,6.6,4.8,10.1
-45579.94636,7.3,12.5,9.7
-45580.39562,7.6,6.1,9.2
-45580.21835,8.5,9.2,9.7
-45580.15599,5.6,12.2,9.7
-45580.61292,6.0,12.0,9.2
-45580.17502,6.1,13.2,9.7
-45580.2962,6.2,12.1,9.7
-45580.33634,7.7,5.2,10.1
-45580.67715,8.1,5.0,8.8
-45580.16412,8.9,8.5,10.1
-45580.09958,9.2,7.9,10.1
-45579.9554,5.3,12.3,9.8
-45580.04823,5.9,8.9,9.8
-45579.92754,6.5,9.4,9.8
-45580.10961,6.7,12.0,9.8
-45580.40883,7.1,12.2,9.1
-45580.797,7.2,5.3,10.2
-45581.30272,7.3,6.0,9.1
-45579.97835,8.4,8.4,10.2
-45580.10365,9.1,8.7,10.2
-45580.08611,3.2,6.7,9.8
-45580.57421,3.5,9.7,9.1
-45580.40722,3.6,8.8,9.8
-45580.26652,4.0,9.4,9.1
-45580.02785,4.2,9.5,9.8
-45580.27122,5.2,13.1,9.1
-45581.19022,5.7,5.4,10.2
-45580.62486,6.6,13.2,9.1
-45579.92586,6.9,8.3,10.2
-45579.94806,7.0,13.0,9.8
-45580.06084,3.2,8.1,10.2
-45580.67417,4.7,5.7,8.7
-45582.97042,6.1,4.8,8.7
-45581.70996,6.3,4.9,10.2
-45581.24858,6.8,5.6,8.7
-45580.33295,8.8,9.3,9.8
-45580.80918,3.2,8.9,9.5
-45579.92915,5.5,6.6,9.8
-45579.97986,5.5,8.8,9.5
-45581.59143,5.6,5.9,9.1
-45580.35081,5.7,12.2,9.5
-45580.10522,5.9,6.7,9.5
-45580.66629,6.0,6.5,9.8
-45580.35233,6.0,13.2,9.5
-45580.71636,6.1,12.2,9.3
-45580.48326,6.3,12.1,9.5
-45580.14667,6.4,5.7,10.6
-45581.88943,7.0,5.9,9.5
-45580.03189,7.1,5.4,10.6
-45580.13255,7.2,12.5,9.5
-45579.94001,7.8,9.1,9.5
-45580.27223,8.4,9.2,9.5
-45580.24968,3.2,9.5,10.0
-45580.409,3.3,9.8,8.9
-45580.39359,5.6,13.2,9.3
-45579.93888,5.7,12.0,10.0
-45579.93879,6.0,13.0,10.0
-45580.58374,6.2,13.1,9.3
-45580.03071,6.3,12.3,10.0
-45579.91955,6.9,8.9,10.0
-45580.03453,7.6,5.0,10.4
-45580.92788,8.0,5.2,8.9
-45580.10521,8.3,8.6,8.9
-45581.08126,4.9,5.8,9.3
-45580.51667,5.3,4.9,10.4
-45582.01064,5.8,5.6,8.9
-45579.91098,5.9,8.3,10.4
-45579.93118,6.5,8.0,10.4
-45580.68441,6.7,5.4,10.4
-45580.10813,7.0,6.5,10.0
-45583.47291,7.1,4.8,8.9
-45580.06537,8.4,9.0,10.0
-45579.98449,3.3,8.3,10.3
-45580.11525,5.0,5.7,10.3
-45580.51037,5.2,6.4,9.3
-45580.46583,5.7,6.5,9.4
-45582.59697,6.3,5.8,9.4
-45580.33622,6.5,6.6,10.0
-45582.08423,6.6,5.9,9.3
-45579.93689,6.8,6.7,9.9
-45580.35003,9.2,9.3,9.9
-45580.24217,3.7,9.4,9.9
-45580.1921,4.1,8.8,9.4
-45580.00445,4.3,8.9,9.9
-45582.24101,5.5,5.7,9.0
-45581.09128,5.6,4.8,10.3
-45583.30564,6.0,5.4,9.0
-45581.68156,6.1,5.9,9.9
-45581.01262,6.2,5.5,10.3
-45580.44771,6.7,13.0,9.4
-45579.9183,6.8,8.1,10.3
-45580.82108,7.2,6.2,9.4
-45580.01196,7.4,12.7,9.4
-45580.30358,8.9,9.1,9.9
-45580.83293,3.3,8.6,9.1
-45580.50863,4.6,5.0,9.8
-45582.51303,5.0,5.2,9.1
-45580.02874,5.4,6.1,8.7
-45579.98098,6.0,6.9,10.2
-45580.05943,6.4,8.8,9.9
-45580.08169,6.6,12.2,9.9
-45580.21332,7.0,12.0,9.4
-45580.53386,7.3,5.1,10.3
-45580.12209,7.5,13.0,8.7
-45580.38451,8.6,8.7,9.0
-45579.95221,8.8,10.7,9.8
-45580.41651,9.2,9.6,8.7
-45580.08025,3.4,9.0,10.2
-45580.1229,5.1,6.1,10.2
-45580.04684,5.4,8.7,9.1
-45582.31287,5.5,5.2,9.8
-45580.11134,6.3,8.5,9.8
-45582.48051,6.9,5.1,9.8
-45579.9142,9.1,7.3,10.2
-45579.96047,4.9,12.6,8.7
-45580.83557,5.8,12.9,8.7
-45580.00053,6.4,11.5,9.1
-45580.27686,7.3,7.2,8.7
-45579.99912,7.9,5.8,8.7
-45580.08374,4.2,5.1,9.5
-45579.98543,5.8,6.0,10.6
-45579.95759,6.4,6.3,10.6
-45583.7246,6.5,5.0,9.5
-45580.86394,6.6,12.7,8.7
-45580.50532,7.8,5.5,9.8
-45579.97635,8.6,8.2,9.8
-45579.97105,9.1,10.5,9.5
-45580.0763,5.7,11.6,9.5
-45583.46696,5.9,5.3,9.5
-45581.96813,7.4,5.4,9.5
-45580.53962,7.9,5.5,9.6
-45580.10982,8.1,5.7,9.5
-45579.9429,8.7,8.2,9.6
-45581.02744,4.7,5.0,9.6
-45582.66249,5.4,5.2,9.6
-45580.0075,5.5,6.1,10.5
-45580.16833,6.2,8.5,9.6
-45579.927,6.3,6.8,10.5
-45583.16716,6.8,5.1,9.6
-45580.00738,6.9,6.2,10.5
-45580.15001,5.1,12.4,8.8
-45580.95097,6.3,12.6,8.8
-45581.33065,7.5,5.4,9.7
-45580.16605,8.0,5.7,9.7
-45580.0617,8.2,5.6,9.2
-45580.05969,3.9,9.1,10.1
-45580.70103,5.5,12.8,8.8
-45579.94894,5.6,11.6,9.7
-45582.92121,5.8,5.3,9.7
-45580.07574,5.9,8.6,9.2
-45583.29323,6.4,5.0,9.7
-45579.94507,6.6,8.4,9.7
-45581.24465,7.4,5.9,8.8
-45580.05899,8.7,9.4,10.1
-45580.00106,3.5,7.8,9.7
-45580.689,3.6,8.7,9.2
-45580.05837,4.1,5.0,9.2
-45580.0864,4.3,5.1,9.7
-45580.34047,5.3,7.4,8.8
-45580.43912,5.3,12.6,9.0
-45580.10984,9.0,10.5,9.7
-45580.80229,9.1,8.8,8.8
-45580.32991,3.4,10.1,9.4
-45579.9661,3.5,9.2,10.3
-45580.9161,6.5,12.8,9.0
-45579.97302,6.6,11.6,9.9
-45582.34579,7.2,5.6,9.4
-45580.34245,7.9,4.9,9.9
-45580.01138,8.7,8.0,9.9
-45580.37734,9.1,8.2,9.4
-45579.96014,5.0,6.3,10.3
-45581.93302,5.4,5.0,9.9
-45580.01564,5.9,11.4,9.4
-45582.18539,6.8,5.3,9.9
-45579.91431,6.9,8.6,9.4
-45580.01788,8.1,8.8,9.0
-45580.36708,8.8,9.6,9.0
-45579.95479,9.2,10.7,9.9
-45580.30063,3.4,8.4,10.0
-45580.21175,3.9,8.5,9.9
-45580.51965,4.7,5.2,9.9
-45582.48366,5.1,5.0,9.4
-45580.22407,5.5,6.3,9.0
-45579.91516,5.9,7.7,10.4
-45580.91179,6.9,6.0,9.0
-45580.20346,7.4,13.2,9.0
-45580.07386,4.1,8.7,10.0
-45580.00985,4.3,8.6,9.3
-45582.20266,5.9,5.1,10.0
-45580.14475,5.9,5.2,10.7
-45580.22841,6.4,8.7,9.3
-45579.9596,7.1,8.4,9.3
-45580.16518,9.1,9.9,10.0
-45580.77314,5.6,12.7,8.9
-45580.24187,6.1,11.6,9.3
-45579.97291,6.3,11.7,10.0
-45580.19098,6.5,5.1,10.7
-45582.18634,6.5,5.2,10.0
-45580.78644,6.8,12.9,8.9
-45580.79522,9.0,9.4,8.9
-45580.40037,3.9,9.5,9.3
-45580.11698,6.1,9.0,8.9
-45581.10052,7.4,4.8,10.0
-45580.0224,7.4,6.3,10.0
-45581.00299,7.7,5.7,9.3
-45579.96439,4.5,8.8,9.3
-45580.01232,5.0,13.2,9.3
-45580.21193,5.4,12.0,9.3
-45579.91013,5.6,9.4,9.3
-45580.26068,6.2,8.9,9.3
-45580.55318,6.8,12.3,9.3
-45580.09294,4.3,5.5,8.9
-45579.91337,5.9,5.9,10.7
-45580.56889,5.9,6.4,10.0
-45580.00498,6.0,8.8,10.0
-45581.36573,6.5,5.9,10.0
-45579.92459,6.6,6.6,9.3
-45582.6036,7.5,5.0,8.9
-45579.95929,3.3,6.4,9.9
-45580.04098,3.4,7.1,10.0
-45580.18808,4.7,5.9,9.9
-45580.37831,5.0,4.8,10.3
-45580.09128,5.1,6.5,9.4
-45580.24595,5.3,5.6,10.4
-45583.70093,5.5,4.8,9.0
-45580.61166,5.6,5.7,10.3
-45583.89036,5.8,4.9,8.9
-45579.95578,6.1,8.0,10.3
-45582.93706,6.4,5.4,8.9
-45582.9768,6.9,5.5,9.0
-45581.9907,7.1,5.7,8.9
-45580.20009,8.2,9.1,9.4
-45580.6208,8.7,9.0,9.3
-45580.24458,9.1,9.2,10.0
-45580.04379,3.8,8.3,9.0
-45581.16707,4.6,5.4,9.0
-45579.98008,5.4,6.5,9.9
-45580.51506,5.9,12.1,9.4
-45580.45169,6.1,6.6,9.9
-45580.58696,6.5,12.2,9.4
-45580.17624,6.7,8.8,9.4
-45581.57328,6.8,5.8,9.9
-45580.0687,7.2,8.5,9.0
-45581.60171,7.8,5.1,9.0
-45579.96725,8.4,5.2,9.0
-45579.92978,8.5,8.7,10.3
-45579.97735,9.0,8.4,10.3
-45580.75426,3.4,9.4,9.4
-45579.96172,4.1,9.7,9.4
-45579.93354,4.3,9.6,9.9
-45581.69593,5.4,5.9,9.6
-45580.29376,5.5,5.4,10.5
-45580.32415,6.0,5.7,10.5
-45580.03947,6.4,13.0,9.9
-45580.60866,6.8,6.4,9.6
-45580.52424,6.9,4.9,10.5
-45579.96305,8.0,9.2,9.6
-45580.42771,3.7,9.7,9.6
-45580.24214,5.8,13.1,9.6
-45581.96875,5.9,5.5,8.8
-45580.26869,6.4,13.2,9.6
-45579.94488,7.2,9.1,9.2
-45580.55772,8.6,9.2,9.2
-45580.50879,9.0,9.0,9.7
-45580.23533,4.2,4.9,8.8
-45580.36668,4.9,5.6,10.1
-45579.95135,5.3,6.7,9.2
-45580.45141,5.5,12.2,9.2
-45582.18292,5.8,5.8,9.7
-45580.72604,6.4,6.5,9.7
-45583.37691,6.5,4.8,8.8
-45581.31277,6.6,5.7,10.1
-45579.93815,8.7,10.1,10.1
-45580.49845,3.3,9.6,9.7
-45580.59439,3.8,8.9,9.2
-45580.13693,5.1,13.0,9.2
-45580.13789,5.7,8.8,9.2
-45579.9761,6.1,9.4,9.7
-45580.48657,6.9,12.1,9.2
-45582.74837,7.4,5.2,8.8
-45580.24522,7.5,6.1,9.7
-45580.85935,3.5,8.8,9.1
-45580.33444,3.6,9.7,9.8
-45579.98794,5.4,13.0,9.7
-45580.07699,5.9,13.1,9.8
-45580.06993,6.5,13.2,9.8
-45580.06476,7.8,6.0,9.8
-45580.223,9.2,8.6,10.1
-45579.93799,5.2,8.9,9.1
-45580.76808,5.8,12.3,9.1
-45580.60357,6.4,12.0,9.1
-45579.92396,6.6,9.4,9.1
-45579.91445,7.0,8.8,9.8
-45580.99797,7.9,5.3,8.7
-45580.0489,8.7,8.4,8.7
-45579.98455,9.1,7.8,10.2
-45581.64344,4.7,4.8,8.7
-45580.53182,5.1,5.4,10.2
-45582.69138,5.4,5.4,8.7
-45581.47387,5.5,5.9,9.8
-45580.43222,6.9,6.4,9.8
-45579.94384,8.1,9.2,9.8
-45580.69951,3.2,9.6,9.5
-45581.20564,5.0,5.9,9.1
-45579.95908,5.1,12.2,9.5
-45580.21954,5.5,13.0,9.5
-45580.19149,5.8,5.5,10.6
-45582.54435,5.9,5.8,9.5
-45579.98371,6.0,8.2,10.2
-45580.01296,6.0,9.4,9.5
-45581.21426,6.3,5.6,10.2
-45580.50828,6.4,4.8,10.6
-45580.48663,6.5,6.5,9.5
-45583.44382,6.8,4.9,8.7
-45580.20549,7.0,6.6,9.5
-45580.56914,7.4,6.1,9.5
-45579.98232,7.5,12.4,9.1
-45580.16147,8.3,9.3,9.1
-45580.73322,9.1,9.0,9.5
-45580.12578,3.3,9.6,10.1
-45579.97571,3.5,7.3,10.1
-45580.39368,3.8,8.9,8.8
-45580.28312,5.1,13.0,8.8
-45580.35295,5.5,12.2,8.8
-45579.95884,5.7,8.8,8.8
-45580.16197,6.9,12.1,8.8
-45582.60508,7.4,5.2,9.2
-45580.12327,7.5,6.1,10.1
-45580.0682,8.2,8.5,9.2
-45580.59784,9.2,8.6,9.7
-45581.145,5.8,5.8,10.1
-45583.3189,5.9,5.5,9.2
-45584.08782,6.5,4.8,9.2
-45582.42902,6.6,5.7,9.7
-45580.28864,8.6,9.2,8.8
-45580.15433,9.0,9.0,10.1
-45580.05355,3.5,10.5,9.6
-45580.26766,4.2,4.9,9.2
-45581.02606,4.9,5.6,9.7
-45580.35865,6.4,6.5,10.1
-45579.94087,6.4,11.3,9.6
-45579.91429,7.1,6.6,10.1
-45580.1957,8.7,10.1,9.7
-45579.92078,4.1,4.8,9.5
-45580.28215,4.5,5.7,9.6
-45581.10399,4.8,5.6,9.5
-45581.60006,5.0,5.4,9.6
-45579.94375,5.7,6.6,10.5
-45582.95649,6.2,5.6,9.6
-45582.69721,6.7,5.7,9.5
-45580.01876,4.4,5.7,9.8
-45581.67488,4.7,4.8,9.1
-45581.03058,5.0,5.9,8.7
-45581.40398,5.1,5.4,9.8
-45583.15549,5.4,5.4,9.1
-45580.5762,5.5,5.9,10.2
-45582.15618,6.1,5.7,9.1
-45582.47844,6.3,5.6,9.8
-45579.94239,6.3,7.0,10.2
-45583.94808,6.8,4.9,9.1
-45580.16441,6.9,6.4,10.2
-45580.09672,3.4,10.5,9.8
-45580.61848,3.5,8.8,8.7
-45579.96626,3.6,9.7,10.2
-45579.91134,6.5,11.3,9.8
-45579.91636,7.8,6.0,10.2
-45581.14102,7.9,5.3,9.1
-45580.22061,8.7,8.4,9.1
-45580.218,9.1,7.8,9.8
-45580.09863,3.5,8.2,9.3
-45580.29406,5.8,12.3,8.7
-45580.08766,5.9,6.4,10.4
-45579.93014,8.6,10.3,10.0
-45580.23353,4.3,5.5,9.3
-45581.11316,5.3,5.6,10.0
-45583.94455,5.8,4.9,9.3
-45583.63717,6.4,5.4,9.3
-45580.38141,6.5,5.9,10.4
-45579.97116,6.7,5.6,10.7
-45582.40247,7.1,5.7,9.3
-45580.57352,8.7,9.0,8.9
-45580.17828,9.0,10.1,9.3
-45579.91504,9.1,9.2,10.4
-45579.99498,3.9,9.5,8.9
-45580.16428,5.0,13.2,8.9
-45580.67013,6.8,12.3,8.9
-45579.93085,7.4,6.3,10.4
-45580.22793,8.8,8.6,10.0
-45580.24107,3.5,9.9,9.9
-45580.07748,3.8,9.8,10.0
-45579.99078,5.4,12.0,8.9
-45580.12771,6.2,8.9,8.9
-45580.73319,6.5,12.2,9.0
-45582.28265,7.5,5.0,9.3
-45581.23101,7.8,5.1,9.4
-45580.17063,8.5,8.7,9.9
-45580.38103,9.0,8.4,9.9
-45580.61084,5.9,12.1,9.0
-45580.10717,6.7,8.8,9.0
-45579.9201,8.4,5.2,9.4
-45580.87814,3.4,9.4,9.0
-45580.0044,5.4,6.5,10.3
-45583.40184,5.5,4.8,9.4
-45581.64498,5.6,5.7,9.9
-45580.10944,6.1,6.6,10.3
-45583.00719,6.9,5.5,9.4
-45580.02879,8.2,9.1,9.0
-45580.18076,3.3,7.7,9.9
-45579.99015,3.8,8.3,9.4
-45580.89309,4.6,5.4,9.4
-45581.17616,5.0,4.8,9.9
-45580.83389,5.4,5.0,10.3
-45579.91738,5.6,8.4,10.3
-45579.94652,6.2,7.9,10.3
-45580.95115,6.8,5.3,10.3
-45580.56979,6.8,5.8,10.3
-45580.02952,6.9,8.6,9.0
-45579.94926,8.1,8.8,9.4
-45580.0595,8.3,8.9,9.9
-45580.53437,8.8,9.6,9.4
-45579.91766,8.9,10.8,9.9
-45579.94035,3.9,8.5,10.3
-45580.01531,4.6,8.7,9.0
-45579.96016,4.7,5.2,10.3
-45582.95194,5.1,5.0,9.0
-45580.86586,5.5,6.3,9.4
-45579.94227,5.7,6.9,9.4
-45580.1263,6.4,12.4,9.9
-45581.68836,6.9,6.0,9.4
-45582.47763,7.2,5.6,9.0
-45580.00227,7.4,13.2,9.4
-45580.31181,3.5,9.2,9.9
-45580.21146,5.3,12.6,9.4
-45580.02088,5.8,11.9,9.9
-45580.56699,6.5,12.8,9.4
-45579.97766,6.6,9.0,9.9
-45579.96351,7.0,9.2,9.4
-45580.14009,3.8,9.3,10.0
-45579.93396,4.4,9.0,10.0
-45580.52273,6.8,12.9,9.3
-45581.02623,7.7,5.7,8.9
-45580.00153,9.0,7.1,9.9
-45580.04311,4.3,8.6,8.9
-45580.50782,5.6,12.7,9.3
-45580.2375,6.1,9.0,9.3
-45579.91965,6.3,9.1,10.0
-45580.27788,7.4,4.8,10.4
-45580.00568,3.6,7.6,10.0
-45580.93471,5.8,6.2,9.3
-45580.91936,5.9,5.1,10.4
-45581.24062,6.4,6.1,9.3
-45580.05553,6.4,8.7,8.9
-45580.89641,6.5,5.2,10.4
-45579.98958,8.5,9.7,9.3
-45580.15101,8.6,8.8,10.0
-45580.7753,9.0,9.4,9.3
-45580.47488,3.8,9.1,9.5
-45580.07192,4.4,9.2,9.5
-45579.96949,5.1,12.8,9.5
-45580.27489,5.5,12.4,9.5
-45580.10037,5.7,9.0,9.5
-45580.49981,6.0,12.7,9.5
-45580.09302,6.3,9.3,9.5
-45580.17028,6.9,11.9,9.5
-45579.94753,4.9,12.6,9.1
-45580.73808,5.8,12.9,9.1
-45580.18782,7.9,5.8,9.1
-45580.40566,8.6,9.4,9.5
-45580.44475,3.4,9.0,9.8
-45580.11055,6.5,11.8,9.8
-45580.84795,6.6,12.7,9.1
-45579.95887,7.1,9.0,9.1
-45580.00186,7.8,5.5,10.2
-45579.99401,8.6,8.2,10.2
-45580.00626,9.1,7.3,9.8
-45580.37886,3.3,8.6,8.7
-45579.95631,3.8,7.9,10.2
-45579.92706,4.4,8.4,10.2
-45579.99749,4.6,5.0,10.2
-45582.50535,5.0,5.2,8.7
-45580.49453,5.1,6.1,9.8
-45581.16561,5.4,6.1,9.1
-45581.12289,5.5,5.2,10.2
-45579.95498,5.9,8.6,8.8
-45580.19004,5.9,12.5,9.8
-45579.9201,6.0,6.9,9.8
-45579.98698,6.3,8.5,10.2
-45581.99696,6.4,5.0,10.1
-45579.94444,6.7,9.2,9.8
-45580.44923,6.8,6.2,9.1
-45581.25043,6.9,5.1,10.2
-45580.07591,7.5,13.0,9.1
-45579.97607,8.2,9.5,9.8
-45580.93305,9.1,8.8,9.2
-45580.83442,9.2,9.6,9.1
-45580.05613,3.5,7.8,10.1
-45580.51723,3.6,8.7,8.8
-45580.00566,4.1,5.0,8.8
-45581.6564,5.8,5.3,10.1
-45581.30735,5.9,6.0,9.2
-45579.9941,6.6,8.4,10.1
-45580.34477,8.7,9.4,9.7
-45580.07749,5.4,12.4,9.7
-45580.5032,5.5,12.8,9.2
-45579.95095,5.6,9.0,9.7
-45580.12523,6.0,9.2,9.2
-45580.30198,6.1,12.7,9.7
-45580.01846,6.2,9.3,9.7
-45580.87396,6.3,12.6,9.2
-45579.99417,6.5,6.3,9.2
-45580.10701,6.8,11.9,9.7
-45580.5589,7.5,5.4,10.1
-45579.97479,8.3,8.3,10.1
-45580.27449,3.9,9.1,9.7
-45579.92093,4.5,9.2,9.7
-45580.35284,5.0,6.1,9.6
-45580.0972,5.1,12.4,9.2
-45581.28331,7.4,5.9,9.2
-45580.11096,8.3,9.5,9.6
-45580.58217,3.5,9.0,9.6
-45580.05718,5.1,5.2,10.5
-45580.35486,5.8,12.5,9.6
-45580.24709,6.4,11.8,9.6
-45580.02408,6.6,9.2,9.6
